date,district,cases,month,month_sin,month_cos,lag_1,lag_2,lag_3,roll_mean_3,target
2010-04-01,Ampara,19.0,4,0.8660254037844387,-0.4999999999999998,25.0,13.0,12.0,16.666666666666668,9.0
2010-05-01,Ampara,9.0,5,0.49999999999999994,-0.8660254037844387,19.0,25.0,13.0,19.0,6.0
2010-06-01,Ampara,6.0,6,1.2246467991473532e-16,-1.0,9.0,19.0,25.0,17.666666666666668,30.0
2010-07-01,Ampara,30.0,7,-0.4999999999999997,-0.8660254037844388,6.0,9.0,19.0,11.333333333333334,21.0
2010-08-01,Ampara,21.0,8,-0.8660254037844385,-0.5000000000000004,30.0,6.0,9.0,15.0,19.0
2010-09-01,Ampara,19.0,9,-1.0,-1.8369701987210297e-16,21.0,30.0,6.0,19.0,5.0
2010-10-01,Ampara,5.0,10,-0.8660254037844386,0.5000000000000001,19.0,21.0,30.0,23.333333333333332,1.0
2010-11-01,Ampara,1.0,11,-0.5000000000000004,0.8660254037844384,5.0,19.0,21.0,15.0,8.0
2010-12-01,Ampara,8.0,12,-2.4492935982947064e-16,1.0,1.0,5.0,19.0,8.333333333333334,12.0
2011-01-01,Ampara,12.0,1,0.49999999999999994,0.8660254037844387,8.0,1.0,5.0,4.666666666666667,6.0
2011-02-01,Ampara,6.0,2,0.8660254037844386,0.5000000000000001,12.0,8.0,1.0,7.0,2.0
2011-03-01,Ampara,2.0,3,1.0,6.123233995736766e-17,6.0,12.0,8.0,8.666666666666666,20.0
2011-04-01,Ampara,20.0,4,0.8660254037844387,-0.4999999999999998,2.0,6.0,12.0,6.666666666666667,10.0
2011-05-01,Ampara,10.0,5,0.49999999999999994,-0.8660254037844387,20.0,2.0,6.0,9.333333333333334,29.0
2011-06-01,Ampara,29.0,6,1.2246467991473532e-16,-1.0,10.0,20.0,2.0,10.666666666666666,20.0
2011-07-01,Ampara,20.0,7,-0.4999999999999997,-0.8660254037844388,29.0,10.0,20.0,19.666666666666668,11.0
2011-08-01,Ampara,11.0,8,-0.8660254037844385,-0.5000000000000004,20.0,29.0,10.0,19.666666666666668,24.0
2011-09-01,Ampara,24.0,9,-1.0,-1.8369701987210297e-16,11.0,20.0,29.0,20.0,13.0
2011-10-01,Ampara,13.0,10,-0.8660254037844386,0.5000000000000001,24.0,11.0,20.0,18.333333333333332,16.0
2011-11-01,Ampara,16.0,11,-0.5000000000000004,0.8660254037844384,13.0,24.0,11.0,16.0,33.0
2011-12-01,Ampara,33.0,12,-2.4492935982947064e-16,1.0,16.0,13.0,24.0,17.666666666666668,18.0
2012-01-01,Ampara,18.0,1,0.49999999999999994,0.8660254037844387,33.0,16.0,13.0,20.666666666666668,6.0
2012-02-01,Ampara,6.0,2,0.8660254037844386,0.5000000000000001,18.0,33.0,16.0,22.333333333333332,4.0
2012-03-01,Ampara,4.0,3,1.0,6.123233995736766e-17,6.0,18.0,33.0,19.0,9.0
2012-04-01,Ampara,9.0,4,0.8660254037844387,-0.4999999999999998,4.0,6.0,18.0,9.333333333333334,21.0
2012-05-01,Ampara,21.0,5,0.49999999999999994,-0.8660254037844387,9.0,4.0,6.0,6.333333333333333,15.0
2012-06-01,Ampara,15.0,6,1.2246467991473532e-16,-1.0,21.0,9.0,4.0,11.333333333333334,29.0
2012-07-01,Ampara,29.0,7,-0.4999999999999997,-0.8660254037844388,15.0,21.0,9.0,15.0,13.0
2012-08-01,Ampara,13.0,8,-0.8660254037844385,-0.5000000000000004,29.0,15.0,21.0,21.666666666666668,9.0
2012-09-01,Ampara,9.0,9,-1.0,-1.8369701987210297e-16,13.0,29.0,15.0,19.0,11.0
2012-10-01,Ampara,11.0,10,-0.8660254037844386,0.5000000000000001,9.0,13.0,29.0,17.0,14.0
2012-11-01,Ampara,14.0,11,-0.5000000000000004,0.8660254037844384,11.0,9.0,13.0,11.0,6.0
2012-12-01,Ampara,6.0,12,-2.4492935982947064e-16,1.0,14.0,11.0,9.0,11.333333333333334,14.0
2013-01-01,Ampara,14.0,1,0.49999999999999994,0.8660254037844387,6.0,14.0,11.0,10.333333333333334,17.0
2013-02-01,Ampara,17.0,2,0.8660254037844386,0.5000000000000001,14.0,6.0,14.0,11.333333333333334,20.0
2013-03-01,Ampara,20.0,3,1.0,6.123233995736766e-17,17.0,14.0,6.0,12.333333333333334,7.0
2013-04-01,Ampara,7.0,4,0.8660254037844387,-0.4999999999999998,20.0,17.0,14.0,17.0,11.0
2013-05-01,Ampara,11.0,5,0.49999999999999994,-0.8660254037844387,7.0,20.0,17.0,14.666666666666666,15.0
2013-06-01,Ampara,15.0,6,1.2246467991473532e-16,-1.0,11.0,7.0,20.0,12.666666666666666,26.0
2013-07-01,Ampara,26.0,7,-0.4999999999999997,-0.8660254037844388,15.0,11.0,7.0,11.0,26.0
2013-08-01,Ampara,26.0,8,-0.8660254037844385,-0.5000000000000004,26.0,15.0,11.0,17.333333333333332,25.0
2013-09-01,Ampara,25.0,9,-1.0,-1.8369701987210297e-16,26.0,26.0,15.0,22.333333333333332,18.0
2013-10-01,Ampara,18.0,10,-0.8660254037844386,0.5000000000000001,25.0,26.0,26.0,25.666666666666668,28.0
2013-11-01,Ampara,28.0,11,-0.5000000000000004,0.8660254037844384,18.0,25.0,26.0,23.0,35.0
2013-12-01,Ampara,35.0,12,-2.4492935982947064e-16,1.0,28.0,18.0,25.0,23.666666666666668,22.0
2014-01-01,Ampara,22.0,1,0.49999999999999994,0.8660254037844387,35.0,28.0,18.0,27.0,16.0
2014-02-01,Ampara,16.0,2,0.8660254037844386,0.5000000000000001,22.0,35.0,28.0,28.333333333333332,7.0
2014-03-01,Ampara,7.0,3,1.0,6.123233995736766e-17,16.0,22.0,35.0,24.333333333333332,13.0
2014-04-01,Ampara,13.0,4,0.8660254037844387,-0.4999999999999998,7.0,16.0,22.0,15.0,9.0
2014-05-01,Ampara,9.0,5,0.49999999999999994,-0.8660254037844387,13.0,7.0,16.0,12.0,21.0
2014-06-01,Ampara,21.0,6,1.2246467991473532e-16,-1.0,9.0,13.0,7.0,9.666666666666666,17.0
2014-07-01,Ampara,17.0,7,-0.4999999999999997,-0.8660254037844388,21.0,9.0,13.0,14.333333333333334,19.0
2014-08-01,Ampara,19.0,8,-0.8660254037844385,-0.5000000000000004,17.0,21.0,9.0,15.666666666666666,3.0
2014-09-01,Ampara,3.0,9,-1.0,-1.8369701987210297e-16,19.0,17.0,21.0,19.0,10.0
2014-10-01,Ampara,10.0,10,-0.8660254037844386,0.5000000000000001,3.0,19.0,17.0,13.0,15.0
2014-11-01,Ampara,15.0,11,-0.5000000000000004,0.8660254037844384,10.0,3.0,19.0,10.666666666666666,6.0
2014-12-01,Ampara,6.0,12,-2.4492935982947064e-16,1.0,15.0,10.0,3.0,9.333333333333334,10.0
2015-01-01,Ampara,10.0,1,0.49999999999999994,0.8660254037844387,6.0,15.0,10.0,10.333333333333334,5.0
2015-02-01,Ampara,5.0,2,0.8660254037844386,0.5000000000000001,10.0,6.0,15.0,10.333333333333334,6.0
2015-03-01,Ampara,6.0,3,1.0,6.123233995736766e-17,5.0,10.0,6.0,7.0,0.0
2015-04-01,Ampara,0.0,4,0.8660254037844387,-0.4999999999999998,6.0,5.0,10.0,7.0,5.0
2015-05-01,Ampara,5.0,5,0.49999999999999994,-0.8660254037844387,0.0,6.0,5.0,3.6666666666666665,9.0
2015-06-01,Ampara,9.0,6,1.2246467991473532e-16,-1.0,5.0,0.0,6.0,3.6666666666666665,4.0
2015-07-01,Ampara,4.0,7,-0.4999999999999997,-0.8660254037844388,9.0,5.0,0.0,4.666666666666667,6.0
2015-08-01,Ampara,6.0,8,-0.8660254037844385,-0.5000000000000004,4.0,9.0,5.0,6.0,5.0
2015-09-01,Ampara,5.0,9,-1.0,-1.8369701987210297e-16,6.0,4.0,9.0,6.333333333333333,3.0
2015-10-01,Ampara,3.0,10,-0.8660254037844386,0.5000000000000001,5.0,6.0,4.0,5.0,3.0
2015-11-01,Ampara,3.0,11,-0.5000000000000004,0.8660254037844384,3.0,5.0,6.0,4.666666666666667,11.0
2015-12-01,Ampara,11.0,12,-2.4492935982947064e-16,1.0,3.0,3.0,5.0,3.6666666666666665,38.0
2016-01-01,Ampara,38.0,1,0.49999999999999994,0.8660254037844387,11.0,3.0,3.0,5.666666666666667,19.0
2016-02-01,Ampara,19.0,2,0.8660254037844386,0.5000000000000001,38.0,11.0,3.0,17.333333333333332,18.0
2016-03-01,Ampara,18.0,3,1.0,6.123233995736766e-17,19.0,38.0,11.0,22.666666666666668,18.0
2016-04-01,Ampara,18.0,4,0.8660254037844387,-0.4999999999999998,18.0,19.0,38.0,25.0,7.0
2016-05-01,Ampara,7.0,5,0.49999999999999994,-0.8660254037844387,18.0,18.0,19.0,18.333333333333332,22.0
2016-06-01,Ampara,22.0,6,1.2246467991473532e-16,-1.0,7.0,18.0,18.0,14.333333333333334,61.0
2016-07-01,Ampara,61.0,7,-0.4999999999999997,-0.8660254037844388,22.0,7.0,18.0,15.666666666666666,17.0
2016-08-01,Ampara,17.0,8,-0.8660254037844385,-0.5000000000000004,61.0,22.0,7.0,30.0,20.0
2016-09-01,Ampara,20.0,9,-1.0,-1.8369701987210297e-16,17.0,61.0,22.0,33.333333333333336,7.0
2016-10-01,Ampara,7.0,10,-0.8660254037844386,0.5000000000000001,20.0,17.0,61.0,32.666666666666664,4.0
2016-11-01,Ampara,4.0,11,-0.5000000000000004,0.8660254037844384,7.0,20.0,17.0,14.666666666666666,29.0
2016-12-01,Ampara,29.0,12,-2.4492935982947064e-16,1.0,4.0,7.0,20.0,10.333333333333334,51.0
2017-01-01,Ampara,51.0,1,0.49999999999999994,0.8660254037844387,29.0,4.0,7.0,13.333333333333334,51.0
2017-02-01,Ampara,51.0,2,0.8660254037844386,0.5000000000000001,51.0,29.0,4.0,28.0,59.0
2017-03-01,Ampara,59.0,3,1.0,6.123233995736766e-17,51.0,51.0,29.0,43.666666666666664,72.0
2017-04-01,Ampara,72.0,4,0.8660254037844387,-0.4999999999999998,59.0,51.0,51.0,53.666666666666664,75.0
2017-05-01,Ampara,75.0,5,0.49999999999999994,-0.8660254037844387,72.0,59.0,51.0,60.666666666666664,105.0
2017-06-01,Ampara,105.0,6,1.2246467991473532e-16,-1.0,75.0,72.0,59.0,68.66666666666667,225.0
2017-07-01,Ampara,225.0,7,-0.4999999999999997,-0.8660254037844388,105.0,75.0,72.0,84.0,100.0
2017-08-01,Ampara,100.0,8,-0.8660254037844385,-0.5000000000000004,225.0,105.0,75.0,135.0,62.0
2017-09-01,Ampara,62.0,9,-1.0,-1.8369701987210297e-16,100.0,225.0,105.0,143.33333333333334,41.0
2017-10-01,Ampara,41.0,10,-0.8660254037844386,0.5000000000000001,62.0,100.0,225.0,129.0,33.0
2017-11-01,Ampara,33.0,11,-0.5000000000000004,0.8660254037844384,41.0,62.0,100.0,67.66666666666667,60.0
2017-12-01,Ampara,60.0,12,-2.4492935982947064e-16,1.0,33.0,41.0,62.0,45.333333333333336,24.0
2018-01-01,Ampara,24.0,1,0.49999999999999994,0.8660254037844387,60.0,33.0,41.0,44.666666666666664,14.0
2018-02-01,Ampara,14.0,2,0.8660254037844386,0.5000000000000001,24.0,60.0,33.0,39.0,14.0
2018-03-01,Ampara,14.0,3,1.0,6.123233995736766e-17,14.0,24.0,60.0,32.666666666666664,8.0
2018-04-01,Ampara,8.0,4,0.8660254037844387,-0.4999999999999998,14.0,14.0,24.0,17.333333333333332,6.0
2018-05-01,Ampara,6.0,5,0.49999999999999994,-0.8660254037844387,8.0,14.0,14.0,12.0,47.0
2018-06-01,Ampara,47.0,6,1.2246467991473532e-16,-1.0,6.0,8.0,14.0,9.333333333333334,60.0
2018-07-01,Ampara,60.0,7,-0.4999999999999997,-0.8660254037844388,47.0,6.0,8.0,20.333333333333332,20.0
2018-08-01,Ampara,20.0,8,-0.8660254037844385,-0.5000000000000004,60.0,47.0,6.0,37.666666666666664,7.0
2018-09-01,Ampara,7.0,9,-1.0,-1.8369701987210297e-16,20.0,60.0,47.0,42.333333333333336,8.0
2018-10-01,Ampara,8.0,10,-0.8660254037844386,0.5000000000000001,7.0,20.0,60.0,29.0,25.0
2018-11-01,Ampara,25.0,11,-0.5000000000000004,0.8660254037844384,8.0,7.0,20.0,11.666666666666666,16.0
2018-12-01,Ampara,16.0,12,-2.4492935982947064e-16,1.0,25.0,8.0,7.0,13.333333333333334,25.0
2019-01-01,Ampara,25.0,1,0.49999999999999994,0.8660254037844387,16.0,25.0,8.0,16.333333333333332,18.0
2019-02-01,Ampara,18.0,2,0.8660254037844386,0.5000000000000001,25.0,16.0,25.0,22.0,37.0
2019-03-01,Ampara,37.0,3,1.0,6.123233995736766e-17,18.0,25.0,16.0,19.666666666666668,12.0
2019-04-01,Ampara,12.0,4,0.8660254037844387,-0.4999999999999998,37.0,18.0,25.0,26.666666666666668,11.0
2019-05-01,Ampara,11.0,5,0.49999999999999994,-0.8660254037844387,12.0,37.0,18.0,22.333333333333332,24.0
2019-06-01,Ampara,24.0,6,1.2246467991473532e-16,-1.0,11.0,12.0,37.0,20.0,26.0
2019-07-01,Ampara,26.0,7,-0.4999999999999997,-0.8660254037844388,24.0,11.0,12.0,15.666666666666666,33.0
2019-08-01,Ampara,33.0,8,-0.8660254037844385,-0.5000000000000004,26.0,24.0,11.0,20.333333333333332,24.0
2019-09-01,Ampara,24.0,9,-1.0,-1.8369701987210297e-16,33.0,26.0,24.0,27.666666666666668,37.0
2019-10-01,Ampara,37.0,10,-0.8660254037844386,0.5000000000000001,24.0,33.0,26.0,27.666666666666668,60.0
2019-11-01,Ampara,60.0,11,-0.5000000000000004,0.8660254037844384,37.0,24.0,33.0,31.333333333333332,81.0
2019-12-01,Ampara,81.0,12,-2.4492935982947064e-16,1.0,60.0,37.0,24.0,40.333333333333336,152.0
2020-01-01,Ampara,152.0,1,0.49999999999999994,0.8660254037844387,81.0,60.0,37.0,59.333333333333336,88.0
2020-02-01,Ampara,88.0,2,0.8660254037844386,0.5000000000000001,152.0,81.0,60.0,97.66666666666667,39.0
2020-03-01,Ampara,39.0,3,1.0,6.123233995736766e-17,88.0,152.0,81.0,107.0,3.0
2020-04-01,Ampara,3.0,4,0.8660254037844387,-0.4999999999999998,39.0,88.0,152.0,93.0,6.0
2020-05-01,Ampara,6.0,5,0.49999999999999994,-0.8660254037844387,3.0,39.0,88.0,43.333333333333336,10.0
2020-06-01,Ampara,10.0,6,1.2246467991473532e-16,-1.0,6.0,3.0,39.0,16.0,5.0
2020-07-01,Ampara,5.0,7,-0.4999999999999997,-0.8660254037844388,10.0,6.0,3.0,6.333333333333333,4.0
2020-08-01,Ampara,4.0,8,-0.8660254037844385,-0.5000000000000004,5.0,10.0,6.0,7.0,3.0
2020-09-01,Ampara,3.0,9,-1.0,-1.8369701987210297e-16,4.0,5.0,10.0,6.333333333333333,3.0
2020-10-01,Ampara,3.0,10,-0.8660254037844386,0.5000000000000001,3.0,4.0,5.0,4.0,5.0
2020-11-01,Ampara,5.0,11,-0.5000000000000004,0.8660254037844384,3.0,3.0,4.0,3.3333333333333335,0.0
2020-12-01,Ampara,0.0,12,-2.4492935982947064e-16,1.0,5.0,3.0,3.0,3.6666666666666665,2.0
2021-01-01,Ampara,2.0,1,0.49999999999999994,0.8660254037844387,0.0,5.0,3.0,2.6666666666666665,4.0
2021-02-01,Ampara,4.0,2,0.8660254037844386,0.5000000000000001,2.0,0.0,5.0,2.3333333333333335,5.0
2021-03-01,Ampara,5.0,3,1.0,6.123233995736766e-17,4.0,2.0,0.0,2.0,6.0
2021-04-01,Ampara,6.0,4,0.8660254037844387,-0.4999999999999998,5.0,4.0,2.0,3.6666666666666665,4.0
2021-05-01,Ampara,4.0,5,0.49999999999999994,-0.8660254037844387,6.0,5.0,4.0,5.0,5.0
2021-06-01,Ampara,5.0,6,1.2246467991473532e-16,-1.0,4.0,6.0,5.0,5.0,4.0
2021-07-01,Ampara,4.0,7,-0.4999999999999997,-0.8660254037844388,5.0,4.0,6.0,5.0,0.0
2021-08-01,Ampara,0.0,8,-0.8660254037844385,-0.5000000000000004,4.0,5.0,4.0,4.333333333333333,0.0
2021-09-01,Ampara,0.0,9,-1.0,-1.8369701987210297e-16,0.0,4.0,5.0,3.0,0.0
2021-10-01,Ampara,0.0,10,-0.8660254037844386,0.5000000000000001,0.0,0.0,4.0,1.3333333333333333,0.0
2021-11-01,Ampara,0.0,11,-0.5000000000000004,0.8660254037844384,0.0,0.0,0.0,0.0,0.0
2010-04-01,Badulla,47.0,4,0.8660254037844387,-0.4999999999999998,49.0,68.0,71.0,62.666666666666664,69.0
2010-05-01,Badulla,69.0,5,0.49999999999999994,-0.8660254037844387,47.0,49.0,68.0,54.666666666666664,118.0
2010-06-01,Badulla,118.0,6,1.2246467991473532e-16,-1.0,69.0,47.0,49.0,55.0,372.0
2010-07-01,Badulla,372.0,7,-0.4999999999999997,-0.8660254037844388,118.0,69.0,47.0,78.0,319.0
2010-08-01,Badulla,319.0,8,-0.8660254037844385,-0.5000000000000004,372.0,118.0,69.0,186.33333333333334,120.0
2010-09-01,Badulla,120.0,9,-1.0,-1.8369701987210297e-16,319.0,372.0,118.0,269.6666666666667,43.0
2010-10-01,Badulla,43.0,10,-0.8660254037844386,0.5000000000000001,120.0,319.0,372.0,270.3333333333333,26.0
2010-11-01,Badulla,26.0,11,-0.5000000000000004,0.8660254037844384,43.0,120.0,319.0,160.66666666666666,40.0
2010-12-01,Badulla,40.0,12,-2.4492935982947064e-16,1.0,26.0,43.0,120.0,63.0,22.0
2011-01-01,Badulla,22.0,1,0.49999999999999994,0.8660254037844387,40.0,26.0,43.0,36.333333333333336,21.0
2011-02-01,Badulla,21.0,2,0.8660254037844386,0.5000000000000001,22.0,40.0,26.0,29.333333333333332,15.0
2011-03-01,Badulla,15.0,3,1.0,6.123233995736766e-17,21.0,22.0,40.0,27.666666666666668,36.0
2011-04-01,Badulla,36.0,4,0.8660254037844387,-0.4999999999999998,15.0,21.0,22.0,19.333333333333332,31.0
2011-05-01,Badulla,31.0,5,0.49999999999999994,-0.8660254037844387,36.0,15.0,21.0,24.0,65.0
2011-06-01,Badulla,65.0,6,1.2246467991473532e-16,-1.0,31.0,36.0,15.0,27.333333333333332,201.0
2011-07-01,Badulla,201.0,7,-0.4999999999999997,-0.8660254037844388,65.0,31.0,36.0,44.0,54.0
2011-08-01,Badulla,54.0,8,-0.8660254037844385,-0.5000000000000004,201.0,65.0,31.0,99.0,46.0
2011-09-01,Badulla,46.0,9,-1.0,-1.8369701987210297e-16,54.0,201.0,65.0,106.66666666666667,39.0
2011-10-01,Badulla,39.0,10,-0.8660254037844386,0.5000000000000001,46.0,54.0,201.0,100.33333333333333,49.0
2011-11-01,Badulla,49.0,11,-0.5000000000000004,0.8660254037844384,39.0,46.0,54.0,46.333333333333336,53.0
2011-12-01,Badulla,53.0,12,-2.4492935982947064e-16,1.0,49.0,39.0,46.0,44.666666666666664,40.0
2012-01-01,Badulla,40.0,1,0.49999999999999994,0.8660254037844387,53.0,49.0,39.0,47.0,22.0
2012-02-01,Badulla,22.0,2,0.8660254037844386,0.5000000000000001,40.0,53.0,49.0,47.333333333333336,13.0
2012-03-01,Badulla,13.0,3,1.0,6.123233995736766e-17,22.0,40.0,53.0,38.333333333333336,11.0
2012-04-01,Badulla,11.0,4,0.8660254037844387,-0.4999999999999998,13.0,22.0,40.0,25.0,20.0
2012-05-01,Badulla,20.0,5,0.49999999999999994,-0.8660254037844387,11.0,13.0,22.0,15.333333333333334,57.0
2012-06-01,Badulla,57.0,6,1.2246467991473532e-16,-1.0,20.0,11.0,13.0,14.666666666666666,48.0
2012-07-01,Badulla,48.0,7,-0.4999999999999997,-0.8660254037844388,57.0,20.0,11.0,29.333333333333332,40.0
2012-08-01,Badulla,40.0,8,-0.8660254037844385,-0.5000000000000004,48.0,57.0,20.0,41.666666666666664,35.0
2012-09-01,Badulla,35.0,9,-1.0,-1.8369701987210297e-16,40.0,48.0,57.0,48.333333333333336,41.0
2012-10-01,Badulla,41.0,10,-0.8660254037844386,0.5000000000000001,35.0,40.0,48.0,41.0,49.0
2012-11-01,Badulla,49.0,11,-0.5000000000000004,0.8660254037844384,41.0,35.0,40.0,38.666666666666664,54.0
2012-12-01,Badulla,54.0,12,-2.4492935982947064e-16,1.0,49.0,41.0,35.0,41.666666666666664,42.0
2013-01-01,Badulla,42.0,1,0.49999999999999994,0.8660254037844387,54.0,49.0,41.0,48.0,49.0
2013-02-01,Badulla,49.0,2,0.8660254037844386,0.5000000000000001,42.0,54.0,49.0,48.333333333333336,45.0
2013-03-01,Badulla,45.0,3,1.0,6.123233995736766e-17,49.0,42.0,54.0,48.333333333333336,32.0
2013-04-01,Badulla,32.0,4,0.8660254037844387,-0.4999999999999998,45.0,49.0,42.0,45.333333333333336,46.0
2013-05-01,Badulla,46.0,5,0.49999999999999994,-0.8660254037844387,32.0,45.0,49.0,42.0,46.0
2013-06-01,Badulla,46.0,6,1.2246467991473532e-16,-1.0,46.0,32.0,45.0,41.0,77.0
2013-07-01,Badulla,77.0,7,-0.4999999999999997,-0.8660254037844388,46.0,46.0,32.0,41.333333333333336,58.0
2013-08-01,Badulla,58.0,8,-0.8660254037844385,-0.5000000000000004,77.0,46.0,46.0,56.333333333333336,38.0
2013-09-01,Badulla,38.0,9,-1.0,-1.8369701987210297e-16,58.0,77.0,46.0,60.333333333333336,26.0
2013-10-01,Badulla,26.0,10,-0.8660254037844386,0.5000000000000001,38.0,58.0,77.0,57.666666666666664,50.0
2013-11-01,Badulla,50.0,11,-0.5000000000000004,0.8660254037844384,26.0,38.0,58.0,40.666666666666664,33.0
2013-12-01,Badulla,33.0,12,-2.4492935982947064e-16,1.0,50.0,26.0,38.0,38.0,56.0
2014-01-01,Badulla,56.0,1,0.49999999999999994,0.8660254037844387,33.0,50.0,26.0,36.333333333333336,43.0
2014-02-01,Badulla,43.0,2,0.8660254037844386,0.5000000000000001,56.0,33.0,50.0,46.333333333333336,36.0
2014-03-01,Badulla,36.0,3,1.0,6.123233995736766e-17,43.0,56.0,33.0,44.0,12.0
2014-04-01,Badulla,12.0,4,0.8660254037844387,-0.4999999999999998,36.0,43.0,56.0,45.0,56.0
2014-05-01,Badulla,56.0,5,0.49999999999999994,-0.8660254037844387,12.0,36.0,43.0,30.333333333333332,90.0
2014-06-01,Badulla,90.0,6,1.2246467991473532e-16,-1.0,56.0,12.0,36.0,34.666666666666664,79.0
2014-07-01,Badulla,79.0,7,-0.4999999999999997,-0.8660254037844388,90.0,56.0,12.0,52.666666666666664,84.0
2014-08-01,Badulla,84.0,8,-0.8660254037844385,-0.5000000000000004,79.0,90.0,56.0,75.0,76.0
2014-09-01,Badulla,76.0,9,-1.0,-1.8369701987210297e-16,84.0,79.0,90.0,84.33333333333333,129.0
2014-10-01,Badulla,129.0,10,-0.8660254037844386,0.5000000000000001,76.0,84.0,79.0,79.66666666666667,221.0
2014-11-01,Badulla,221.0,11,-0.5000000000000004,0.8660254037844384,129.0,76.0,84.0,96.33333333333333,231.0
2014-12-01,Badulla,231.0,12,-2.4492935982947064e-16,1.0,221.0,129.0,76.0,142.0,195.0
2015-01-01,Badulla,195.0,1,0.49999999999999994,0.8660254037844387,231.0,221.0,129.0,193.66666666666666,60.0
2015-02-01,Badulla,60.0,2,0.8660254037844386,0.5000000000000001,195.0,231.0,221.0,215.66666666666666,30.0
2015-03-01,Badulla,30.0,3,1.0,6.123233995736766e-17,60.0,195.0,231.0,162.0,31.0
2015-04-01,Badulla,31.0,4,0.8660254037844387,-0.4999999999999998,30.0,60.0,195.0,95.0,22.0
2015-05-01,Badulla,22.0,5,0.49999999999999994,-0.8660254037844387,31.0,30.0,60.0,40.333333333333336,30.0
2015-06-01,Badulla,30.0,6,1.2246467991473532e-16,-1.0,22.0,31.0,30.0,27.666666666666668,33.0
2015-07-01,Badulla,33.0,7,-0.4999999999999997,-0.8660254037844388,30.0,22.0,31.0,27.666666666666668,19.0
2015-08-01,Badulla,19.0,8,-0.8660254037844385,-0.5000000000000004,33.0,30.0,22.0,28.333333333333332,10.0
2015-09-01,Badulla,10.0,9,-1.0,-1.8369701987210297e-16,19.0,33.0,30.0,27.333333333333332,35.0
2015-10-01,Badulla,35.0,10,-0.8660254037844386,0.5000000000000001,10.0,19.0,33.0,20.666666666666668,54.0
2015-11-01,Badulla,54.0,11,-0.5000000000000004,0.8660254037844384,35.0,10.0,19.0,21.333333333333332,47.0
2015-12-01,Badulla,47.0,12,-2.4492935982947064e-16,1.0,54.0,35.0,10.0,33.0,85.0
2016-01-01,Badulla,85.0,1,0.49999999999999994,0.8660254037844387,47.0,54.0,35.0,45.333333333333336,40.0
2016-02-01,Badulla,40.0,2,0.8660254037844386,0.5000000000000001,85.0,47.0,54.0,62.0,55.0
2016-03-01,Badulla,55.0,3,1.0,6.123233995736766e-17,40.0,85.0,47.0,57.333333333333336,43.0
2016-04-01,Badulla,43.0,4,0.8660254037844387,-0.4999999999999998,55.0,40.0,85.0,60.0,32.0
2016-05-01,Badulla,32.0,5,0.49999999999999994,-0.8660254037844387,43.0,55.0,40.0,46.0,107.0
2016-06-01,Badulla,107.0,6,1.2246467991473532e-16,-1.0,32.0,43.0,55.0,43.333333333333336,169.0
2016-07-01,Badulla,169.0,7,-0.4999999999999997,-0.8660254037844388,107.0,32.0,43.0,60.666666666666664,72.0
2016-08-01,Badulla,72.0,8,-0.8660254037844385,-0.5000000000000004,169.0,107.0,32.0,102.66666666666667,127.0
2016-09-01,Badulla,127.0,9,-1.0,-1.8369701987210297e-16,72.0,169.0,107.0,116.0,200.0
2016-10-01,Badulla,200.0,10,-0.8660254037844386,0.5000000000000001,127.0,72.0,169.0,122.66666666666667,105.0
2016-11-01,Badulla,105.0,11,-0.5000000000000004,0.8660254037844384,200.0,127.0,72.0,133.0,150.0
2016-12-01,Badulla,150.0,12,-2.4492935982947064e-16,1.0,105.0,200.0,127.0,144.0,226.0
2017-01-01,Badulla,226.0,1,0.49999999999999994,0.8660254037844387,150.0,105.0,200.0,151.66666666666666,130.0
2017-02-01,Badulla,130.0,2,0.8660254037844386,0.5000000000000001,226.0,150.0,105.0,160.33333333333334,139.0
2017-03-01,Badulla,139.0,3,1.0,6.123233995736766e-17,130.0,226.0,150.0,168.66666666666666,167.0
2017-04-01,Badulla,167.0,4,0.8660254037844387,-0.4999999999999998,139.0,130.0,226.0,165.0,186.0
2017-05-01,Badulla,186.0,5,0.49999999999999994,-0.8660254037844387,167.0,139.0,130.0,145.33333333333334,400.0
2017-06-01,Badulla,400.0,6,1.2246467991473532e-16,-1.0,186.0,167.0,139.0,164.0,1220.0
2017-07-01,Badulla,1220.0,7,-0.4999999999999997,-0.8660254037844388,400.0,186.0,167.0,251.0,490.0
2017-08-01,Badulla,490.0,8,-0.8660254037844385,-0.5000000000000004,1220.0,400.0,186.0,602.0,273.0
2017-09-01,Badulla,273.0,9,-1.0,-1.8369701987210297e-16,490.0,1220.0,400.0,703.3333333333334,159.0
2017-10-01,Badulla,159.0,10,-0.8660254037844386,0.5000000000000001,273.0,490.0,1220.0,661.0,174.0
2017-11-01,Badulla,174.0,11,-0.5000000000000004,0.8660254037844384,159.0,273.0,490.0,307.3333333333333,178.0
2017-12-01,Badulla,178.0,12,-2.4492935982947064e-16,1.0,174.0,159.0,273.0,202.0,76.0
2018-01-01,Badulla,76.0,1,0.49999999999999994,0.8660254037844387,178.0,174.0,159.0,170.33333333333334,40.0
2018-02-01,Badulla,40.0,2,0.8660254037844386,0.5000000000000001,76.0,178.0,174.0,142.66666666666666,28.0
2018-03-01,Badulla,28.0,3,1.0,6.123233995736766e-17,40.0,76.0,178.0,98.0,32.0
2018-04-01,Badulla,32.0,4,0.8660254037844387,-0.4999999999999998,28.0,40.0,76.0,48.0,27.0
2018-05-01,Badulla,27.0,5,0.49999999999999994,-0.8660254037844387,32.0,28.0,40.0,33.333333333333336,58.0
2018-06-01,Badulla,58.0,6,1.2246467991473532e-16,-1.0,27.0,32.0,28.0,29.0,74.0
2018-07-01,Badulla,74.0,7,-0.4999999999999997,-0.8660254037844388,58.0,27.0,32.0,39.0,72.0
2018-08-01,Badulla,72.0,8,-0.8660254037844385,-0.5000000000000004,74.0,58.0,27.0,53.0,39.0
2018-09-01,Badulla,39.0,9,-1.0,-1.8369701987210297e-16,72.0,74.0,58.0,68.0,39.0
2018-10-01,Badulla,39.0,10,-0.8660254037844386,0.5000000000000001,39.0,72.0,74.0,61.666666666666664,64.0
2018-11-01,Badulla,64.0,11,-0.5000000000000004,0.8660254037844384,39.0,39.0,72.0,50.0,64.0
2018-12-01,Badulla,64.0,12,-2.4492935982947064e-16,1.0,64.0,39.0,39.0,47.333333333333336,79.0
2019-01-01,Badulla,79.0,1,0.49999999999999994,0.8660254037844387,64.0,64.0,39.0,55.666666666666664,68.0
2019-02-01,Badulla,68.0,2,0.8660254037844386,0.5000000000000001,79.0,64.0,64.0,69.0,73.0
2019-03-01,Badulla,73.0,3,1.0,6.123233995736766e-17,68.0,79.0,64.0,70.33333333333333,45.0
2019-04-01,Badulla,45.0,4,0.8660254037844387,-0.4999999999999998,73.0,68.0,79.0,73.33333333333333,41.0
2019-05-01,Badulla,41.0,5,0.49999999999999994,-0.8660254037844387,45.0,73.0,68.0,62.0,88.0
2019-06-01,Badulla,88.0,6,1.2246467991473532e-16,-1.0,41.0,45.0,73.0,53.0,113.0
2019-07-01,Badulla,113.0,7,-0.4999999999999997,-0.8660254037844388,88.0,41.0,45.0,58.0,144.0
2019-08-01,Badulla,144.0,8,-0.8660254037844385,-0.5000000000000004,113.0,88.0,41.0,80.66666666666667,126.0
2019-09-01,Badulla,126.0,9,-1.0,-1.8369701987210297e-16,144.0,113.0,88.0,115.0,230.0
2019-10-01,Badulla,230.0,10,-0.8660254037844386,0.5000000000000001,126.0,144.0,113.0,127.66666666666667,490.0
2019-11-01,Badulla,490.0,11,-0.5000000000000004,0.8660254037844384,230.0,126.0,144.0,166.66666666666666,425.0
2019-12-01,Badulla,425.0,12,-2.4492935982947064e-16,1.0,490.0,230.0,126.0,282.0,230.0
2020-01-01,Badulla,230.0,1,0.49999999999999994,0.8660254037844387,425.0,490.0,230.0,381.6666666666667,91.0
2020-02-01,Badulla,91.0,2,0.8660254037844386,0.5000000000000001,230.0,425.0,490.0,381.6666666666667,33.0
2020-03-01,Badulla,33.0,3,1.0,6.123233995736766e-17,91.0,230.0,425.0,248.66666666666666,9.0
2020-04-01,Badulla,9.0,4,0.8660254037844387,-0.4999999999999998,33.0,91.0,230.0,118.0,15.0
2020-05-01,Badulla,15.0,5,0.49999999999999994,-0.8660254037844387,9.0,33.0,91.0,44.333333333333336,30.0
2020-06-01,Badulla,30.0,6,1.2246467991473532e-16,-1.0,15.0,9.0,33.0,19.0,23.0
2020-07-01,Badulla,23.0,7,-0.4999999999999997,-0.8660254037844388,30.0,15.0,9.0,18.0,21.0
2020-08-01,Badulla,21.0,8,-0.8660254037844385,-0.5000000000000004,23.0,30.0,15.0,22.666666666666668,14.0
2020-09-01,Badulla,14.0,9,-1.0,-1.8369701987210297e-16,21.0,23.0,30.0,24.666666666666668,12.0
2020-10-01,Badulla,12.0,10,-0.8660254037844386,0.5000000000000001,14.0,21.0,23.0,19.333333333333332,17.0
2020-11-01,Badulla,17.0,11,-0.5000000000000004,0.8660254037844384,12.0,14.0,21.0,15.666666666666666,30.0
2020-12-01,Badulla,30.0,12,-2.4492935982947064e-16,1.0,17.0,12.0,14.0,14.333333333333334,14.0
2021-01-01,Badulla,14.0,1,0.49999999999999994,0.8660254037844387,30.0,17.0,12.0,19.666666666666668,2.0
2021-02-01,Badulla,2.0,2,0.8660254037844386,0.5000000000000001,14.0,30.0,17.0,20.333333333333332,9.0
2021-03-01,Badulla,9.0,3,1.0,6.123233995736766e-17,2.0,14.0,30.0,15.333333333333334,23.0
2021-04-01,Badulla,23.0,4,0.8660254037844387,-0.4999999999999998,9.0,2.0,14.0,8.333333333333334,7.0
2021-05-01,Badulla,7.0,5,0.49999999999999994,-0.8660254037844387,23.0,9.0,2.0,11.333333333333334,11.0
2021-06-01,Badulla,11.0,6,1.2246467991473532e-16,-1.0,7.0,23.0,9.0,13.0,17.0
2021-07-01,Badulla,17.0,7,-0.4999999999999997,-0.8660254037844388,11.0,7.0,23.0,13.666666666666666,2.0
2021-08-01,Badulla,2.0,8,-0.8660254037844385,-0.5000000000000004,17.0,11.0,7.0,11.666666666666666,0.0
2021-09-01,Badulla,0.0,9,-1.0,-1.8369701987210297e-16,2.0,17.0,11.0,10.0,0.0
2021-10-01,Badulla,0.0,10,-0.8660254037844386,0.5000000000000001,0.0,2.0,17.0,6.333333333333333,0.0
2021-11-01,Badulla,0.0,11,-0.5000000000000004,0.8660254037844384,0.0,0.0,2.0,0.6666666666666666,0.0
2010-04-01,Batticaloa,184.0,4,0.8660254037844387,-0.4999999999999998,202.0,314.0,305.0,273.6666666666667,48.0
2010-05-01,Batticaloa,48.0,5,0.49999999999999994,-0.8660254037844387,184.0,202.0,314.0,233.33333333333334,59.0
2010-06-01,Batticaloa,59.0,6,1.2246467991473532e-16,-1.0,48.0,184.0,202.0,144.66666666666666,59.0
2010-07-01,Batticaloa,59.0,7,-0.4999999999999997,-0.8660254037844388,59.0,48.0,184.0,97.0,25.0
2010-08-01,Batticaloa,25.0,8,-0.8660254037844385,-0.5000000000000004,59.0,59.0,48.0,55.333333333333336,4.0
2010-09-01,Batticaloa,4.0,9,-1.0,-1.8369701987210297e-16,25.0,59.0,59.0,47.666666666666664,8.0
2010-10-01,Batticaloa,8.0,10,-0.8660254037844386,0.5000000000000001,4.0,25.0,59.0,29.333333333333332,13.0
2010-11-01,Batticaloa,13.0,11,-0.5000000000000004,0.8660254037844384,8.0,4.0,25.0,12.333333333333334,29.0
2010-12-01,Batticaloa,29.0,12,-2.4492935982947064e-16,1.0,13.0,8.0,4.0,8.333333333333334,31.0
2011-01-01,Batticaloa,31.0,1,0.49999999999999994,0.8660254037844387,29.0,13.0,8.0,16.666666666666668,41.0
2011-02-01,Batticaloa,41.0,2,0.8660254037844386,0.5000000000000001,31.0,29.0,13.0,24.333333333333332,104.0
2011-03-01,Batticaloa,104.0,3,1.0,6.123233995736766e-17,41.0,31.0,29.0,33.666666666666664,185.0
2011-04-01,Batticaloa,185.0,4,0.8660254037844387,-0.4999999999999998,104.0,41.0,31.0,58.666666666666664,141.0
2011-05-01,Batticaloa,141.0,5,0.49999999999999994,-0.8660254037844387,185.0,104.0,41.0,110.0,112.0
2011-06-01,Batticaloa,112.0,6,1.2246467991473532e-16,-1.0,141.0,185.0,104.0,143.33333333333334,53.0
2011-07-01,Batticaloa,53.0,7,-0.4999999999999997,-0.8660254037844388,112.0,141.0,185.0,146.0,21.0
2011-08-01,Batticaloa,21.0,8,-0.8660254037844385,-0.5000000000000004,53.0,112.0,141.0,102.0,35.0
2011-09-01,Batticaloa,35.0,9,-1.0,-1.8369701987210297e-16,21.0,53.0,112.0,62.0,123.0
2011-10-01,Batticaloa,123.0,10,-0.8660254037844386,0.5000000000000001,35.0,21.0,53.0,36.333333333333336,289.0
2011-11-01,Batticaloa,289.0,11,-0.5000000000000004,0.8660254037844384,123.0,35.0,21.0,59.666666666666664,558.0
2011-12-01,Batticaloa,558.0,12,-2.4492935982947064e-16,1.0,289.0,123.0,35.0,149.0,263.0
2012-01-01,Batticaloa,263.0,1,0.49999999999999994,0.8660254037844387,558.0,289.0,123.0,323.3333333333333,116.0
2012-02-01,Batticaloa,116.0,2,0.8660254037844386,0.5000000000000001,263.0,558.0,289.0,370.0,91.0
2012-03-01,Batticaloa,91.0,3,1.0,6.123233995736766e-17,116.0,263.0,558.0,312.3333333333333,32.0
2012-04-01,Batticaloa,32.0,4,0.8660254037844387,-0.4999999999999998,91.0,116.0,263.0,156.66666666666666,35.0
2012-05-01,Batticaloa,35.0,5,0.49999999999999994,-0.8660254037844387,32.0,91.0,116.0,79.66666666666667,32.0
2012-06-01,Batticaloa,32.0,6,1.2246467991473532e-16,-1.0,35.0,32.0,91.0,52.666666666666664,11.0
2012-07-01,Batticaloa,11.0,7,-0.4999999999999997,-0.8660254037844388,32.0,35.0,32.0,33.0,21.0
2012-08-01,Batticaloa,21.0,8,-0.8660254037844385,-0.5000000000000004,11.0,32.0,35.0,26.0,7.0
2012-09-01,Batticaloa,7.0,9,-1.0,-1.8369701987210297e-16,21.0,11.0,32.0,21.333333333333332,26.0
2012-10-01,Batticaloa,26.0,10,-0.8660254037844386,0.5000000000000001,7.0,21.0,11.0,13.0,36.0
2012-11-01,Batticaloa,36.0,11,-0.5000000000000004,0.8660254037844384,26.0,7.0,21.0,18.0,47.0
2012-12-01,Batticaloa,47.0,12,-2.4492935982947064e-16,1.0,36.0,26.0,7.0,23.0,52.0
2013-01-01,Batticaloa,52.0,1,0.49999999999999994,0.8660254037844387,47.0,36.0,26.0,36.333333333333336,74.0
2013-02-01,Batticaloa,74.0,2,0.8660254037844386,0.5000000000000001,52.0,47.0,36.0,45.0,93.0
2013-03-01,Batticaloa,93.0,3,1.0,6.123233995736766e-17,74.0,52.0,47.0,57.666666666666664,67.0
2013-04-01,Batticaloa,67.0,4,0.8660254037844387,-0.4999999999999998,93.0,74.0,52.0,73.0,79.0
2013-05-01,Batticaloa,79.0,5,0.49999999999999994,-0.8660254037844387,67.0,93.0,74.0,78.0,48.0
2013-06-01,Batticaloa,48.0,6,1.2246467991473532e-16,-1.0,79.0,67.0,93.0,79.66666666666667,32.0
2013-07-01,Batticaloa,32.0,7,-0.4999999999999997,-0.8660254037844388,48.0,79.0,67.0,64.66666666666667,26.0
2013-08-01,Batticaloa,26.0,8,-0.8660254037844385,-0.5000000000000004,32.0,48.0,79.0,53.0,19.0
2013-09-01,Batticaloa,19.0,9,-1.0,-1.8369701987210297e-16,26.0,32.0,48.0,35.333333333333336,22.0
2013-10-01,Batticaloa,22.0,10,-0.8660254037844386,0.5000000000000001,19.0,26.0,32.0,25.666666666666668,14.0
2013-11-01,Batticaloa,14.0,11,-0.5000000000000004,0.8660254037844384,22.0,19.0,26.0,22.333333333333332,30.0
2013-12-01,Batticaloa,30.0,12,-2.4492935982947064e-16,1.0,14.0,22.0,19.0,18.333333333333332,43.0
2014-01-01,Batticaloa,43.0,1,0.49999999999999994,0.8660254037844387,30.0,14.0,22.0,22.0,66.0
2014-02-01,Batticaloa,66.0,2,0.8660254037844386,0.5000000000000001,43.0,30.0,14.0,29.0,147.0
2014-03-01,Batticaloa,147.0,3,1.0,6.123233995736766e-17,66.0,43.0,30.0,46.333333333333336,92.0
2014-04-01,Batticaloa,92.0,4,0.8660254037844387,-0.4999999999999998,147.0,66.0,43.0,85.33333333333333,117.0
2014-05-01,Batticaloa,117.0,5,0.49999999999999994,-0.8660254037844387,92.0,147.0,66.0,101.66666666666667,97.0
2014-06-01,Batticaloa,97.0,6,1.2246467991473532e-16,-1.0,117.0,92.0,147.0,118.66666666666667,60.0
2014-07-01,Batticaloa,60.0,7,-0.4999999999999997,-0.8660254037844388,97.0,117.0,92.0,102.0,22.0
2014-08-01,Batticaloa,22.0,8,-0.8660254037844385,-0.5000000000000004,60.0,97.0,117.0,91.33333333333333,15.0
2014-09-01,Batticaloa,15.0,9,-1.0,-1.8369701987210297e-16,22.0,60.0,97.0,59.666666666666664,40.0
2014-10-01,Batticaloa,40.0,10,-0.8660254037844386,0.5000000000000001,15.0,22.0,60.0,32.333333333333336,95.0
2014-11-01,Batticaloa,95.0,11,-0.5000000000000004,0.8660254037844384,40.0,15.0,22.0,25.666666666666668,176.0
2014-12-01,Batticaloa,176.0,12,-2.4492935982947064e-16,1.0,95.0,40.0,15.0,50.0,335.0
2015-01-01,Batticaloa,335.0,1,0.49999999999999994,0.8660254037844387,176.0,95.0,40.0,103.66666666666667,347.0
2015-02-01,Batticaloa,347.0,2,0.8660254037844386,0.5000000000000001,335.0,176.0,95.0,202.0,210.0
2015-03-01,Batticaloa,210.0,3,1.0,6.123233995736766e-17,347.0,335.0,176.0,286.0,124.0
2015-04-01,Batticaloa,124.0,4,0.8660254037844387,-0.4999999999999998,210.0,347.0,335.0,297.3333333333333,139.0
2015-05-01,Batticaloa,139.0,5,0.49999999999999994,-0.8660254037844387,124.0,210.0,347.0,227.0,82.0
2015-06-01,Batticaloa,82.0,6,1.2246467991473532e-16,-1.0,139.0,124.0,210.0,157.66666666666666,65.0
2015-07-01,Batticaloa,65.0,7,-0.4999999999999997,-0.8660254037844388,82.0,139.0,124.0,115.0,18.0
2015-08-01,Batticaloa,18.0,8,-0.8660254037844385,-0.5000000000000004,65.0,82.0,139.0,95.33333333333333,8.0
2015-09-01,Batticaloa,8.0,9,-1.0,-1.8369701987210297e-16,18.0,65.0,82.0,55.0,31.0
2015-10-01,Batticaloa,31.0,10,-0.8660254037844386,0.5000000000000001,8.0,18.0,65.0,30.333333333333332,40.0
2015-11-01,Batticaloa,40.0,11,-0.5000000000000004,0.8660254037844384,31.0,8.0,18.0,19.0,75.0
2015-12-01,Batticaloa,75.0,12,-2.4492935982947064e-16,1.0,40.0,31.0,8.0,26.333333333333332,124.0
2016-01-01,Batticaloa,124.0,1,0.49999999999999994,0.8660254037844387,75.0,40.0,31.0,48.666666666666664,65.0
2016-02-01,Batticaloa,65.0,2,0.8660254037844386,0.5000000000000001,124.0,75.0,40.0,79.66666666666667,34.0
2016-03-01,Batticaloa,34.0,3,1.0,6.123233995736766e-17,65.0,124.0,75.0,88.0,31.0
2016-04-01,Batticaloa,31.0,4,0.8660254037844387,-0.4999999999999998,34.0,65.0,124.0,74.33333333333333,20.0
2016-05-01,Batticaloa,20.0,5,0.49999999999999994,-0.8660254037844387,31.0,34.0,65.0,43.333333333333336,43.0
2016-06-01,Batticaloa,43.0,6,1.2246467991473532e-16,-1.0,20.0,31.0,34.0,28.333333333333332,69.0
2016-07-01,Batticaloa,69.0,7,-0.4999999999999997,-0.8660254037844388,43.0,20.0,31.0,31.333333333333332,38.0
2016-08-01,Batticaloa,38.0,8,-0.8660254037844385,-0.5000000000000004,69.0,43.0,20.0,44.0,31.0
2016-09-01,Batticaloa,31.0,9,-1.0,-1.8369701987210297e-16,38.0,69.0,43.0,50.0,13.0
2016-10-01,Batticaloa,13.0,10,-0.8660254037844386,0.5000000000000001,31.0,38.0,69.0,46.0,18.0
2016-11-01,Batticaloa,18.0,11,-0.5000000000000004,0.8660254037844384,13.0,31.0,38.0,27.333333333333332,126.0
2016-12-01,Batticaloa,126.0,12,-2.4492935982947064e-16,1.0,18.0,13.0,31.0,20.666666666666668,217.0
2017-01-01,Batticaloa,217.0,1,0.49999999999999994,0.8660254037844387,126.0,18.0,13.0,52.333333333333336,465.0
2017-02-01,Batticaloa,465.0,2,0.8660254037844386,0.5000000000000001,217.0,126.0,18.0,120.33333333333333,828.0
2017-03-01,Batticaloa,828.0,3,1.0,6.123233995736766e-17,465.0,217.0,126.0,269.3333333333333,1182.0
2017-04-01,Batticaloa,1182.0,4,0.8660254037844387,-0.4999999999999998,828.0,465.0,217.0,503.3333333333333,869.0
2017-05-01,Batticaloa,869.0,5,0.49999999999999994,-0.8660254037844387,1182.0,828.0,465.0,825.0,465.0
2017-06-01,Batticaloa,465.0,6,1.2246467991473532e-16,-1.0,869.0,1182.0,828.0,959.6666666666666,273.0
2017-07-01,Batticaloa,273.0,7,-0.4999999999999997,-0.8660254037844388,465.0,869.0,1182.0,838.6666666666666,197.0
2017-08-01,Batticaloa,197.0,8,-0.8660254037844385,-0.5000000000000004,273.0,465.0,869.0,535.6666666666666,143.0
2017-09-01,Batticaloa,143.0,9,-1.0,-1.8369701987210297e-16,197.0,273.0,465.0,311.6666666666667,140.0
2017-10-01,Batticaloa,140.0,10,-0.8660254037844386,0.5000000000000001,143.0,197.0,273.0,204.33333333333334,271.0
2017-11-01,Batticaloa,271.0,11,-0.5000000000000004,0.8660254037844384,140.0,143.0,197.0,160.0,556.0
2017-12-01,Batticaloa,556.0,12,-2.4492935982947064e-16,1.0,271.0,140.0,143.0,184.66666666666666,598.0
2018-01-01,Batticaloa,598.0,1,0.49999999999999994,0.8660254037844387,556.0,271.0,140.0,322.3333333333333,496.0
2018-02-01,Batticaloa,496.0,2,0.8660254037844386,0.5000000000000001,598.0,556.0,271.0,475.0,548.0
2018-03-01,Batticaloa,548.0,3,1.0,6.123233995736766e-17,496.0,598.0,556.0,550.0,577.0
2018-04-01,Batticaloa,577.0,4,0.8660254037844387,-0.4999999999999998,548.0,496.0,598.0,547.3333333333334,808.0
2018-05-01,Batticaloa,808.0,5,0.49999999999999994,-0.8660254037844387,577.0,548.0,496.0,540.3333333333334,689.0
2018-06-01,Batticaloa,689.0,6,1.2246467991473532e-16,-1.0,808.0,577.0,548.0,644.3333333333334,330.0
2018-07-01,Batticaloa,330.0,7,-0.4999999999999997,-0.8660254037844388,689.0,808.0,577.0,691.3333333333334,156.0
2018-08-01,Batticaloa,156.0,8,-0.8660254037844385,-0.5000000000000004,330.0,689.0,808.0,609.0,81.0
2018-09-01,Batticaloa,81.0,9,-1.0,-1.8369701987210297e-16,156.0,330.0,689.0,391.6666666666667,116.0
2018-10-01,Batticaloa,116.0,10,-0.8660254037844386,0.5000000000000001,81.0,156.0,330.0,189.0,227.0
2018-11-01,Batticaloa,227.0,11,-0.5000000000000004,0.8660254037844384,116.0,81.0,156.0,117.66666666666667,217.0
2018-12-01,Batticaloa,217.0,12,-2.4492935982947064e-16,1.0,227.0,116.0,81.0,141.33333333333334,191.0
2019-01-01,Batticaloa,191.0,1,0.49999999999999994,0.8660254037844387,217.0,227.0,116.0,186.66666666666666,195.0
2019-02-01,Batticaloa,195.0,2,0.8660254037844386,0.5000000000000001,191.0,217.0,227.0,211.66666666666666,218.0
2019-03-01,Batticaloa,218.0,3,1.0,6.123233995736766e-17,195.0,191.0,217.0,201.0,128.0
2019-04-01,Batticaloa,128.0,4,0.8660254037844387,-0.4999999999999998,218.0,195.0,191.0,201.33333333333334,101.0
2019-05-01,Batticaloa,101.0,5,0.49999999999999994,-0.8660254037844387,128.0,218.0,195.0,180.33333333333334,74.0
2019-06-01,Batticaloa,74.0,6,1.2246467991473532e-16,-1.0,101.0,128.0,218.0,149.0,84.0
2019-07-01,Batticaloa,84.0,7,-0.4999999999999997,-0.8660254037844388,74.0,101.0,128.0,101.0,96.0
2019-08-01,Batticaloa,96.0,8,-0.8660254037844385,-0.5000000000000004,84.0,74.0,101.0,86.33333333333333,66.0
2019-09-01,Batticaloa,66.0,9,-1.0,-1.8369701987210297e-16,96.0,84.0,74.0,84.66666666666667,164.0
2019-10-01,Batticaloa,164.0,10,-0.8660254037844386,0.5000000000000001,66.0,96.0,84.0,82.0,511.0
2019-11-01,Batticaloa,511.0,11,-0.5000000000000004,0.8660254037844384,164.0,66.0,96.0,108.66666666666667,1020.0
2019-12-01,Batticaloa,1020.0,12,-2.4492935982947064e-16,1.0,511.0,164.0,66.0,247.0,1088.0
2020-01-01,Batticaloa,1088.0,1,0.49999999999999994,0.8660254037844387,1020.0,511.0,164.0,565.0,650.0
2020-02-01,Batticaloa,650.0,2,0.8660254037844386,0.5000000000000001,1088.0,1020.0,511.0,873.0,222.0
2020-03-01,Batticaloa,222.0,3,1.0,6.123233995736766e-17,650.0,1088.0,1020.0,919.3333333333334,86.0
2020-04-01,Batticaloa,86.0,4,0.8660254037844387,-0.4999999999999998,222.0,650.0,1088.0,653.3333333333334,84.0
2020-05-01,Batticaloa,84.0,5,0.49999999999999994,-0.8660254037844387,86.0,222.0,650.0,319.3333333333333,69.0
2020-06-01,Batticaloa,69.0,6,1.2246467991473532e-16,-1.0,84.0,86.0,222.0,130.66666666666666,78.0
2020-07-01,Batticaloa,78.0,7,-0.4999999999999997,-0.8660254037844388,69.0,84.0,86.0,79.66666666666667,40.0
2020-08-01,Batticaloa,40.0,8,-0.8660254037844385,-0.5000000000000004,78.0,69.0,84.0,77.0,48.0
2020-09-01,Batticaloa,48.0,9,-1.0,-1.8369701987210297e-16,40.0,78.0,69.0,62.333333333333336,236.0
2020-10-01,Batticaloa,236.0,10,-0.8660254037844386,0.5000000000000001,48.0,40.0,78.0,55.333333333333336,276.0
2020-11-01,Batticaloa,276.0,11,-0.5000000000000004,0.8660254037844384,236.0,48.0,40.0,108.0,840.0
2020-12-01,Batticaloa,840.0,12,-2.4492935982947064e-16,1.0,276.0,236.0,48.0,186.66666666666666,1132.0
2021-01-01,Batticaloa,1132.0,1,0.49999999999999994,0.8660254037844387,840.0,276.0,236.0,450.6666666666667,988.0
2021-02-01,Batticaloa,988.0,2,0.8660254037844386,0.5000000000000001,1132.0,840.0,276.0,749.3333333333334,421.0
2021-03-01,Batticaloa,421.0,3,1.0,6.123233995736766e-17,988.0,1132.0,840.0,986.6666666666666,278.0
2021-04-01,Batticaloa,278.0,4,0.8660254037844387,-0.4999999999999998,421.0,988.0,1132.0,847.0,91.0
2021-05-01,Batticaloa,91.0,5,0.49999999999999994,-0.8660254037844387,278.0,421.0,988.0,562.3333333333334,50.0
2021-06-01,Batticaloa,50.0,6,1.2246467991473532e-16,-1.0,91.0,278.0,421.0,263.3333333333333,26.0
2021-07-01,Batticaloa,26.0,7,-0.4999999999999997,-0.8660254037844388,50.0,91.0,278.0,139.66666666666666,1.0
2021-08-01,Batticaloa,1.0,8,-0.8660254037844385,-0.5000000000000004,26.0,50.0,91.0,55.666666666666664,0.0
2021-09-01,Batticaloa,0.0,9,-1.0,-1.8369701987210297e-16,1.0,26.0,50.0,25.666666666666668,0.0
2021-10-01,Batticaloa,0.0,10,-0.8660254037844386,0.5000000000000001,0.0,1.0,26.0,9.0,0.0
2021-11-01,Batticaloa,0.0,11,-0.5000000000000004,0.8660254037844384,0.0,0.0,1.0,0.3333333333333333,0.0
2010-04-01,Colombo,224.0,4,0.8660254037844387,-0.4999999999999998,294.0,606.0,584.0,494.6666666666667,296.0
2010-05-01,Colombo,296.0,5,0.49999999999999994,-0.8660254037844387,224.0,294.0,606.0,374.6666666666667,700.0
2010-06-01,Colombo,700.0,6,1.2246467991473532e-16,-1.0,296.0,224.0,294.0,271.3333333333333,1530.0
2010-07-01,Colombo,1530.0,7,-0.4999999999999997,-0.8660254037844388,700.0,296.0,224.0,406.6666666666667,881.0
2010-08-01,Colombo,881.0,8,-0.8660254037844385,-0.5000000000000004,1530.0,700.0,296.0,842.0,312.0
2010-09-01,Colombo,312.0,9,-1.0,-1.8369701987210297e-16,881.0,1530.0,700.0,1037.0,267.0
2010-10-01,Colombo,267.0,10,-0.8660254037844386,0.5000000000000001,312.0,881.0,1530.0,907.6666666666666,97.0
2010-11-01,Colombo,97.0,11,-0.5000000000000004,0.8660254037844384,267.0,312.0,881.0,486.6666666666667,146.0
2010-12-01,Colombo,146.0,12,-2.4492935982947064e-16,1.0,97.0,267.0,312.0,225.33333333333334,309.0
2011-01-01,Colombo,309.0,1,0.49999999999999994,0.8660254037844387,146.0,97.0,267.0,170.0,392.0
2011-02-01,Colombo,392.0,2,0.8660254037844386,0.5000000000000001,309.0,146.0,97.0,184.0,340.0
2011-03-01,Colombo,340.0,3,1.0,6.123233995736766e-17,392.0,309.0,146.0,282.3333333333333,528.0
2011-04-01,Colombo,528.0,4,0.8660254037844387,-0.4999999999999998,340.0,392.0,309.0,347.0,698.0
2011-05-01,Colombo,698.0,5,0.49999999999999994,-0.8660254037844387,528.0,340.0,392.0,420.0,1610.0
2011-06-01,Colombo,1610.0,6,1.2246467991473532e-16,-1.0,698.0,528.0,340.0,522.0,2085.0
2011-07-01,Colombo,2085.0,7,-0.4999999999999997,-0.8660254037844388,1610.0,698.0,528.0,945.3333333333334,824.0
2011-08-01,Colombo,824.0,8,-0.8660254037844385,-0.5000000000000004,2085.0,1610.0,698.0,1464.3333333333333,863.0
2011-09-01,Colombo,863.0,9,-1.0,-1.8369701987210297e-16,824.0,2085.0,1610.0,1506.3333333333333,599.0
2011-10-01,Colombo,599.0,10,-0.8660254037844386,0.5000000000000001,863.0,824.0,2085.0,1257.3333333333333,536.0
2011-11-01,Colombo,536.0,11,-0.5000000000000004,0.8660254037844384,599.0,863.0,824.0,762.0,1339.0
2011-12-01,Colombo,1339.0,12,-2.4492935982947064e-16,1.0,536.0,599.0,863.0,666.0,1066.0
2012-01-01,Colombo,1066.0,1,0.49999999999999994,0.8660254037844387,1339.0,536.0,599.0,824.6666666666666,744.0
2012-02-01,Colombo,744.0,2,0.8660254037844386,0.5000000000000001,1066.0,1339.0,536.0,980.3333333333334,630.0
2012-03-01,Colombo,630.0,3,1.0,6.123233995736766e-17,744.0,1066.0,1339.0,1049.6666666666667,412.0
2012-04-01,Colombo,412.0,4,0.8660254037844387,-0.4999999999999998,630.0,744.0,1066.0,813.3333333333334,583.0
2012-05-01,Colombo,583.0,5,0.49999999999999994,-0.8660254037844387,412.0,630.0,744.0,595.3333333333334,1251.0
2012-06-01,Colombo,1251.0,6,1.2246467991473532e-16,-1.0,583.0,412.0,630.0,541.6666666666666,1314.0
2012-07-01,Colombo,1314.0,7,-0.4999999999999997,-0.8660254037844388,1251.0,583.0,412.0,748.6666666666666,1231.0
2012-08-01,Colombo,1231.0,8,-0.8660254037844385,-0.5000000000000004,1314.0,1251.0,583.0,1049.3333333333333,525.0
2012-09-01,Colombo,525.0,9,-1.0,-1.8369701987210297e-16,1231.0,1314.0,1251.0,1265.3333333333333,726.0
2012-10-01,Colombo,726.0,10,-0.8660254037844386,0.5000000000000001,525.0,1231.0,1314.0,1023.3333333333334,853.0
2012-11-01,Colombo,853.0,11,-0.5000000000000004,0.8660254037844384,726.0,525.0,1231.0,827.3333333333334,682.0
2012-12-01,Colombo,682.0,12,-2.4492935982947064e-16,1.0,853.0,726.0,525.0,701.3333333333334,757.0
2013-01-01,Colombo,757.0,1,0.49999999999999994,0.8660254037844387,682.0,853.0,726.0,753.6666666666666,845.0
2013-02-01,Colombo,845.0,2,0.8660254037844386,0.5000000000000001,757.0,682.0,853.0,764.0,791.0
2013-03-01,Colombo,791.0,3,1.0,6.123233995736766e-17,845.0,757.0,682.0,761.3333333333334,610.0
2013-04-01,Colombo,610.0,4,0.8660254037844387,-0.4999999999999998,791.0,845.0,757.0,797.6666666666666,748.0
2013-05-01,Colombo,748.0,5,0.49999999999999994,-0.8660254037844387,610.0,791.0,845.0,748.6666666666666,830.0
2013-06-01,Colombo,830.0,6,1.2246467991473532e-16,-1.0,748.0,610.0,791.0,716.3333333333334,1168.0
2013-07-01,Colombo,1168.0,7,-0.4999999999999997,-0.8660254037844388,830.0,748.0,610.0,729.3333333333334,1298.0
2013-08-01,Colombo,1298.0,8,-0.8660254037844385,-0.5000000000000004,1168.0,830.0,748.0,915.3333333333334,685.0
2013-09-01,Colombo,685.0,9,-1.0,-1.8369701987210297e-16,1298.0,1168.0,830.0,1098.6666666666667,619.0
2013-10-01,Colombo,619.0,10,-0.8660254037844386,0.5000000000000001,685.0,1298.0,1168.0,1050.3333333333333,1173.0
2013-11-01,Colombo,1173.0,11,-0.5000000000000004,0.8660254037844384,619.0,685.0,1298.0,867.3333333333334,1259.0
2013-12-01,Colombo,1259.0,12,-2.4492935982947064e-16,1.0,1173.0,619.0,685.0,825.6666666666666,1346.0
2014-01-01,Colombo,1346.0,1,0.49999999999999994,0.8660254037844387,1259.0,1173.0,619.0,1017.0,684.0
2014-02-01,Colombo,684.0,2,0.8660254037844386,0.5000000000000001,1346.0,1259.0,1173.0,1259.3333333333333,488.0
2014-03-01,Colombo,488.0,3,1.0,6.123233995736766e-17,684.0,1346.0,1259.0,1096.3333333333333,539.0
2014-04-01,Colombo,539.0,4,0.8660254037844387,-0.4999999999999998,488.0,684.0,1346.0,839.3333333333334,1744.0
2014-05-01,Colombo,1744.0,5,0.49999999999999994,-0.8660254037844387,539.0,488.0,684.0,570.3333333333334,2289.0
2014-06-01,Colombo,2289.0,6,1.2246467991473532e-16,-1.0,1744.0,539.0,488.0,923.6666666666666,1859.0
2014-07-01,Colombo,1859.0,7,-0.4999999999999997,-0.8660254037844388,2289.0,1744.0,539.0,1524.0,1104.0
2014-08-01,Colombo,1104.0,8,-0.8660254037844385,-0.5000000000000004,1859.0,2289.0,1744.0,1964.0,706.0
2014-09-01,Colombo,706.0,9,-1.0,-1.8369701987210297e-16,1104.0,1859.0,2289.0,1750.6666666666667,1089.0
2014-10-01,Colombo,1089.0,10,-0.8660254037844386,0.5000000000000001,706.0,1104.0,1859.0,1223.0,1448.0
2014-11-01,Colombo,1448.0,11,-0.5000000000000004,0.8660254037844384,1089.0,706.0,1104.0,966.3333333333334,1415.0
2014-12-01,Colombo,1415.0,12,-2.4492935982947064e-16,1.0,1448.0,1089.0,706.0,1081.0,1802.0
2015-01-01,Colombo,1802.0,1,0.49999999999999994,0.8660254037844387,1415.0,1448.0,1089.0,1317.3333333333333,1101.0
2015-02-01,Colombo,1101.0,2,0.8660254037844386,0.5000000000000001,1802.0,1415.0,1448.0,1555.0,537.0
2015-03-01,Colombo,537.0,3,1.0,6.123233995736766e-17,1101.0,1802.0,1415.0,1439.3333333333333,317.0
2015-04-01,Colombo,317.0,4,0.8660254037844387,-0.4999999999999998,537.0,1101.0,1802.0,1146.6666666666667,515.0
2015-05-01,Colombo,515.0,5,0.49999999999999994,-0.8660254037844387,317.0,537.0,1101.0,651.6666666666666,515.0
2015-06-01,Colombo,515.0,6,1.2246467991473532e-16,-1.0,515.0,317.0,537.0,456.3333333333333,907.0
2015-07-01,Colombo,907.0,7,-0.4999999999999997,-0.8660254037844388,515.0,515.0,317.0,449.0,711.0
2015-08-01,Colombo,711.0,8,-0.8660254037844385,-0.5000000000000004,907.0,515.0,515.0,645.6666666666666,401.0
2015-09-01,Colombo,401.0,9,-1.0,-1.8369701987210297e-16,711.0,907.0,515.0,711.0,769.0
2015-10-01,Colombo,769.0,10,-0.8660254037844386,0.5000000000000001,401.0,711.0,907.0,673.0,985.0
2015-11-01,Colombo,985.0,11,-0.5000000000000004,0.8660254037844384,769.0,401.0,711.0,627.0,1321.0
2015-12-01,Colombo,1321.0,12,-2.4492935982947064e-16,1.0,985.0,769.0,401.0,718.3333333333334,2184.0
2016-01-01,Colombo,2184.0,1,0.49999999999999994,0.8660254037844387,1321.0,985.0,769.0,1025.0,1569.0
2016-02-01,Colombo,1569.0,2,0.8660254037844386,0.5000000000000001,2184.0,1321.0,985.0,1496.6666666666667,1016.0
2016-03-01,Colombo,1016.0,3,1.0,6.123233995736766e-17,1569.0,2184.0,1321.0,1691.3333333333333,942.0
2016-04-01,Colombo,942.0,4,0.8660254037844387,-0.4999999999999998,1016.0,1569.0,2184.0,1589.6666666666667,693.0
2016-05-01,Colombo,693.0,5,0.49999999999999994,-0.8660254037844387,942.0,1016.0,1569.0,1175.6666666666667,1459.0
2016-06-01,Colombo,1459.0,6,1.2246467991473532e-16,-1.0,693.0,942.0,1016.0,883.6666666666666,3191.0
2016-07-01,Colombo,3191.0,7,-0.4999999999999997,-0.8660254037844388,1459.0,693.0,942.0,1031.3333333333333,1478.0
2016-08-01,Colombo,1478.0,8,-0.8660254037844385,-0.5000000000000004,3191.0,1459.0,693.0,1781.0,939.0
2016-09-01,Colombo,939.0,9,-1.0,-1.8369701987210297e-16,1478.0,3191.0,1459.0,2042.6666666666667,459.0
2016-10-01,Colombo,459.0,10,-0.8660254037844386,0.5000000000000001,939.0,1478.0,3191.0,1869.3333333333333,460.0
2016-11-01,Colombo,460.0,11,-0.5000000000000004,0.8660254037844384,459.0,939.0,1478.0,958.6666666666666,2377.0
2016-12-01,Colombo,2377.0,12,-2.4492935982947064e-16,1.0,460.0,459.0,939.0,619.3333333333334,2734.0
2017-01-01,Colombo,2734.0,1,0.49999999999999994,0.8660254037844387,2377.0,460.0,459.0,1098.6666666666667,1900.0
2017-02-01,Colombo,1900.0,2,0.8660254037844386,0.5000000000000001,2734.0,2377.0,460.0,1857.0,2467.0
2017-03-01,Colombo,2467.0,3,1.0,6.123233995736766e-17,1900.0,2734.0,2377.0,2337.0,2570.0
2017-04-01,Colombo,2570.0,4,0.8660254037844387,-0.4999999999999998,2467.0,1900.0,2734.0,2367.0,3333.0
2017-05-01,Colombo,3333.0,5,0.49999999999999994,-0.8660254037844387,2570.0,2467.0,1900.0,2312.3333333333335,5372.0
2017-06-01,Colombo,5372.0,6,1.2246467991473532e-16,-1.0,3333.0,2570.0,2467.0,2790.0,7471.0
2017-07-01,Colombo,7471.0,7,-0.4999999999999997,-0.8660254037844388,5372.0,3333.0,2570.0,3758.3333333333335,3620.0
2017-08-01,Colombo,3620.0,8,-0.8660254037844385,-0.5000000000000004,7471.0,5372.0,3333.0,5392.0,1251.0
2017-09-01,Colombo,1251.0,9,-1.0,-1.8369701987210297e-16,3620.0,7471.0,5372.0,5487.666666666667,823.0
2017-10-01,Colombo,823.0,10,-0.8660254037844386,0.5000000000000001,1251.0,3620.0,7471.0,4114.0,1131.0
2017-11-01,Colombo,1131.0,11,-0.5000000000000004,0.8660254037844384,823.0,1251.0,3620.0,1898.0,1602.0
2017-12-01,Colombo,1602.0,12,-2.4492935982947064e-16,1.0,1131.0,823.0,1251.0,1068.3333333333333,1177.0
2018-01-01,Colombo,1177.0,1,0.49999999999999994,0.8660254037844387,1602.0,1131.0,823.0,1185.3333333333333,622.0
2018-02-01,Colombo,622.0,2,0.8660254037844386,0.5000000000000001,1177.0,1602.0,1131.0,1303.3333333333333,475.0
2018-03-01,Colombo,475.0,3,1.0,6.123233995736766e-17,622.0,1177.0,1602.0,1133.6666666666667,403.0
2018-04-01,Colombo,403.0,4,0.8660254037844387,-0.4999999999999998,475.0,622.0,1177.0,758.0,615.0
2018-05-01,Colombo,615.0,5,0.49999999999999994,-0.8660254037844387,403.0,475.0,622.0,500.0,1292.0
2018-06-01,Colombo,1292.0,6,1.2246467991473532e-16,-1.0,615.0,403.0,475.0,497.6666666666667,1568.0
2018-07-01,Colombo,1568.0,7,-0.4999999999999997,-0.8660254037844388,1292.0,615.0,403.0,770.0,1037.0
2018-08-01,Colombo,1037.0,8,-0.8660254037844385,-0.5000000000000004,1568.0,1292.0,615.0,1158.3333333333333,387.0
2018-09-01,Colombo,387.0,9,-1.0,-1.8369701987210297e-16,1037.0,1568.0,1292.0,1299.0,372.0
2018-10-01,Colombo,372.0,10,-0.8660254037844386,0.5000000000000001,387.0,1037.0,1568.0,997.3333333333334,977.0
2018-11-01,Colombo,977.0,11,-0.5000000000000004,0.8660254037844384,372.0,387.0,1037.0,598.6666666666666,1333.0
2018-12-01,Colombo,1333.0,12,-2.4492935982947064e-16,1.0,977.0,372.0,387.0,578.6666666666666,1225.0
2019-01-01,Colombo,1225.0,1,0.49999999999999994,0.8660254037844387,1333.0,977.0,372.0,894.0,792.0
2019-02-01,Colombo,792.0,2,0.8660254037844386,0.5000000000000001,1225.0,1333.0,977.0,1178.3333333333333,815.0
2019-03-01,Colombo,815.0,3,1.0,6.123233995736766e-17,792.0,1225.0,1333.0,1116.6666666666667,579.0
2019-04-01,Colombo,579.0,4,0.8660254037844387,-0.4999999999999998,815.0,792.0,1225.0,944.0,866.0
2019-05-01,Colombo,866.0,5,0.49999999999999994,-0.8660254037844387,579.0,815.0,792.0,728.6666666666666,1126.0
2019-06-01,Colombo,1126.0,6,1.2246467991473532e-16,-1.0,866.0,579.0,815.0,753.3333333333334,1857.0
2019-07-01,Colombo,1857.0,7,-0.4999999999999997,-0.8660254037844388,1126.0,866.0,579.0,857.0,1903.0
2019-08-01,Colombo,1903.0,8,-0.8660254037844385,-0.5000000000000004,1857.0,1126.0,866.0,1283.0,1462.0
2019-09-01,Colombo,1462.0,9,-1.0,-1.8369701987210297e-16,1903.0,1857.0,1126.0,1628.6666666666667,2593.0
2019-10-01,Colombo,2593.0,10,-0.8660254037844386,0.5000000000000001,1462.0,1903.0,1857.0,1740.6666666666667,4217.0
2019-11-01,Colombo,4217.0,11,-0.5000000000000004,0.8660254037844384,2593.0,1462.0,1903.0,1986.0,3283.0
2019-12-01,Colombo,3283.0,12,-2.4492935982947064e-16,1.0,4217.0,2593.0,1462.0,2757.3333333333335,1693.0
2020-01-01,Colombo,1693.0,1,0.49999999999999994,0.8660254037844387,3283.0,4217.0,2593.0,3364.3333333333335,767.0
2020-02-01,Colombo,767.0,2,0.8660254037844386,0.5000000000000001,1693.0,3283.0,4217.0,3064.3333333333335,235.0
2020-03-01,Colombo,235.0,3,1.0,6.123233995736766e-17,767.0,1693.0,3283.0,1914.3333333333333,30.0
2020-04-01,Colombo,30.0,4,0.8660254037844387,-0.4999999999999998,235.0,767.0,1693.0,898.3333333333334,189.0
2020-05-01,Colombo,189.0,5,0.49999999999999994,-0.8660254037844387,30.0,235.0,767.0,344.0,294.0
2020-06-01,Colombo,294.0,6,1.2246467991473532e-16,-1.0,189.0,30.0,235.0,151.33333333333334,324.0
2020-07-01,Colombo,324.0,7,-0.4999999999999997,-0.8660254037844388,294.0,189.0,30.0,171.0,231.0
2020-08-01,Colombo,231.0,8,-0.8660254037844385,-0.5000000000000004,324.0,294.0,189.0,269.0,192.0
2020-09-01,Colombo,192.0,9,-1.0,-1.8369701987210297e-16,231.0,324.0,294.0,283.0,151.0
2020-10-01,Colombo,151.0,10,-0.8660254037844386,0.5000000000000001,192.0,231.0,324.0,249.0,59.0
2020-11-01,Colombo,59.0,11,-0.5000000000000004,0.8660254037844384,151.0,192.0,231.0,191.33333333333334,92.0
2020-12-01,Colombo,92.0,12,-2.4492935982947064e-16,1.0,59.0,151.0,192.0,134.0,127.0
2021-01-01,Colombo,127.0,1,0.49999999999999994,0.8660254037844387,92.0,59.0,151.0,100.66666666666667,192.0
2021-02-01,Colombo,192.0,2,0.8660254037844386,0.5000000000000001,127.0,92.0,59.0,92.66666666666667,372.0
2021-03-01,Colombo,372.0,3,1.0,6.123233995736766e-17,192.0,127.0,92.0,137.0,443.0
2021-04-01,Colombo,443.0,4,0.8660254037844387,-0.4999999999999998,372.0,192.0,127.0,230.33333333333334,196.0
2021-05-01,Colombo,196.0,5,0.49999999999999994,-0.8660254037844387,443.0,372.0,192.0,335.6666666666667,534.0
2021-06-01,Colombo,534.0,6,1.2246467991473532e-16,-1.0,196.0,443.0,372.0,337.0,635.0
2021-07-01,Colombo,635.0,7,-0.4999999999999997,-0.8660254037844388,534.0,196.0,443.0,391.0,37.0
2021-08-01,Colombo,37.0,8,-0.8660254037844385,-0.5000000000000004,635.0,534.0,196.0,455.0,0.0
2021-09-01,Colombo,0.0,9,-1.0,-1.8369701987210297e-16,37.0,635.0,534.0,402.0,0.0
2021-10-01,Colombo,0.0,10,-0.8660254037844386,0.5000000000000001,0.0,37.0,635.0,224.0,0.0
2021-11-01,Colombo,0.0,11,-0.5000000000000004,0.8660254037844384,0.0,0.0,37.0,12.333333333333334,0.0
2010-04-01,Galle,115.0,4,0.8660254037844387,-0.4999999999999998,86.0,79.0,36.0,67.0,83.0
2010-05-01,Galle,83.0,5,0.49999999999999994,-0.8660254037844387,115.0,86.0,79.0,93.33333333333333,145.0
2010-06-01,Galle,145.0,6,1.2246467991473532e-16,-1.0,83.0,115.0,86.0,94.66666666666667,228.0
2010-07-01,Galle,228.0,7,-0.4999999999999997,-0.8660254037844388,145.0,83.0,115.0,114.33333333333333,169.0
2010-08-01,Galle,169.0,8,-0.8660254037844385,-0.5000000000000004,228.0,145.0,83.0,152.0,105.0
2010-09-01,Galle,105.0,9,-1.0,-1.8369701987210297e-16,169.0,228.0,145.0,180.66666666666666,49.0
2010-10-01,Galle,49.0,10,-0.8660254037844386,0.5000000000000001,105.0,169.0,228.0,167.33333333333334,11.0
2010-11-01,Galle,11.0,11,-0.5000000000000004,0.8660254037844384,49.0,105.0,169.0,107.66666666666667,7.0
2010-12-01,Galle,7.0,12,-2.4492935982947064e-16,1.0,11.0,49.0,105.0,55.0,7.0
2011-01-01,Galle,7.0,1,0.49999999999999994,0.8660254037844387,7.0,11.0,49.0,22.333333333333332,19.0
2011-02-01,Galle,19.0,2,0.8660254037844386,0.5000000000000001,7.0,7.0,11.0,8.333333333333334,30.0
2011-03-01,Galle,30.0,3,1.0,6.123233995736766e-17,19.0,7.0,7.0,11.0,57.0
2011-04-01,Galle,57.0,4,0.8660254037844387,-0.4999999999999998,30.0,19.0,7.0,18.666666666666668,98.0
2011-05-01,Galle,98.0,5,0.49999999999999994,-0.8660254037844387,57.0,30.0,19.0,35.333333333333336,112.0
2011-06-01,Galle,112.0,6,1.2246467991473532e-16,-1.0,98.0,57.0,30.0,61.666666666666664,168.0
2011-07-01,Galle,168.0,7,-0.4999999999999997,-0.8660254037844388,112.0,98.0,57.0,89.0,100.0
2011-08-01,Galle,100.0,8,-0.8660254037844385,-0.5000000000000004,168.0,112.0,98.0,126.0,96.0
2011-09-01,Galle,96.0,9,-1.0,-1.8369701987210297e-16,100.0,168.0,112.0,126.66666666666667,50.0
2011-10-01,Galle,50.0,10,-0.8660254037844386,0.5000000000000001,96.0,100.0,168.0,121.33333333333333,49.0
2011-11-01,Galle,49.0,11,-0.5000000000000004,0.8660254037844384,50.0,96.0,100.0,82.0,93.0
2011-12-01,Galle,93.0,12,-2.4492935982947064e-16,1.0,49.0,50.0,96.0,65.0,105.0
2012-01-01,Galle,105.0,1,0.49999999999999994,0.8660254037844387,93.0,49.0,50.0,64.0,105.0
2012-02-01,Galle,105.0,2,0.8660254037844386,0.5000000000000001,105.0,93.0,49.0,82.33333333333333,161.0
2012-03-01,Galle,161.0,3,1.0,6.123233995736766e-17,105.0,105.0,93.0,101.0,90.0
2012-04-01,Galle,90.0,4,0.8660254037844387,-0.4999999999999998,161.0,105.0,105.0,123.66666666666667,99.0
2012-05-01,Galle,99.0,5,0.49999999999999994,-0.8660254037844387,90.0,161.0,105.0,118.66666666666667,221.0
2012-06-01,Galle,221.0,6,1.2246467991473532e-16,-1.0,99.0,90.0,161.0,116.66666666666667,217.0
2012-07-01,Galle,217.0,7,-0.4999999999999997,-0.8660254037844388,221.0,99.0,90.0,136.66666666666666,241.0
2012-08-01,Galle,241.0,8,-0.8660254037844385,-0.5000000000000004,217.0,221.0,99.0,179.0,78.0
2012-09-01,Galle,78.0,9,-1.0,-1.8369701987210297e-16,241.0,217.0,221.0,226.33333333333334,60.0
2012-10-01,Galle,60.0,10,-0.8660254037844386,0.5000000000000001,78.0,241.0,217.0,178.66666666666666,78.0
2012-11-01,Galle,78.0,11,-0.5000000000000004,0.8660254037844384,60.0,78.0,241.0,126.33333333333333,58.0
2012-12-01,Galle,58.0,12,-2.4492935982947064e-16,1.0,78.0,60.0,78.0,72.0,57.0
2013-01-01,Galle,57.0,1,0.49999999999999994,0.8660254037844387,58.0,78.0,60.0,65.33333333333333,60.0
2013-02-01,Galle,60.0,2,0.8660254037844386,0.5000000000000001,57.0,58.0,78.0,64.33333333333333,92.0
2013-03-01,Galle,92.0,3,1.0,6.123233995736766e-17,60.0,57.0,58.0,58.333333333333336,57.0
2013-04-01,Galle,57.0,4,0.8660254037844387,-0.4999999999999998,92.0,60.0,57.0,69.66666666666667,108.0
2013-05-01,Galle,108.0,5,0.49999999999999994,-0.8660254037844387,57.0,92.0,60.0,69.66666666666667,100.0
2013-06-01,Galle,100.0,6,1.2246467991473532e-16,-1.0,108.0,57.0,92.0,85.66666666666667,84.0
2013-07-01,Galle,84.0,7,-0.4999999999999997,-0.8660254037844388,100.0,108.0,57.0,88.33333333333333,93.0
2013-08-01,Galle,93.0,8,-0.8660254037844385,-0.5000000000000004,84.0,100.0,108.0,97.33333333333333,79.0
2013-09-01,Galle,79.0,9,-1.0,-1.8369701987210297e-16,93.0,84.0,100.0,92.33333333333333,34.0
2013-10-01,Galle,34.0,10,-0.8660254037844386,0.5000000000000001,79.0,93.0,84.0,85.33333333333333,68.0
2013-11-01,Galle,68.0,11,-0.5000000000000004,0.8660254037844384,34.0,79.0,93.0,68.66666666666667,108.0
2013-12-01,Galle,108.0,12,-2.4492935982947064e-16,1.0,68.0,34.0,79.0,60.333333333333336,136.0
2014-01-01,Galle,136.0,1,0.49999999999999994,0.8660254037844387,108.0,68.0,34.0,70.0,49.0
2014-02-01,Galle,49.0,2,0.8660254037844386,0.5000000000000001,136.0,108.0,68.0,104.0,61.0
2014-03-01,Galle,61.0,3,1.0,6.123233995736766e-17,49.0,136.0,108.0,97.66666666666667,35.0
2014-04-01,Galle,35.0,4,0.8660254037844387,-0.4999999999999998,61.0,49.0,136.0,82.0,75.0
2014-05-01,Galle,75.0,5,0.49999999999999994,-0.8660254037844387,35.0,61.0,49.0,48.333333333333336,139.0
2014-06-01,Galle,139.0,6,1.2246467991473532e-16,-1.0,75.0,35.0,61.0,57.0,197.0
2014-07-01,Galle,197.0,7,-0.4999999999999997,-0.8660254037844388,139.0,75.0,35.0,83.0,107.0
2014-08-01,Galle,107.0,8,-0.8660254037844385,-0.5000000000000004,197.0,139.0,75.0,137.0,71.0
2014-09-01,Galle,71.0,9,-1.0,-1.8369701987210297e-16,107.0,197.0,139.0,147.66666666666666,125.0
2014-10-01,Galle,125.0,10,-0.8660254037844386,0.5000000000000001,71.0,107.0,197.0,125.0,109.0
2014-11-01,Galle,109.0,11,-0.5000000000000004,0.8660254037844384,125.0,71.0,107.0,101.0,120.0
2014-12-01,Galle,120.0,12,-2.4492935982947064e-16,1.0,109.0,125.0,71.0,101.66666666666667,150.0
2015-01-01,Galle,150.0,1,0.49999999999999994,0.8660254037844387,120.0,109.0,125.0,118.0,118.0
2015-02-01,Galle,118.0,2,0.8660254037844386,0.5000000000000001,150.0,120.0,109.0,126.33333333333333,70.0
2015-03-01,Galle,70.0,3,1.0,6.123233995736766e-17,118.0,150.0,120.0,129.33333333333334,35.0
2015-04-01,Galle,35.0,4,0.8660254037844387,-0.4999999999999998,70.0,118.0,150.0,112.66666666666667,26.0
2015-05-01,Galle,26.0,5,0.49999999999999994,-0.8660254037844387,35.0,70.0,118.0,74.33333333333333,20.0
2015-06-01,Galle,20.0,6,1.2246467991473532e-16,-1.0,26.0,35.0,70.0,43.666666666666664,46.0
2015-07-01,Galle,46.0,7,-0.4999999999999997,-0.8660254037844388,20.0,26.0,35.0,27.0,80.0
2015-08-01,Galle,80.0,8,-0.8660254037844385,-0.5000000000000004,46.0,20.0,26.0,30.666666666666668,75.0
2015-09-01,Galle,75.0,9,-1.0,-1.8369701987210297e-16,80.0,46.0,20.0,48.666666666666664,131.0
2015-10-01,Galle,131.0,10,-0.8660254037844386,0.5000000000000001,75.0,80.0,46.0,67.0,151.0
2015-11-01,Galle,151.0,11,-0.5000000000000004,0.8660254037844384,131.0,75.0,80.0,95.33333333333333,128.0
2015-12-01,Galle,128.0,12,-2.4492935982947064e-16,1.0,151.0,131.0,75.0,119.0,276.0
2016-01-01,Galle,276.0,1,0.49999999999999994,0.8660254037844387,128.0,151.0,131.0,136.66666666666666,135.0
2016-02-01,Galle,135.0,2,0.8660254037844386,0.5000000000000001,276.0,128.0,151.0,185.0,110.0
2016-03-01,Galle,110.0,3,1.0,6.123233995736766e-17,135.0,276.0,128.0,179.66666666666666,120.0
2016-04-01,Galle,120.0,4,0.8660254037844387,-0.4999999999999998,110.0,135.0,276.0,173.66666666666666,118.0
2016-05-01,Galle,118.0,5,0.49999999999999994,-0.8660254037844387,120.0,110.0,135.0,121.66666666666667,121.0
2016-06-01,Galle,121.0,6,1.2246467991473532e-16,-1.0,118.0,120.0,110.0,116.0,467.0
2016-07-01,Galle,467.0,7,-0.4999999999999997,-0.8660254037844388,121.0,118.0,120.0,119.66666666666667,253.0
2016-08-01,Galle,253.0,8,-0.8660254037844385,-0.5000000000000004,467.0,121.0,118.0,235.33333333333334,288.0
2016-09-01,Galle,288.0,9,-1.0,-1.8369701987210297e-16,253.0,467.0,121.0,280.3333333333333,236.0
2016-10-01,Galle,236.0,10,-0.8660254037844386,0.5000000000000001,288.0,253.0,467.0,336.0,281.0
2016-11-01,Galle,281.0,11,-0.5000000000000004,0.8660254037844384,236.0,288.0,253.0,259.0,681.0
2016-12-01,Galle,681.0,12,-2.4492935982947064e-16,1.0,281.0,236.0,288.0,268.3333333333333,872.0
2017-01-01,Galle,872.0,1,0.49999999999999994,0.8660254037844387,681.0,281.0,236.0,399.3333333333333,567.0
2017-02-01,Galle,567.0,2,0.8660254037844386,0.5000000000000001,872.0,681.0,281.0,611.3333333333334,424.0
2017-03-01,Galle,424.0,3,1.0,6.123233995736766e-17,567.0,872.0,681.0,706.6666666666666,265.0
2017-04-01,Galle,265.0,4,0.8660254037844387,-0.4999999999999998,424.0,567.0,872.0,621.0,394.0
2017-05-01,Galle,394.0,5,0.49999999999999994,-0.8660254037844387,265.0,424.0,567.0,418.6666666666667,623.0
2017-06-01,Galle,623.0,6,1.2246467991473532e-16,-1.0,394.0,265.0,424.0,361.0,1072.0
2017-07-01,Galle,1072.0,7,-0.4999999999999997,-0.8660254037844388,623.0,394.0,265.0,427.3333333333333,877.0
2017-08-01,Galle,877.0,8,-0.8660254037844385,-0.5000000000000004,1072.0,623.0,394.0,696.3333333333334,369.0
2017-09-01,Galle,369.0,9,-1.0,-1.8369701987210297e-16,877.0,1072.0,623.0,857.3333333333334,163.0
2017-10-01,Galle,163.0,10,-0.8660254037844386,0.5000000000000001,369.0,877.0,1072.0,772.6666666666666,300.0
2017-11-01,Galle,300.0,11,-0.5000000000000004,0.8660254037844384,163.0,369.0,877.0,469.6666666666667,339.0
2017-12-01,Galle,339.0,12,-2.4492935982947064e-16,1.0,300.0,163.0,369.0,277.3333333333333,170.0
2018-01-01,Galle,170.0,1,0.49999999999999994,0.8660254037844387,339.0,300.0,163.0,267.3333333333333,127.0
2018-02-01,Galle,127.0,2,0.8660254037844386,0.5000000000000001,170.0,339.0,300.0,269.6666666666667,71.0
2018-03-01,Galle,71.0,3,1.0,6.123233995736766e-17,127.0,170.0,339.0,212.0,54.0
2018-04-01,Galle,54.0,4,0.8660254037844387,-0.4999999999999998,71.0,127.0,170.0,122.66666666666667,54.0
2018-05-01,Galle,54.0,5,0.49999999999999994,-0.8660254037844387,54.0,71.0,127.0,84.0,88.0
2018-06-01,Galle,88.0,6,1.2246467991473532e-16,-1.0,54.0,54.0,71.0,59.666666666666664,133.0
2018-07-01,Galle,133.0,7,-0.4999999999999997,-0.8660254037844388,88.0,54.0,54.0,65.33333333333333,62.0
2018-08-01,Galle,62.0,8,-0.8660254037844385,-0.5000000000000004,133.0,88.0,54.0,91.66666666666667,33.0
2018-09-01,Galle,33.0,9,-1.0,-1.8369701987210297e-16,62.0,133.0,88.0,94.33333333333333,34.0
2018-10-01,Galle,34.0,10,-0.8660254037844386,0.5000000000000001,33.0,62.0,133.0,76.0,66.0
2018-11-01,Galle,66.0,11,-0.5000000000000004,0.8660254037844384,34.0,33.0,62.0,43.0,84.0
2018-12-01,Galle,84.0,12,-2.4492935982947064e-16,1.0,66.0,34.0,33.0,44.333333333333336,132.0
2019-01-01,Galle,132.0,1,0.49999999999999994,0.8660254037844387,84.0,66.0,34.0,61.333333333333336,123.0
2019-02-01,Galle,123.0,2,0.8660254037844386,0.5000000000000001,132.0,84.0,66.0,94.0,156.0
2019-03-01,Galle,156.0,3,1.0,6.123233995736766e-17,123.0,132.0,84.0,113.0,207.0
2019-04-01,Galle,207.0,4,0.8660254037844387,-0.4999999999999998,156.0,123.0,132.0,137.0,772.0
2019-05-01,Galle,772.0,5,0.49999999999999994,-0.8660254037844387,207.0,156.0,123.0,162.0,1155.0
2019-06-01,Galle,1155.0,6,1.2246467991473532e-16,-1.0,772.0,207.0,156.0,378.3333333333333,1055.0
2019-07-01,Galle,1055.0,7,-0.4999999999999997,-0.8660254037844388,1155.0,772.0,207.0,711.3333333333334,956.0
2019-08-01,Galle,956.0,8,-0.8660254037844385,-0.5000000000000004,1055.0,1155.0,772.0,994.0,470.0
2019-09-01,Galle,470.0,9,-1.0,-1.8369701987210297e-16,956.0,1055.0,1155.0,1055.3333333333333,536.0
2019-10-01,Galle,536.0,10,-0.8660254037844386,0.5000000000000001,470.0,956.0,1055.0,827.0,993.0
2019-11-01,Galle,993.0,11,-0.5000000000000004,0.8660254037844384,536.0,470.0,956.0,654.0,823.0
2019-12-01,Galle,823.0,12,-2.4492935982947064e-16,1.0,993.0,536.0,470.0,666.3333333333334,651.0
2020-01-01,Galle,651.0,1,0.49999999999999994,0.8660254037844387,823.0,993.0,536.0,784.0,249.0
2020-02-01,Galle,249.0,2,0.8660254037844386,0.5000000000000001,651.0,823.0,993.0,822.3333333333334,63.0
2020-03-01,Galle,63.0,3,1.0,6.123233995736766e-17,249.0,651.0,823.0,574.3333333333334,41.0
2020-04-01,Galle,41.0,4,0.8660254037844387,-0.4999999999999998,63.0,249.0,651.0,321.0,233.0
2020-05-01,Galle,233.0,5,0.49999999999999994,-0.8660254037844387,41.0,63.0,249.0,117.66666666666667,149.0
2020-06-01,Galle,149.0,6,1.2246467991473532e-16,-1.0,233.0,41.0,63.0,112.33333333333333,101.0
2020-07-01,Galle,101.0,7,-0.4999999999999997,-0.8660254037844388,149.0,233.0,41.0,141.0,60.0
2020-08-01,Galle,60.0,8,-0.8660254037844385,-0.5000000000000004,101.0,149.0,233.0,161.0,67.0
2020-09-01,Galle,67.0,9,-1.0,-1.8369701987210297e-16,60.0,101.0,149.0,103.33333333333333,27.0
2020-10-01,Galle,27.0,10,-0.8660254037844386,0.5000000000000001,67.0,60.0,101.0,76.0,17.0
2020-11-01,Galle,17.0,11,-0.5000000000000004,0.8660254037844384,27.0,67.0,60.0,51.333333333333336,13.0
2020-12-01,Galle,13.0,12,-2.4492935982947064e-16,1.0,17.0,27.0,67.0,37.0,19.0
2021-01-01,Galle,19.0,1,0.49999999999999994,0.8660254037844387,13.0,17.0,27.0,19.0,15.0
2021-02-01,Galle,15.0,2,0.8660254037844386,0.5000000000000001,19.0,13.0,17.0,16.333333333333332,28.0
2021-03-01,Galle,28.0,3,1.0,6.123233995736766e-17,15.0,19.0,13.0,15.666666666666666,36.0
2021-04-01,Galle,36.0,4,0.8660254037844387,-0.4999999999999998,28.0,15.0,19.0,20.666666666666668,16.0
2021-05-01,Galle,16.0,5,0.49999999999999994,-0.8660254037844387,36.0,28.0,15.0,26.333333333333332,28.0
2021-06-01,Galle,28.0,6,1.2246467991473532e-16,-1.0,16.0,36.0,28.0,26.666666666666668,25.0
2021-07-01,Galle,25.0,7,-0.4999999999999997,-0.8660254037844388,28.0,16.0,36.0,26.666666666666668,0.0
2021-08-01,Galle,0.0,8,-0.8660254037844385,-0.5000000000000004,25.0,28.0,16.0,23.0,0.0
2021-09-01,Galle,0.0,9,-1.0,-1.8369701987210297e-16,0.0,25.0,28.0,17.666666666666668,0.0
2021-10-01,Galle,0.0,10,-0.8660254037844386,0.5000000000000001,0.0,0.0,25.0,8.333333333333334,0.0
2021-11-01,Galle,0.0,11,-0.5000000000000004,0.8660254037844384,0.0,0.0,0.0,0.0,0.0
2010-04-01,Gampaha,205.0,4,0.8660254037844387,-0.4999999999999998,306.0,623.0,608.0,512.3333333333334,295.0
2010-05-01,Gampaha,295.0,5,0.49999999999999994,-0.8660254037844387,205.0,306.0,623.0,378.0,381.0
2010-06-01,Gampaha,381.0,6,1.2246467991473532e-16,-1.0,295.0,205.0,306.0,268.6666666666667,686.0
2010-07-01,Gampaha,686.0,7,-0.4999999999999997,-0.8660254037844388,381.0,295.0,205.0,293.6666666666667,417.0
2010-08-01,Gampaha,417.0,8,-0.8660254037844385,-0.5000000000000004,686.0,381.0,295.0,454.0,174.0
2010-09-01,Gampaha,174.0,9,-1.0,-1.8369701987210297e-16,417.0,686.0,381.0,494.6666666666667,101.0
2010-10-01,Gampaha,101.0,10,-0.8660254037844386,0.5000000000000001,174.0,417.0,686.0,425.6666666666667,77.0
2010-11-01,Gampaha,77.0,11,-0.5000000000000004,0.8660254037844384,101.0,174.0,417.0,230.66666666666666,87.0
2010-12-01,Gampaha,87.0,12,-2.4492935982947064e-16,1.0,77.0,101.0,174.0,117.33333333333333,134.0
2011-01-01,Gampaha,134.0,1,0.49999999999999994,0.8660254037844387,87.0,77.0,101.0,88.33333333333333,119.0
2011-02-01,Gampaha,119.0,2,0.8660254037844386,0.5000000000000001,134.0,87.0,77.0,99.33333333333333,141.0
2011-03-01,Gampaha,141.0,3,1.0,6.123233995736766e-17,119.0,134.0,87.0,113.33333333333333,183.0
2011-04-01,Gampaha,183.0,4,0.8660254037844387,-0.4999999999999998,141.0,119.0,134.0,131.33333333333334,218.0
2011-05-01,Gampaha,218.0,5,0.49999999999999994,-0.8660254037844387,183.0,141.0,119.0,147.66666666666666,537.0
2011-06-01,Gampaha,537.0,6,1.2246467991473532e-16,-1.0,218.0,183.0,141.0,180.66666666666666,911.0
2011-07-01,Gampaha,911.0,7,-0.4999999999999997,-0.8660254037844388,537.0,218.0,183.0,312.6666666666667,428.0
2011-08-01,Gampaha,428.0,8,-0.8660254037844385,-0.5000000000000004,911.0,537.0,218.0,555.3333333333334,367.0
2011-09-01,Gampaha,367.0,9,-1.0,-1.8369701987210297e-16,428.0,911.0,537.0,625.3333333333334,321.0
2011-10-01,Gampaha,321.0,10,-0.8660254037844386,0.5000000000000001,367.0,428.0,911.0,568.6666666666666,347.0
2011-11-01,Gampaha,347.0,11,-0.5000000000000004,0.8660254037844384,321.0,367.0,428.0,372.0,668.0
2011-12-01,Gampaha,668.0,12,-2.4492935982947064e-16,1.0,347.0,321.0,367.0,345.0,847.0
2012-01-01,Gampaha,847.0,1,0.49999999999999994,0.8660254037844387,668.0,347.0,321.0,445.3333333333333,640.0
2012-02-01,Gampaha,640.0,2,0.8660254037844386,0.5000000000000001,847.0,668.0,347.0,620.6666666666666,447.0
2012-03-01,Gampaha,447.0,3,1.0,6.123233995736766e-17,640.0,847.0,668.0,718.3333333333334,367.0
2012-04-01,Gampaha,367.0,4,0.8660254037844387,-0.4999999999999998,447.0,640.0,847.0,644.6666666666666,397.0
2012-05-01,Gampaha,397.0,5,0.49999999999999994,-0.8660254037844387,367.0,447.0,640.0,484.6666666666667,1180.0
2012-06-01,Gampaha,1180.0,6,1.2246467991473532e-16,-1.0,397.0,367.0,447.0,403.6666666666667,969.0
2012-07-01,Gampaha,969.0,7,-0.4999999999999997,-0.8660254037844388,1180.0,397.0,367.0,648.0,884.0
2012-08-01,Gampaha,884.0,8,-0.8660254037844385,-0.5000000000000004,969.0,1180.0,397.0,848.6666666666666,479.0
2012-09-01,Gampaha,479.0,9,-1.0,-1.8369701987210297e-16,884.0,969.0,1180.0,1011.0,570.0
2012-10-01,Gampaha,570.0,10,-0.8660254037844386,0.5000000000000001,479.0,884.0,969.0,777.3333333333334,737.0
2012-11-01,Gampaha,737.0,11,-0.5000000000000004,0.8660254037844384,570.0,479.0,884.0,644.3333333333334,489.0
2012-12-01,Gampaha,489.0,12,-2.4492935982947064e-16,1.0,737.0,570.0,479.0,595.3333333333334,463.0
2013-01-01,Gampaha,463.0,1,0.49999999999999994,0.8660254037844387,489.0,737.0,570.0,598.6666666666666,321.0
2013-02-01,Gampaha,321.0,2,0.8660254037844386,0.5000000000000001,463.0,489.0,737.0,563.0,289.0
2013-03-01,Gampaha,289.0,3,1.0,6.123233995736766e-17,321.0,463.0,489.0,424.3333333333333,212.0
2013-04-01,Gampaha,212.0,4,0.8660254037844387,-0.4999999999999998,289.0,321.0,463.0,357.6666666666667,319.0
2013-05-01,Gampaha,319.0,5,0.49999999999999994,-0.8660254037844387,212.0,289.0,321.0,274.0,273.0
2013-06-01,Gampaha,273.0,6,1.2246467991473532e-16,-1.0,319.0,212.0,289.0,273.3333333333333,385.0
2013-07-01,Gampaha,385.0,7,-0.4999999999999997,-0.8660254037844388,273.0,319.0,212.0,268.0,394.0
2013-08-01,Gampaha,394.0,8,-0.8660254037844385,-0.5000000000000004,385.0,273.0,319.0,325.6666666666667,245.0
2013-09-01,Gampaha,245.0,9,-1.0,-1.8369701987210297e-16,394.0,385.0,273.0,350.6666666666667,237.0
2013-10-01,Gampaha,237.0,10,-0.8660254037844386,0.5000000000000001,245.0,394.0,385.0,341.3333333333333,383.0
2013-11-01,Gampaha,383.0,11,-0.5000000000000004,0.8660254037844384,237.0,245.0,394.0,292.0,308.0
2013-12-01,Gampaha,308.0,12,-2.4492935982947064e-16,1.0,383.0,237.0,245.0,288.3333333333333,632.0
2014-01-01,Gampaha,632.0,1,0.49999999999999994,0.8660254037844387,308.0,383.0,237.0,309.3333333333333,279.0
2014-02-01,Gampaha,279.0,2,0.8660254037844386,0.5000000000000001,632.0,308.0,383.0,441.0,191.0
2014-03-01,Gampaha,191.0,3,1.0,6.123233995736766e-17,279.0,632.0,308.0,406.3333333333333,280.0
2014-04-01,Gampaha,280.0,4,0.8660254037844387,-0.4999999999999998,191.0,279.0,632.0,367.3333333333333,921.0
2014-05-01,Gampaha,921.0,5,0.49999999999999994,-0.8660254037844387,280.0,191.0,279.0,250.0,1111.0
2014-06-01,Gampaha,1111.0,6,1.2246467991473532e-16,-1.0,921.0,280.0,191.0,464.0,932.0
2014-07-01,Gampaha,932.0,7,-0.4999999999999997,-0.8660254037844388,1111.0,921.0,280.0,770.6666666666666,772.0
2014-08-01,Gampaha,772.0,8,-0.8660254037844385,-0.5000000000000004,932.0,1111.0,921.0,988.0,569.0
2014-09-01,Gampaha,569.0,9,-1.0,-1.8369701987210297e-16,772.0,932.0,1111.0,938.3333333333334,1015.0
2014-10-01,Gampaha,1015.0,10,-0.8660254037844386,0.5000000000000001,569.0,772.0,932.0,757.6666666666666,1111.0
2014-11-01,Gampaha,1111.0,11,-0.5000000000000004,0.8660254037844384,1015.0,569.0,772.0,785.3333333333334,998.0
2014-12-01,Gampaha,998.0,12,-2.4492935982947064e-16,1.0,1111.0,1015.0,569.0,898.3333333333334,817.0
2015-01-01,Gampaha,817.0,1,0.49999999999999994,0.8660254037844387,998.0,1111.0,1015.0,1041.3333333333333,492.0
2015-02-01,Gampaha,492.0,2,0.8660254037844386,0.5000000000000001,817.0,998.0,1111.0,975.3333333333334,255.0
2015-03-01,Gampaha,255.0,3,1.0,6.123233995736766e-17,492.0,817.0,998.0,769.0,193.0
2015-04-01,Gampaha,193.0,4,0.8660254037844387,-0.4999999999999998,255.0,492.0,817.0,521.3333333333334,264.0
2015-05-01,Gampaha,264.0,5,0.49999999999999994,-0.8660254037844387,193.0,255.0,492.0,313.3333333333333,225.0
2015-06-01,Gampaha,225.0,6,1.2246467991473532e-16,-1.0,264.0,193.0,255.0,237.33333333333334,317.0
2015-07-01,Gampaha,317.0,7,-0.4999999999999997,-0.8660254037844388,225.0,264.0,193.0,227.33333333333334,233.0
2015-08-01,Gampaha,233.0,8,-0.8660254037844385,-0.5000000000000004,317.0,225.0,264.0,268.6666666666667,186.0
2015-09-01,Gampaha,186.0,9,-1.0,-1.8369701987210297e-16,233.0,317.0,225.0,258.3333333333333,277.0
2015-10-01,Gampaha,277.0,10,-0.8660254037844386,0.5000000000000001,186.0,233.0,317.0,245.33333333333334,387.0
2015-11-01,Gampaha,387.0,11,-0.5000000000000004,0.8660254037844384,277.0,186.0,233.0,232.0,496.0
2015-12-01,Gampaha,496.0,12,-2.4492935982947064e-16,1.0,387.0,277.0,186.0,283.3333333333333,862.0
2016-01-01,Gampaha,862.0,1,0.49999999999999994,0.8660254037844387,496.0,387.0,277.0,386.6666666666667,615.0
2016-02-01,Gampaha,615.0,2,0.8660254037844386,0.5000000000000001,862.0,496.0,387.0,581.6666666666666,260.0
2016-03-01,Gampaha,260.0,3,1.0,6.123233995736766e-17,615.0,862.0,496.0,657.6666666666666,276.0
2016-04-01,Gampaha,276.0,4,0.8660254037844387,-0.4999999999999998,260.0,615.0,862.0,579.0,221.0
2016-05-01,Gampaha,221.0,5,0.49999999999999994,-0.8660254037844387,276.0,260.0,615.0,383.6666666666667,555.0
2016-06-01,Gampaha,555.0,6,1.2246467991473532e-16,-1.0,221.0,276.0,260.0,252.33333333333334,1625.0
2016-07-01,Gampaha,1625.0,7,-0.4999999999999997,-0.8660254037844388,555.0,221.0,276.0,350.6666666666667,687.0
2016-08-01,Gampaha,687.0,8,-0.8660254037844385,-0.5000000000000004,1625.0,555.0,221.0,800.3333333333334,526.0
2016-09-01,Gampaha,526.0,9,-1.0,-1.8369701987210297e-16,687.0,1625.0,555.0,955.6666666666666,219.0
2016-10-01,Gampaha,219.0,10,-0.8660254037844386,0.5000000000000001,526.0,687.0,1625.0,946.0,220.0
2016-11-01,Gampaha,220.0,11,-0.5000000000000004,0.8660254037844384,219.0,526.0,687.0,477.3333333333333,1107.0
2016-12-01,Gampaha,1107.0,12,-2.4492935982947064e-16,1.0,220.0,219.0,526.0,321.6666666666667,1635.0
2017-01-01,Gampaha,1635.0,1,0.49999999999999994,0.8660254037844387,1107.0,220.0,219.0,515.3333333333334,1087.0
2017-02-01,Gampaha,1087.0,2,0.8660254037844386,0.5000000000000001,1635.0,1107.0,220.0,987.3333333333334,1870.0
2017-03-01,Gampaha,1870.0,3,1.0,6.123233995736766e-17,1087.0,1635.0,1107.0,1276.3333333333333,2072.0
2017-04-01,Gampaha,2072.0,4,0.8660254037844387,-0.4999999999999998,1870.0,1087.0,1635.0,1530.6666666666667,3168.0
2017-05-01,Gampaha,3168.0,5,0.49999999999999994,-0.8660254037844387,2072.0,1870.0,1087.0,1676.3333333333333,4901.0
2017-06-01,Gampaha,4901.0,6,1.2246467991473532e-16,-1.0,3168.0,2072.0,1870.0,2370.0,9039.0
2017-07-01,Gampaha,9039.0,7,-0.4999999999999997,-0.8660254037844388,4901.0,3168.0,2072.0,3380.3333333333335,3553.0
2017-08-01,Gampaha,3553.0,8,-0.8660254037844385,-0.5000000000000004,9039.0,4901.0,3168.0,5702.666666666667,1246.0
2017-09-01,Gampaha,1246.0,9,-1.0,-1.8369701987210297e-16,3553.0,9039.0,4901.0,5831.0,779.0
2017-10-01,Gampaha,779.0,10,-0.8660254037844386,0.5000000000000001,1246.0,3553.0,9039.0,4612.666666666667,1078.0
2017-11-01,Gampaha,1078.0,11,-0.5000000000000004,0.8660254037844384,779.0,1246.0,3553.0,1859.3333333333333,1219.0
2017-12-01,Gampaha,1219.0,12,-2.4492935982947064e-16,1.0,1078.0,779.0,1246.0,1034.3333333333333,711.0
2018-01-01,Gampaha,711.0,1,0.49999999999999994,0.8660254037844387,1219.0,1078.0,779.0,1025.3333333333333,404.0
2018-02-01,Gampaha,404.0,2,0.8660254037844386,0.5000000000000001,711.0,1219.0,1078.0,1002.6666666666666,239.0
2018-03-01,Gampaha,239.0,3,1.0,6.123233995736766e-17,404.0,711.0,1219.0,778.0,175.0
2018-04-01,Gampaha,175.0,4,0.8660254037844387,-0.4999999999999998,239.0,404.0,711.0,451.3333333333333,233.0
2018-05-01,Gampaha,233.0,5,0.49999999999999994,-0.8660254037844387,175.0,239.0,404.0,272.6666666666667,668.0
2018-06-01,Gampaha,668.0,6,1.2246467991473532e-16,-1.0,233.0,175.0,239.0,215.66666666666666,852.0
2018-07-01,Gampaha,852.0,7,-0.4999999999999997,-0.8660254037844388,668.0,233.0,175.0,358.6666666666667,661.0
2018-08-01,Gampaha,661.0,8,-0.8660254037844385,-0.5000000000000004,852.0,668.0,233.0,584.3333333333334,350.0
2018-09-01,Gampaha,350.0,9,-1.0,-1.8369701987210297e-16,661.0,852.0,668.0,727.0,237.0
2018-10-01,Gampaha,237.0,10,-0.8660254037844386,0.5000000000000001,350.0,661.0,852.0,621.0,590.0
2018-11-01,Gampaha,590.0,11,-0.5000000000000004,0.8660254037844384,237.0,350.0,661.0,416.0,737.0
2018-12-01,Gampaha,737.0,12,-2.4492935982947064e-16,1.0,590.0,237.0,350.0,392.3333333333333,724.0
2019-01-01,Gampaha,724.0,1,0.49999999999999994,0.8660254037844387,737.0,590.0,237.0,521.3333333333334,466.0
2019-02-01,Gampaha,466.0,2,0.8660254037844386,0.5000000000000001,724.0,737.0,590.0,683.6666666666666,511.0
2019-03-01,Gampaha,511.0,3,1.0,6.123233995736766e-17,466.0,724.0,737.0,642.3333333333334,429.0
2019-04-01,Gampaha,429.0,4,0.8660254037844387,-0.4999999999999998,511.0,466.0,724.0,567.0,569.0
2019-05-01,Gampaha,569.0,5,0.49999999999999994,-0.8660254037844387,429.0,511.0,466.0,468.6666666666667,890.0
2019-06-01,Gampaha,890.0,6,1.2246467991473532e-16,-1.0,569.0,429.0,511.0,503.0,1760.0
2019-07-01,Gampaha,1760.0,7,-0.4999999999999997,-0.8660254037844388,890.0,569.0,429.0,629.3333333333334,2059.0
2019-08-01,Gampaha,2059.0,8,-0.8660254037844385,-0.5000000000000004,1760.0,890.0,569.0,1073.0,1515.0
2019-09-01,Gampaha,1515.0,9,-1.0,-1.8369701987210297e-16,2059.0,1760.0,890.0,1569.6666666666667,2070.0
2019-10-01,Gampaha,2070.0,10,-0.8660254037844386,0.5000000000000001,1515.0,2059.0,1760.0,1778.0,3154.0
2019-11-01,Gampaha,3154.0,11,-0.5000000000000004,0.8660254037844384,2070.0,1515.0,2059.0,1881.3333333333333,2426.0
2019-12-01,Gampaha,2426.0,12,-2.4492935982947064e-16,1.0,3154.0,2070.0,1515.0,2246.3333333333335,1049.0
2020-01-01,Gampaha,1049.0,1,0.49999999999999994,0.8660254037844387,2426.0,3154.0,2070.0,2550.0,452.0
2020-02-01,Gampaha,452.0,2,0.8660254037844386,0.5000000000000001,1049.0,2426.0,3154.0,2209.6666666666665,128.0
2020-03-01,Gampaha,128.0,3,1.0,6.123233995736766e-17,452.0,1049.0,2426.0,1309.0,36.0
2020-04-01,Gampaha,36.0,4,0.8660254037844387,-0.4999999999999998,128.0,452.0,1049.0,543.0,95.0
2020-05-01,Gampaha,95.0,5,0.49999999999999994,-0.8660254037844387,36.0,128.0,452.0,205.33333333333334,188.0
2020-06-01,Gampaha,188.0,6,1.2246467991473532e-16,-1.0,95.0,36.0,128.0,86.33333333333333,175.0
2020-07-01,Gampaha,175.0,7,-0.4999999999999997,-0.8660254037844388,188.0,95.0,36.0,106.33333333333333,216.0
2020-08-01,Gampaha,216.0,8,-0.8660254037844385,-0.5000000000000004,175.0,188.0,95.0,152.66666666666666,177.0
2020-09-01,Gampaha,177.0,9,-1.0,-1.8369701987210297e-16,216.0,175.0,188.0,193.0,45.0
2020-10-01,Gampaha,45.0,10,-0.8660254037844386,0.5000000000000001,177.0,216.0,175.0,189.33333333333334,53.0
2020-11-01,Gampaha,53.0,11,-0.5000000000000004,0.8660254037844384,45.0,177.0,216.0,146.0,52.0
2020-12-01,Gampaha,52.0,12,-2.4492935982947064e-16,1.0,53.0,45.0,177.0,91.66666666666667,94.0
2021-01-01,Gampaha,94.0,1,0.49999999999999994,0.8660254037844387,52.0,53.0,45.0,50.0,127.0
2021-02-01,Gampaha,127.0,2,0.8660254037844386,0.5000000000000001,94.0,52.0,53.0,66.33333333333333,194.0
2021-03-01,Gampaha,194.0,3,1.0,6.123233995736766e-17,127.0,94.0,52.0,91.0,180.0
2021-04-01,Gampaha,180.0,4,0.8660254037844387,-0.4999999999999998,194.0,127.0,94.0,138.33333333333334,55.0
2021-05-01,Gampaha,55.0,5,0.49999999999999994,-0.8660254037844387,180.0,194.0,127.0,167.0,185.0
2021-06-01,Gampaha,185.0,6,1.2246467991473532e-16,-1.0,55.0,180.0,194.0,143.0,251.0
2021-07-01,Gampaha,251.0,7,-0.4999999999999997,-0.8660254037844388,185.0,55.0,180.0,140.0,0.0
2021-08-01,Gampaha,0.0,8,-0.8660254037844385,-0.5000000000000004,251.0,185.0,55.0,163.66666666666666,0.0
2021-09-01,Gampaha,0.0,9,-1.0,-1.8369701987210297e-16,0.0,251.0,185.0,145.33333333333334,0.0
2021-10-01,Gampaha,0.0,10,-0.8660254037844386,0.5000000000000001,0.0,0.0,251.0,83.66666666666667,0.0
2021-11-01,Gampaha,0.0,11,-0.5000000000000004,0.8660254037844384,0.0,0.0,0.0,0.0,0.0
2010-04-01,Hambantota,45.0,4,0.8660254037844387,-0.4999999999999998,85.0,128.0,49.0,87.33333333333333,29.0
2010-05-01,Hambantota,29.0,5,0.49999999999999994,-0.8660254037844387,45.0,85.0,128.0,86.0,82.0
2010-06-01,Hambantota,82.0,6,1.2246467991473532e-16,-1.0,29.0,45.0,85.0,53.0,161.0
2010-07-01,Hambantota,161.0,7,-0.4999999999999997,-0.8660254037844388,82.0,29.0,45.0,52.0,122.0
2010-08-01,Hambantota,122.0,8,-0.8660254037844385,-0.5000000000000004,161.0,82.0,29.0,90.66666666666667,67.0
2010-09-01,Hambantota,67.0,9,-1.0,-1.8369701987210297e-16,122.0,161.0,82.0,121.66666666666667,24.0
2010-10-01,Hambantota,24.0,10,-0.8660254037844386,0.5000000000000001,67.0,122.0,161.0,116.66666666666667,7.0
2010-11-01,Hambantota,7.0,11,-0.5000000000000004,0.8660254037844384,24.0,67.0,122.0,71.0,10.0
2010-12-01,Hambantota,10.0,12,-2.4492935982947064e-16,1.0,7.0,24.0,67.0,32.666666666666664,16.0
2011-01-01,Hambantota,16.0,1,0.49999999999999994,0.8660254037844387,10.0,7.0,24.0,13.666666666666666,8.0
2011-02-01,Hambantota,8.0,2,0.8660254037844386,0.5000000000000001,16.0,10.0,7.0,11.0,27.0
2011-03-01,Hambantota,27.0,3,1.0,6.123233995736766e-17,8.0,16.0,10.0,11.333333333333334,70.0
2011-04-01,Hambantota,70.0,4,0.8660254037844387,-0.4999999999999998,27.0,8.0,16.0,17.0,87.0
2011-05-01,Hambantota,87.0,5,0.49999999999999994,-0.8660254037844387,70.0,27.0,8.0,35.0,48.0
2011-06-01,Hambantota,48.0,6,1.2246467991473532e-16,-1.0,87.0,70.0,27.0,61.333333333333336,51.0
2011-07-01,Hambantota,51.0,7,-0.4999999999999997,-0.8660254037844388,48.0,87.0,70.0,68.33333333333333,18.0
2011-08-01,Hambantota,18.0,8,-0.8660254037844385,-0.5000000000000004,51.0,48.0,87.0,62.0,19.0
2011-09-01,Hambantota,19.0,9,-1.0,-1.8369701987210297e-16,18.0,51.0,48.0,39.0,13.0
2011-10-01,Hambantota,13.0,10,-0.8660254037844386,0.5000000000000001,19.0,18.0,51.0,29.333333333333332,20.0
2011-11-01,Hambantota,20.0,11,-0.5000000000000004,0.8660254037844384,13.0,19.0,18.0,16.666666666666668,39.0
2011-12-01,Hambantota,39.0,12,-2.4492935982947064e-16,1.0,20.0,13.0,19.0,17.333333333333332,58.0
2012-01-01,Hambantota,58.0,1,0.49999999999999994,0.8660254037844387,39.0,20.0,13.0,24.0,66.0
2012-02-01,Hambantota,66.0,2,0.8660254037844386,0.5000000000000001,58.0,39.0,20.0,39.0,45.0
2012-03-01,Hambantota,45.0,3,1.0,6.123233995736766e-17,66.0,58.0,39.0,54.333333333333336,37.0
2012-04-01,Hambantota,37.0,4,0.8660254037844387,-0.4999999999999998,45.0,66.0,58.0,56.333333333333336,31.0
2012-05-01,Hambantota,31.0,5,0.49999999999999994,-0.8660254037844387,37.0,45.0,66.0,49.333333333333336,59.0
2012-06-01,Hambantota,59.0,6,1.2246467991473532e-16,-1.0,31.0,37.0,45.0,37.666666666666664,51.0
2012-07-01,Hambantota,51.0,7,-0.4999999999999997,-0.8660254037844388,59.0,31.0,37.0,42.333333333333336,42.0
2012-08-01,Hambantota,42.0,8,-0.8660254037844385,-0.5000000000000004,51.0,59.0,31.0,47.0,33.0
2012-09-01,Hambantota,33.0,9,-1.0,-1.8369701987210297e-16,42.0,51.0,59.0,50.666666666666664,53.0
2012-10-01,Hambantota,53.0,10,-0.8660254037844386,0.5000000000000001,33.0,42.0,51.0,42.0,60.0
2012-11-01,Hambantota,60.0,11,-0.5000000000000004,0.8660254037844384,53.0,33.0,42.0,42.666666666666664,33.0
2012-12-01,Hambantota,33.0,12,-2.4492935982947064e-16,1.0,60.0,53.0,33.0,48.666666666666664,32.0
2013-01-01,Hambantota,32.0,1,0.49999999999999994,0.8660254037844387,33.0,60.0,53.0,48.666666666666664,35.0
2013-02-01,Hambantota,35.0,2,0.8660254037844386,0.5000000000000001,32.0,33.0,60.0,41.666666666666664,40.0
2013-03-01,Hambantota,40.0,3,1.0,6.123233995736766e-17,35.0,32.0,33.0,33.333333333333336,30.0
2013-04-01,Hambantota,30.0,4,0.8660254037844387,-0.4999999999999998,40.0,35.0,32.0,35.666666666666664,22.0
2013-05-01,Hambantota,22.0,5,0.49999999999999994,-0.8660254037844387,30.0,40.0,35.0,35.0,21.0
2013-06-01,Hambantota,21.0,6,1.2246467991473532e-16,-1.0,22.0,30.0,40.0,30.666666666666668,28.0
2013-07-01,Hambantota,28.0,7,-0.4999999999999997,-0.8660254037844388,21.0,22.0,30.0,24.333333333333332,43.0
2013-08-01,Hambantota,43.0,8,-0.8660254037844385,-0.5000000000000004,28.0,21.0,22.0,23.666666666666668,23.0
2013-09-01,Hambantota,23.0,9,-1.0,-1.8369701987210297e-16,43.0,28.0,21.0,30.666666666666668,24.0
2013-10-01,Hambantota,24.0,10,-0.8660254037844386,0.5000000000000001,23.0,43.0,28.0,31.333333333333332,22.0
2013-11-01,Hambantota,22.0,11,-0.5000000000000004,0.8660254037844384,24.0,23.0,43.0,30.0,25.0
2013-12-01,Hambantota,25.0,12,-2.4492935982947064e-16,1.0,22.0,24.0,23.0,23.0,48.0
2014-01-01,Hambantota,48.0,1,0.49999999999999994,0.8660254037844387,25.0,22.0,24.0,23.666666666666668,34.0
2014-02-01,Hambantota,34.0,2,0.8660254037844386,0.5000000000000001,48.0,25.0,22.0,31.666666666666668,17.0
2014-03-01,Hambantota,17.0,3,1.0,6.123233995736766e-17,34.0,48.0,25.0,35.666666666666664,26.0
2014-04-01,Hambantota,26.0,4,0.8660254037844387,-0.4999999999999998,17.0,34.0,48.0,33.0,42.0
2014-05-01,Hambantota,42.0,5,0.49999999999999994,-0.8660254037844387,26.0,17.0,34.0,25.666666666666668,121.0
2014-06-01,Hambantota,121.0,6,1.2246467991473532e-16,-1.0,42.0,26.0,17.0,28.333333333333332,169.0
2014-07-01,Hambantota,169.0,7,-0.4999999999999997,-0.8660254037844388,121.0,42.0,26.0,63.0,36.0
2014-08-01,Hambantota,36.0,8,-0.8660254037844385,-0.5000000000000004,169.0,121.0,42.0,110.66666666666667,29.0
2014-09-01,Hambantota,29.0,9,-1.0,-1.8369701987210297e-16,36.0,169.0,121.0,108.66666666666667,51.0
2014-10-01,Hambantota,51.0,10,-0.8660254037844386,0.5000000000000001,29.0,36.0,169.0,78.0,39.0
2014-11-01,Hambantota,39.0,11,-0.5000000000000004,0.8660254037844384,51.0,29.0,36.0,38.666666666666664,53.0
2014-12-01,Hambantota,53.0,12,-2.4492935982947064e-16,1.0,39.0,51.0,29.0,39.666666666666664,46.0
2015-01-01,Hambantota,46.0,1,0.49999999999999994,0.8660254037844387,53.0,39.0,51.0,47.666666666666664,51.0
2015-02-01,Hambantota,51.0,2,0.8660254037844386,0.5000000000000001,46.0,53.0,39.0,46.0,28.0
2015-03-01,Hambantota,28.0,3,1.0,6.123233995736766e-17,51.0,46.0,53.0,50.0,18.0
2015-04-01,Hambantota,18.0,4,0.8660254037844387,-0.4999999999999998,28.0,51.0,46.0,41.666666666666664,12.0
2015-05-01,Hambantota,12.0,5,0.49999999999999994,-0.8660254037844387,18.0,28.0,51.0,32.333333333333336,11.0
2015-06-01,Hambantota,11.0,6,1.2246467991473532e-16,-1.0,12.0,18.0,28.0,19.333333333333332,26.0
2015-07-01,Hambantota,26.0,7,-0.4999999999999997,-0.8660254037844388,11.0,12.0,18.0,13.666666666666666,27.0
2015-08-01,Hambantota,27.0,8,-0.8660254037844385,-0.5000000000000004,26.0,11.0,12.0,16.333333333333332,17.0
2015-09-01,Hambantota,17.0,9,-1.0,-1.8369701987210297e-16,27.0,26.0,11.0,21.333333333333332,61.0
2015-10-01,Hambantota,61.0,10,-0.8660254037844386,0.5000000000000001,17.0,27.0,26.0,23.333333333333332,56.0
2015-11-01,Hambantota,56.0,11,-0.5000000000000004,0.8660254037844384,61.0,17.0,27.0,35.0,45.0
2015-12-01,Hambantota,45.0,12,-2.4492935982947064e-16,1.0,56.0,61.0,17.0,44.666666666666664,97.0
2016-01-01,Hambantota,97.0,1,0.49999999999999994,0.8660254037844387,45.0,56.0,61.0,54.0,79.0
2016-02-01,Hambantota,79.0,2,0.8660254037844386,0.5000000000000001,97.0,45.0,56.0,66.0,47.0
2016-03-01,Hambantota,47.0,3,1.0,6.123233995736766e-17,79.0,97.0,45.0,73.66666666666667,43.0
2016-04-01,Hambantota,43.0,4,0.8660254037844387,-0.4999999999999998,47.0,79.0,97.0,74.33333333333333,42.0
2016-05-01,Hambantota,42.0,5,0.49999999999999994,-0.8660254037844387,43.0,47.0,79.0,56.333333333333336,82.0
2016-06-01,Hambantota,82.0,6,1.2246467991473532e-16,-1.0,42.0,43.0,47.0,44.0,176.0
2016-07-01,Hambantota,176.0,7,-0.4999999999999997,-0.8660254037844388,82.0,42.0,43.0,55.666666666666664,47.0
2016-08-01,Hambantota,47.0,8,-0.8660254037844385,-0.5000000000000004,176.0,82.0,42.0,100.0,57.0
2016-09-01,Hambantota,57.0,9,-1.0,-1.8369701987210297e-16,47.0,176.0,82.0,101.66666666666667,30.0
2016-10-01,Hambantota,30.0,10,-0.8660254037844386,0.5000000000000001,57.0,47.0,176.0,93.33333333333333,47.0
2016-11-01,Hambantota,47.0,11,-0.5000000000000004,0.8660254037844384,30.0,57.0,47.0,44.666666666666664,153.0
2016-12-01,Hambantota,153.0,12,-2.4492935982947064e-16,1.0,47.0,30.0,57.0,44.666666666666664,301.0
2017-01-01,Hambantota,301.0,1,0.49999999999999994,0.8660254037844387,153.0,47.0,30.0,76.66666666666667,225.0
2017-02-01,Hambantota,225.0,2,0.8660254037844386,0.5000000000000001,301.0,153.0,47.0,167.0,339.0
2017-03-01,Hambantota,339.0,3,1.0,6.123233995736766e-17,225.0,301.0,153.0,226.33333333333334,333.0
2017-04-01,Hambantota,333.0,4,0.8660254037844387,-0.4999999999999998,339.0,225.0,301.0,288.3333333333333,272.0
2017-05-01,Hambantota,272.0,5,0.49999999999999994,-0.8660254037844387,333.0,339.0,225.0,299.0,384.0
2017-06-01,Hambantota,384.0,6,1.2246467991473532e-16,-1.0,272.0,333.0,339.0,314.6666666666667,529.0
2017-07-01,Hambantota,529.0,7,-0.4999999999999997,-0.8660254037844388,384.0,272.0,333.0,329.6666666666667,359.0
2017-08-01,Hambantota,359.0,8,-0.8660254037844385,-0.5000000000000004,529.0,384.0,272.0,395.0,237.0
2017-09-01,Hambantota,237.0,9,-1.0,-1.8369701987210297e-16,359.0,529.0,384.0,424.0,174.0
2017-10-01,Hambantota,174.0,10,-0.8660254037844386,0.5000000000000001,237.0,359.0,529.0,375.0,244.0
2017-11-01,Hambantota,244.0,11,-0.5000000000000004,0.8660254037844384,174.0,237.0,359.0,256.6666666666667,181.0
2017-12-01,Hambantota,181.0,12,-2.4492935982947064e-16,1.0,244.0,174.0,237.0,218.33333333333334,126.0
2018-01-01,Hambantota,126.0,1,0.49999999999999994,0.8660254037844387,181.0,244.0,174.0,199.66666666666666,120.0
2018-02-01,Hambantota,120.0,2,0.8660254037844386,0.5000000000000001,126.0,181.0,244.0,183.66666666666666,125.0
2018-03-01,Hambantota,125.0,3,1.0,6.123233995736766e-17,120.0,126.0,181.0,142.33333333333334,61.0
2018-04-01,Hambantota,61.0,4,0.8660254037844387,-0.4999999999999998,125.0,120.0,126.0,123.66666666666667,21.0
2018-05-01,Hambantota,21.0,5,0.49999999999999994,-0.8660254037844387,61.0,125.0,120.0,102.0,58.0
2018-06-01,Hambantota,58.0,6,1.2246467991473532e-16,-1.0,21.0,61.0,125.0,69.0,103.0
2018-07-01,Hambantota,103.0,7,-0.4999999999999997,-0.8660254037844388,58.0,21.0,61.0,46.666666666666664,78.0
2018-08-01,Hambantota,78.0,8,-0.8660254037844385,-0.5000000000000004,103.0,58.0,21.0,60.666666666666664,31.0
2018-09-01,Hambantota,31.0,9,-1.0,-1.8369701987210297e-16,78.0,103.0,58.0,79.66666666666667,48.0
2018-10-01,Hambantota,48.0,10,-0.8660254037844386,0.5000000000000001,31.0,78.0,103.0,70.66666666666667,100.0
2018-11-01,Hambantota,100.0,11,-0.5000000000000004,0.8660254037844384,48.0,31.0,78.0,52.333333333333336,101.0
2018-12-01,Hambantota,101.0,12,-2.4492935982947064e-16,1.0,100.0,48.0,31.0,59.666666666666664,140.0
2019-01-01,Hambantota,140.0,1,0.49999999999999994,0.8660254037844387,101.0,100.0,48.0,83.0,91.0
2019-02-01,Hambantota,91.0,2,0.8660254037844386,0.5000000000000001,140.0,101.0,100.0,113.66666666666667,80.0
2019-03-01,Hambantota,80.0,3,1.0,6.123233995736766e-17,91.0,140.0,101.0,110.66666666666667,81.0
2019-04-01,Hambantota,81.0,4,0.8660254037844387,-0.4999999999999998,80.0,91.0,140.0,103.66666666666667,109.0
2019-05-01,Hambantota,109.0,5,0.49999999999999994,-0.8660254037844387,81.0,80.0,91.0,84.0,124.0
2019-06-01,Hambantota,124.0,6,1.2246467991473532e-16,-1.0,109.0,81.0,80.0,90.0,272.0
2019-07-01,Hambantota,272.0,7,-0.4999999999999997,-0.8660254037844388,124.0,109.0,81.0,104.66666666666667,271.0
2019-08-01,Hambantota,271.0,8,-0.8660254037844385,-0.5000000000000004,272.0,124.0,109.0,168.33333333333334,199.0
2019-09-01,Hambantota,199.0,9,-1.0,-1.8369701987210297e-16,271.0,272.0,124.0,222.33333333333334,224.0
2019-10-01,Hambantota,224.0,10,-0.8660254037844386,0.5000000000000001,199.0,271.0,272.0,247.33333333333334,263.0
2019-11-01,Hambantota,263.0,11,-0.5000000000000004,0.8660254037844384,224.0,199.0,271.0,231.33333333333334,195.0
2019-12-01,Hambantota,195.0,12,-2.4492935982947064e-16,1.0,263.0,224.0,199.0,228.66666666666666,156.0
2020-01-01,Hambantota,156.0,1,0.49999999999999994,0.8660254037844387,195.0,263.0,224.0,227.33333333333334,78.0
2020-02-01,Hambantota,78.0,2,0.8660254037844386,0.5000000000000001,156.0,195.0,263.0,204.66666666666666,24.0
2020-03-01,Hambantota,24.0,3,1.0,6.123233995736766e-17,78.0,156.0,195.0,143.0,6.0
2020-04-01,Hambantota,6.0,4,0.8660254037844387,-0.4999999999999998,24.0,78.0,156.0,86.0,11.0
2020-05-01,Hambantota,11.0,5,0.49999999999999994,-0.8660254037844387,6.0,24.0,78.0,36.0,15.0
2020-06-01,Hambantota,15.0,6,1.2246467991473532e-16,-1.0,11.0,6.0,24.0,13.666666666666666,24.0
2020-07-01,Hambantota,24.0,7,-0.4999999999999997,-0.8660254037844388,15.0,11.0,6.0,10.666666666666666,17.0
2020-08-01,Hambantota,17.0,8,-0.8660254037844385,-0.5000000000000004,24.0,15.0,11.0,16.666666666666668,12.0
2020-09-01,Hambantota,12.0,9,-1.0,-1.8369701987210297e-16,17.0,24.0,15.0,18.666666666666668,10.0
2020-10-01,Hambantota,10.0,10,-0.8660254037844386,0.5000000000000001,12.0,17.0,24.0,17.666666666666668,6.0
2020-11-01,Hambantota,6.0,11,-0.5000000000000004,0.8660254037844384,10.0,12.0,17.0,13.0,9.0
2020-12-01,Hambantota,9.0,12,-2.4492935982947064e-16,1.0,6.0,10.0,12.0,9.333333333333334,18.0
2021-01-01,Hambantota,18.0,1,0.49999999999999994,0.8660254037844387,9.0,6.0,10.0,8.333333333333334,28.0
2021-02-01,Hambantota,28.0,2,0.8660254037844386,0.5000000000000001,18.0,9.0,6.0,11.0,32.0
2021-03-01,Hambantota,32.0,3,1.0,6.123233995736766e-17,28.0,18.0,9.0,18.333333333333332,48.0
2021-04-01,Hambantota,48.0,4,0.8660254037844387,-0.4999999999999998,32.0,28.0,18.0,26.0,18.0
2021-05-01,Hambantota,18.0,5,0.49999999999999994,-0.8660254037844387,48.0,32.0,28.0,36.0,39.0
2021-06-01,Hambantota,39.0,6,1.2246467991473532e-16,-1.0,18.0,48.0,32.0,32.666666666666664,69.0
2021-07-01,Hambantota,69.0,7,-0.4999999999999997,-0.8660254037844388,39.0,18.0,48.0,35.0,7.0
2021-08-01,Hambantota,7.0,8,-0.8660254037844385,-0.5000000000000004,69.0,39.0,18.0,42.0,0.0
2021-09-01,Hambantota,0.0,9,-1.0,-1.8369701987210297e-16,7.0,69.0,39.0,38.333333333333336,0.0
2021-10-01,Hambantota,0.0,10,-0.8660254037844386,0.5000000000000001,0.0,7.0,69.0,25.333333333333332,0.0
2021-11-01,Hambantota,0.0,11,-0.5000000000000004,0.8660254037844384,0.0,0.0,7.0,2.3333333333333335,0.0
2010-04-01,Jaffna,145.0,4,0.8660254037844387,-0.4999999999999998,170.0,878.0,858.0,635.3333333333334,82.0
2010-05-01,Jaffna,82.0,5,0.49999999999999994,-0.8660254037844387,145.0,170.0,878.0,397.6666666666667,237.0
2010-06-01,Jaffna,237.0,6,1.2246467991473532e-16,-1.0,82.0,145.0,170.0,132.33333333333334,236.0
2010-07-01,Jaffna,236.0,7,-0.4999999999999997,-0.8660254037844388,237.0,82.0,145.0,154.66666666666666,96.0
2010-08-01,Jaffna,96.0,8,-0.8660254037844385,-0.5000000000000004,236.0,237.0,82.0,185.0,40.0
2010-09-01,Jaffna,40.0,9,-1.0,-1.8369701987210297e-16,96.0,236.0,237.0,189.66666666666666,78.0
2010-10-01,Jaffna,78.0,10,-0.8660254037844386,0.5000000000000001,40.0,96.0,236.0,124.0,79.0
2010-11-01,Jaffna,79.0,11,-0.5000000000000004,0.8660254037844384,78.0,40.0,96.0,71.33333333333333,121.0
2010-12-01,Jaffna,121.0,12,-2.4492935982947064e-16,1.0,79.0,78.0,40.0,65.66666666666667,58.0
2011-01-01,Jaffna,58.0,1,0.49999999999999994,0.8660254037844387,121.0,79.0,78.0,92.66666666666667,34.0
2011-02-01,Jaffna,34.0,2,0.8660254037844386,0.5000000000000001,58.0,121.0,79.0,86.0,24.0
2011-03-01,Jaffna,24.0,3,1.0,6.123233995736766e-17,34.0,58.0,121.0,71.0,20.0
2011-04-01,Jaffna,20.0,4,0.8660254037844387,-0.4999999999999998,24.0,34.0,58.0,38.666666666666664,10.0
2011-05-01,Jaffna,10.0,5,0.49999999999999994,-0.8660254037844387,20.0,24.0,34.0,26.0,16.0
2011-06-01,Jaffna,16.0,6,1.2246467991473532e-16,-1.0,10.0,20.0,24.0,18.0,35.0
2011-07-01,Jaffna,35.0,7,-0.4999999999999997,-0.8660254037844388,16.0,10.0,20.0,15.333333333333334,33.0
2011-08-01,Jaffna,33.0,8,-0.8660254037844385,-0.5000000000000004,35.0,16.0,10.0,20.333333333333332,46.0
2011-09-01,Jaffna,46.0,9,-1.0,-1.8369701987210297e-16,33.0,35.0,16.0,28.0,19.0
2011-10-01,Jaffna,19.0,10,-0.8660254037844386,0.5000000000000001,46.0,33.0,35.0,38.0,34.0
2011-11-01,Jaffna,34.0,11,-0.5000000000000004,0.8660254037844384,19.0,46.0,33.0,32.666666666666664,71.0
2011-12-01,Jaffna,71.0,12,-2.4492935982947064e-16,1.0,34.0,19.0,46.0,33.0,91.0
2012-01-01,Jaffna,91.0,1,0.49999999999999994,0.8660254037844387,71.0,34.0,19.0,41.333333333333336,40.0
2012-02-01,Jaffna,40.0,2,0.8660254037844386,0.5000000000000001,91.0,71.0,34.0,65.33333333333333,43.0
2012-03-01,Jaffna,43.0,3,1.0,6.123233995736766e-17,40.0,91.0,71.0,67.33333333333333,24.0
2012-04-01,Jaffna,24.0,4,0.8660254037844387,-0.4999999999999998,43.0,40.0,91.0,58.0,27.0
2012-05-01,Jaffna,27.0,5,0.49999999999999994,-0.8660254037844387,24.0,43.0,40.0,35.666666666666664,34.0
2012-06-01,Jaffna,34.0,6,1.2246467991473532e-16,-1.0,27.0,24.0,43.0,31.333333333333332,26.0
2012-07-01,Jaffna,26.0,7,-0.4999999999999997,-0.8660254037844388,34.0,27.0,24.0,28.333333333333332,36.0
2012-08-01,Jaffna,36.0,8,-0.8660254037844385,-0.5000000000000004,26.0,34.0,27.0,29.0,41.0
2012-09-01,Jaffna,41.0,9,-1.0,-1.8369701987210297e-16,36.0,26.0,34.0,32.0,143.0
2012-10-01,Jaffna,143.0,10,-0.8660254037844386,0.5000000000000001,41.0,36.0,26.0,34.333333333333336,205.0
2012-11-01,Jaffna,205.0,11,-0.5000000000000004,0.8660254037844384,143.0,41.0,36.0,73.33333333333333,184.0
2012-12-01,Jaffna,184.0,12,-2.4492935982947064e-16,1.0,205.0,143.0,41.0,129.66666666666666,100.0
2013-01-01,Jaffna,100.0,1,0.49999999999999994,0.8660254037844387,184.0,205.0,143.0,177.33333333333334,77.0
2013-02-01,Jaffna,77.0,2,0.8660254037844386,0.5000000000000001,100.0,184.0,205.0,163.0,84.0
2013-03-01,Jaffna,84.0,3,1.0,6.123233995736766e-17,77.0,100.0,184.0,120.33333333333333,115.0
2013-04-01,Jaffna,115.0,4,0.8660254037844387,-0.4999999999999998,84.0,77.0,100.0,87.0,70.0
2013-05-01,Jaffna,70.0,5,0.49999999999999994,-0.8660254037844387,115.0,84.0,77.0,92.0,30.0
2013-06-01,Jaffna,30.0,6,1.2246467991473532e-16,-1.0,70.0,115.0,84.0,89.66666666666667,23.0
2013-07-01,Jaffna,23.0,7,-0.4999999999999997,-0.8660254037844388,30.0,70.0,115.0,71.66666666666667,43.0
2013-08-01,Jaffna,43.0,8,-0.8660254037844385,-0.5000000000000004,23.0,30.0,70.0,41.0,35.0
2013-09-01,Jaffna,35.0,9,-1.0,-1.8369701987210297e-16,43.0,23.0,30.0,32.0,48.0
2013-10-01,Jaffna,48.0,10,-0.8660254037844386,0.5000000000000001,35.0,43.0,23.0,33.666666666666664,52.0
2013-11-01,Jaffna,52.0,11,-0.5000000000000004,0.8660254037844384,48.0,35.0,43.0,42.0,125.0
2013-12-01,Jaffna,125.0,12,-2.4492935982947064e-16,1.0,52.0,48.0,35.0,45.0,148.0
2014-01-01,Jaffna,148.0,1,0.49999999999999994,0.8660254037844387,125.0,52.0,48.0,75.0,92.0
2014-02-01,Jaffna,92.0,2,0.8660254037844386,0.5000000000000001,148.0,125.0,52.0,108.33333333333333,58.0
2014-03-01,Jaffna,58.0,3,1.0,6.123233995736766e-17,92.0,148.0,125.0,121.66666666666667,59.0
2014-04-01,Jaffna,59.0,4,0.8660254037844387,-0.4999999999999998,58.0,92.0,148.0,99.33333333333333,73.0
2014-05-01,Jaffna,73.0,5,0.49999999999999994,-0.8660254037844387,59.0,58.0,92.0,69.66666666666667,89.0
2014-06-01,Jaffna,89.0,6,1.2246467991473532e-16,-1.0,73.0,59.0,58.0,63.333333333333336,148.0
2014-07-01,Jaffna,148.0,7,-0.4999999999999997,-0.8660254037844388,89.0,73.0,59.0,73.66666666666667,123.0
2014-08-01,Jaffna,123.0,8,-0.8660254037844385,-0.5000000000000004,148.0,89.0,73.0,103.33333333333333,95.0
2014-09-01,Jaffna,95.0,9,-1.0,-1.8369701987210297e-16,123.0,148.0,89.0,120.0,212.0
2014-10-01,Jaffna,212.0,10,-0.8660254037844386,0.5000000000000001,95.0,123.0,148.0,122.0,318.0
2014-11-01,Jaffna,318.0,11,-0.5000000000000004,0.8660254037844384,212.0,95.0,123.0,143.33333333333334,424.0
2014-12-01,Jaffna,424.0,12,-2.4492935982947064e-16,1.0,318.0,212.0,95.0,208.33333333333334,614.0
2015-01-01,Jaffna,614.0,1,0.49999999999999994,0.8660254037844387,424.0,318.0,212.0,318.0,218.0
2015-02-01,Jaffna,218.0,2,0.8660254037844386,0.5000000000000001,614.0,424.0,318.0,452.0,113.0
2015-03-01,Jaffna,113.0,3,1.0,6.123233995736766e-17,218.0,614.0,424.0,418.6666666666667,48.0
2015-04-01,Jaffna,48.0,4,0.8660254037844387,-0.4999999999999998,113.0,218.0,614.0,315.0,66.0
2015-05-01,Jaffna,66.0,5,0.49999999999999994,-0.8660254037844387,48.0,113.0,218.0,126.33333333333333,63.0
2015-06-01,Jaffna,63.0,6,1.2246467991473532e-16,-1.0,66.0,48.0,113.0,75.66666666666667,69.0
2015-07-01,Jaffna,69.0,7,-0.4999999999999997,-0.8660254037844388,63.0,66.0,48.0,59.0,45.0
2015-08-01,Jaffna,45.0,8,-0.8660254037844385,-0.5000000000000004,69.0,63.0,66.0,66.0,51.0
2015-09-01,Jaffna,51.0,9,-1.0,-1.8369701987210297e-16,45.0,69.0,63.0,59.0,76.0
2015-10-01,Jaffna,76.0,10,-0.8660254037844386,0.5000000000000001,51.0,45.0,69.0,55.0,216.0
2015-11-01,Jaffna,216.0,11,-0.5000000000000004,0.8660254037844384,76.0,51.0,45.0,57.333333333333336,437.0
2015-12-01,Jaffna,437.0,12,-2.4492935982947064e-16,1.0,216.0,76.0,51.0,114.33333333333333,687.0
2016-01-01,Jaffna,687.0,1,0.49999999999999994,0.8660254037844387,437.0,216.0,76.0,243.0,238.0
2016-02-01,Jaffna,238.0,2,0.8660254037844386,0.5000000000000001,687.0,437.0,216.0,446.6666666666667,150.0
2016-03-01,Jaffna,150.0,3,1.0,6.123233995736766e-17,238.0,687.0,437.0,454.0,93.0
2016-04-01,Jaffna,93.0,4,0.8660254037844387,-0.4999999999999998,150.0,238.0,687.0,358.3333333333333,58.0
2016-05-01,Jaffna,58.0,5,0.49999999999999994,-0.8660254037844387,93.0,150.0,238.0,160.33333333333334,80.0
2016-06-01,Jaffna,80.0,6,1.2246467991473532e-16,-1.0,58.0,93.0,150.0,100.33333333333333,226.0
2016-07-01,Jaffna,226.0,7,-0.4999999999999997,-0.8660254037844388,80.0,58.0,93.0,77.0,148.0
2016-08-01,Jaffna,148.0,8,-0.8660254037844385,-0.5000000000000004,226.0,80.0,58.0,121.33333333333333,121.0
2016-09-01,Jaffna,121.0,9,-1.0,-1.8369701987210297e-16,148.0,226.0,80.0,151.33333333333334,91.0
2016-10-01,Jaffna,91.0,10,-0.8660254037844386,0.5000000000000001,121.0,148.0,226.0,165.0,135.0
2016-11-01,Jaffna,135.0,11,-0.5000000000000004,0.8660254037844384,91.0,121.0,148.0,120.0,441.0
2016-12-01,Jaffna,441.0,12,-2.4492935982947064e-16,1.0,135.0,91.0,121.0,115.66666666666667,625.0
2017-01-01,Jaffna,625.0,1,0.49999999999999994,0.8660254037844387,441.0,135.0,91.0,222.33333333333334,478.0
2017-02-01,Jaffna,478.0,2,0.8660254037844386,0.5000000000000001,625.0,441.0,135.0,400.3333333333333,863.0
2017-03-01,Jaffna,863.0,3,1.0,6.123233995736766e-17,478.0,625.0,441.0,514.6666666666666,499.0
2017-04-01,Jaffna,499.0,4,0.8660254037844387,-0.4999999999999998,863.0,478.0,625.0,655.3333333333334,301.0
2017-05-01,Jaffna,301.0,5,0.49999999999999994,-0.8660254037844387,499.0,863.0,478.0,613.3333333333334,288.0
2017-06-01,Jaffna,288.0,6,1.2246467991473532e-16,-1.0,301.0,499.0,863.0,554.3333333333334,376.0
2017-07-01,Jaffna,376.0,7,-0.4999999999999997,-0.8660254037844388,288.0,301.0,499.0,362.6666666666667,290.0
2017-08-01,Jaffna,290.0,8,-0.8660254037844385,-0.5000000000000004,376.0,288.0,301.0,321.6666666666667,341.0
2017-09-01,Jaffna,341.0,9,-1.0,-1.8369701987210297e-16,290.0,376.0,288.0,318.0,593.0
2017-10-01,Jaffna,593.0,10,-0.8660254037844386,0.5000000000000001,341.0,290.0,376.0,335.6666666666667,509.0
2017-11-01,Jaffna,509.0,11,-0.5000000000000004,0.8660254037844384,593.0,341.0,290.0,408.0,912.0
2017-12-01,Jaffna,912.0,12,-2.4492935982947064e-16,1.0,509.0,593.0,341.0,481.0,637.0
2018-01-01,Jaffna,637.0,1,0.49999999999999994,0.8660254037844387,912.0,509.0,593.0,671.3333333333334,314.0
2018-02-01,Jaffna,314.0,2,0.8660254037844386,0.5000000000000001,637.0,912.0,509.0,686.0,206.0
2018-03-01,Jaffna,206.0,3,1.0,6.123233995736766e-17,314.0,637.0,912.0,621.0,86.0
2018-04-01,Jaffna,86.0,4,0.8660254037844387,-0.4999999999999998,206.0,314.0,637.0,385.6666666666667,100.0
2018-05-01,Jaffna,100.0,5,0.49999999999999994,-0.8660254037844387,86.0,206.0,314.0,202.0,439.0
2018-06-01,Jaffna,439.0,6,1.2246467991473532e-16,-1.0,100.0,86.0,206.0,130.66666666666666,301.0
2018-07-01,Jaffna,301.0,7,-0.4999999999999997,-0.8660254037844388,439.0,100.0,86.0,208.33333333333334,201.0
2018-08-01,Jaffna,201.0,8,-0.8660254037844385,-0.5000000000000004,301.0,439.0,100.0,280.0,115.0
2018-09-01,Jaffna,115.0,9,-1.0,-1.8369701987210297e-16,201.0,301.0,439.0,313.6666666666667,203.0
2018-10-01,Jaffna,203.0,10,-0.8660254037844386,0.5000000000000001,115.0,201.0,301.0,205.66666666666666,525.0
2018-11-01,Jaffna,525.0,11,-0.5000000000000004,0.8660254037844384,203.0,115.0,201.0,173.0,931.0
2018-12-01,Jaffna,931.0,12,-2.4492935982947064e-16,1.0,525.0,203.0,115.0,281.0,900.0
2019-01-01,Jaffna,900.0,1,0.49999999999999994,0.8660254037844387,931.0,525.0,203.0,553.0,454.0
2019-02-01,Jaffna,454.0,2,0.8660254037844386,0.5000000000000001,900.0,931.0,525.0,785.3333333333334,268.0
2019-03-01,Jaffna,268.0,3,1.0,6.123233995736766e-17,454.0,900.0,931.0,761.6666666666666,161.0
2019-04-01,Jaffna,161.0,4,0.8660254037844387,-0.4999999999999998,268.0,454.0,900.0,540.6666666666666,123.0
2019-05-01,Jaffna,123.0,5,0.49999999999999994,-0.8660254037844387,161.0,268.0,454.0,294.3333333333333,59.0
2019-06-01,Jaffna,59.0,6,1.2246467991473532e-16,-1.0,123.0,161.0,268.0,184.0,90.0
2019-07-01,Jaffna,90.0,7,-0.4999999999999997,-0.8660254037844388,59.0,123.0,161.0,114.33333333333333,110.0
2019-08-01,Jaffna,110.0,8,-0.8660254037844385,-0.5000000000000004,90.0,59.0,123.0,90.66666666666667,154.0
2019-09-01,Jaffna,154.0,9,-1.0,-1.8369701987210297e-16,110.0,90.0,59.0,86.33333333333333,538.0
2019-10-01,Jaffna,538.0,10,-0.8660254037844386,0.5000000000000001,154.0,110.0,90.0,118.0,2641.0
2019-11-01,Jaffna,2641.0,11,-0.5000000000000004,0.8660254037844384,538.0,154.0,110.0,267.3333333333333,2763.0
2019-12-01,Jaffna,2763.0,12,-2.4492935982947064e-16,1.0,2641.0,538.0,154.0,1111.0,1061.0
2020-01-01,Jaffna,1061.0,1,0.49999999999999994,0.8660254037844387,2763.0,2641.0,538.0,1980.6666666666667,490.0
2020-02-01,Jaffna,490.0,2,0.8660254037844386,0.5000000000000001,1061.0,2763.0,2641.0,2155.0,154.0
2020-03-01,Jaffna,154.0,3,1.0,6.123233995736766e-17,490.0,1061.0,2763.0,1438.0,38.0
2020-04-01,Jaffna,38.0,4,0.8660254037844387,-0.4999999999999998,154.0,490.0,1061.0,568.3333333333334,112.0
2020-05-01,Jaffna,112.0,5,0.49999999999999994,-0.8660254037844387,38.0,154.0,490.0,227.33333333333334,58.0
2020-06-01,Jaffna,58.0,6,1.2246467991473532e-16,-1.0,112.0,38.0,154.0,101.33333333333333,51.0
2020-07-01,Jaffna,51.0,7,-0.4999999999999997,-0.8660254037844388,58.0,112.0,38.0,69.33333333333333,26.0
2020-08-01,Jaffna,26.0,8,-0.8660254037844385,-0.5000000000000004,51.0,58.0,112.0,73.66666666666667,55.0
2020-09-01,Jaffna,55.0,9,-1.0,-1.8369701987210297e-16,26.0,51.0,58.0,45.0,52.0
2020-10-01,Jaffna,52.0,10,-0.8660254037844386,0.5000000000000001,55.0,26.0,51.0,44.0,21.0
2020-11-01,Jaffna,21.0,11,-0.5000000000000004,0.8660254037844384,52.0,55.0,26.0,44.333333333333336,39.0
2020-12-01,Jaffna,39.0,12,-2.4492935982947064e-16,1.0,21.0,52.0,55.0,42.666666666666664,44.0
2021-01-01,Jaffna,44.0,1,0.49999999999999994,0.8660254037844387,39.0,21.0,52.0,37.333333333333336,19.0
2021-02-01,Jaffna,19.0,2,0.8660254037844386,0.5000000000000001,44.0,39.0,21.0,34.666666666666664,22.0
2021-03-01,Jaffna,22.0,3,1.0,6.123233995736766e-17,19.0,44.0,39.0,34.0,11.0
2021-04-01,Jaffna,11.0,4,0.8660254037844387,-0.4999999999999998,22.0,19.0,44.0,28.333333333333332,10.0
2021-05-01,Jaffna,10.0,5,0.49999999999999994,-0.8660254037844387,11.0,22.0,19.0,17.333333333333332,10.0
2021-06-01,Jaffna,10.0,6,1.2246467991473532e-16,-1.0,10.0,11.0,22.0,14.333333333333334,4.0
2021-07-01,Jaffna,4.0,7,-0.4999999999999997,-0.8660254037844388,10.0,10.0,11.0,10.333333333333334,1.0
2021-08-01,Jaffna,1.0,8,-0.8660254037844385,-0.5000000000000004,4.0,10.0,10.0,8.0,0.0
2021-09-01,Jaffna,0.0,9,-1.0,-1.8369701987210297e-16,1.0,4.0,10.0,5.0,0.0
2021-10-01,Jaffna,0.0,10,-0.8660254037844386,0.5000000000000001,0.0,1.0,4.0,1.6666666666666667,0.0
2021-11-01,Jaffna,0.0,11,-0.5000000000000004,0.8660254037844384,0.0,0.0,1.0,0.3333333333333333,0.0
2010-04-01,Kalmunai,57.0,4,0.8660254037844387,-0.4999999999999998,71.0,174.0,215.0,153.33333333333334,13.0
2010-05-01,Kalmunai,13.0,5,0.49999999999999994,-0.8660254037844387,57.0,71.0,174.0,100.66666666666667,8.0
2010-06-01,Kalmunai,8.0,6,1.2246467991473532e-16,-1.0,13.0,57.0,71.0,47.0,5.0
2010-07-01,Kalmunai,5.0,7,-0.4999999999999997,-0.8660254037844388,8.0,13.0,57.0,26.0,9.0
2010-08-01,Kalmunai,9.0,8,-0.8660254037844385,-0.5000000000000004,5.0,8.0,13.0,8.666666666666666,6.0
2010-09-01,Kalmunai,6.0,9,-1.0,-1.8369701987210297e-16,9.0,5.0,8.0,7.333333333333333,10.0
2010-10-01,Kalmunai,10.0,10,-0.8660254037844386,0.5000000000000001,6.0,9.0,5.0,6.666666666666667,23.0
2010-11-01,Kalmunai,23.0,11,-0.5000000000000004,0.8660254037844384,10.0,6.0,9.0,8.333333333333334,15.0
2010-12-01,Kalmunai,15.0,12,-2.4492935982947064e-16,1.0,23.0,10.0,6.0,13.0,3.0
2011-01-01,Kalmunai,3.0,1,0.49999999999999994,0.8660254037844387,15.0,23.0,10.0,16.0,1.0
2011-02-01,Kalmunai,1.0,2,0.8660254037844386,0.5000000000000001,3.0,15.0,23.0,13.666666666666666,6.0
2011-03-01,Kalmunai,6.0,3,1.0,6.123233995736766e-17,1.0,3.0,15.0,6.333333333333333,4.0
2011-04-01,Kalmunai,4.0,4,0.8660254037844387,-0.4999999999999998,6.0,1.0,3.0,3.3333333333333335,2.0
2011-05-01,Kalmunai,2.0,5,0.49999999999999994,-0.8660254037844387,4.0,6.0,1.0,3.6666666666666665,3.0
2011-06-01,Kalmunai,3.0,6,1.2246467991473532e-16,-1.0,2.0,4.0,6.0,4.0,8.0
2011-07-01,Kalmunai,8.0,7,-0.4999999999999997,-0.8660254037844388,3.0,2.0,4.0,3.0,0.0
2011-08-01,Kalmunai,0.0,8,-0.8660254037844385,-0.5000000000000004,8.0,3.0,2.0,4.333333333333333,2.0
2011-09-01,Kalmunai,2.0,9,-1.0,-1.8369701987210297e-16,0.0,8.0,3.0,3.6666666666666665,5.0
2011-10-01,Kalmunai,5.0,10,-0.8660254037844386,0.5000000000000001,2.0,0.0,8.0,3.3333333333333335,6.0
2011-11-01,Kalmunai,6.0,11,-0.5000000000000004,0.8660254037844384,5.0,2.0,0.0,2.3333333333333335,48.0
2011-12-01,Kalmunai,48.0,12,-2.4492935982947064e-16,1.0,6.0,5.0,2.0,4.333333333333333,41.0
2012-01-01,Kalmunai,41.0,1,0.49999999999999994,0.8660254037844387,48.0,6.0,5.0,19.666666666666668,43.0
2012-02-01,Kalmunai,43.0,2,0.8660254037844386,0.5000000000000001,41.0,48.0,6.0,31.666666666666668,25.0
2012-03-01,Kalmunai,25.0,3,1.0,6.123233995736766e-17,43.0,41.0,48.0,44.0,8.0
2012-04-01,Kalmunai,8.0,4,0.8660254037844387,-0.4999999999999998,25.0,43.0,41.0,36.333333333333336,10.0
2012-05-01,Kalmunai,10.0,5,0.49999999999999994,-0.8660254037844387,8.0,25.0,43.0,25.333333333333332,23.0
2012-06-01,Kalmunai,23.0,6,1.2246467991473532e-16,-1.0,10.0,8.0,25.0,14.333333333333334,9.0
2012-07-01,Kalmunai,9.0,7,-0.4999999999999997,-0.8660254037844388,23.0,10.0,8.0,13.666666666666666,11.0
2012-08-01,Kalmunai,11.0,8,-0.8660254037844385,-0.5000000000000004,9.0,23.0,10.0,14.0,3.0
2012-09-01,Kalmunai,3.0,9,-1.0,-1.8369701987210297e-16,11.0,9.0,23.0,14.333333333333334,22.0
2012-10-01,Kalmunai,22.0,10,-0.8660254037844386,0.5000000000000001,3.0,11.0,9.0,7.666666666666667,69.0
2012-11-01,Kalmunai,69.0,11,-0.5000000000000004,0.8660254037844384,22.0,3.0,11.0,12.0,138.0
2012-12-01,Kalmunai,138.0,12,-2.4492935982947064e-16,1.0,69.0,22.0,3.0,31.333333333333332,94.0
2013-01-01,Kalmunai,94.0,1,0.49999999999999994,0.8660254037844387,138.0,69.0,22.0,76.33333333333333,142.0
2013-02-01,Kalmunai,142.0,2,0.8660254037844386,0.5000000000000001,94.0,138.0,69.0,100.33333333333333,138.0
2013-03-01,Kalmunai,138.0,3,1.0,6.123233995736766e-17,142.0,94.0,138.0,124.66666666666667,44.0
2013-04-01,Kalmunai,44.0,4,0.8660254037844387,-0.4999999999999998,138.0,142.0,94.0,124.66666666666667,42.0
2013-05-01,Kalmunai,42.0,5,0.49999999999999994,-0.8660254037844387,44.0,138.0,142.0,108.0,12.0
2013-06-01,Kalmunai,12.0,6,1.2246467991473532e-16,-1.0,42.0,44.0,138.0,74.66666666666667,9.0
2013-07-01,Kalmunai,9.0,7,-0.4999999999999997,-0.8660254037844388,12.0,42.0,44.0,32.666666666666664,4.0
2013-08-01,Kalmunai,4.0,8,-0.8660254037844385,-0.5000000000000004,9.0,12.0,42.0,21.0,4.0
2013-09-01,Kalmunai,4.0,9,-1.0,-1.8369701987210297e-16,4.0,9.0,12.0,8.333333333333334,4.0
2013-10-01,Kalmunai,4.0,10,-0.8660254037844386,0.5000000000000001,4.0,4.0,9.0,5.666666666666667,8.0
2013-11-01,Kalmunai,8.0,11,-0.5000000000000004,0.8660254037844384,4.0,4.0,4.0,4.0,3.0
2013-12-01,Kalmunai,3.0,12,-2.4492935982947064e-16,1.0,8.0,4.0,4.0,5.333333333333333,12.0
2014-01-01,Kalmunai,12.0,1,0.49999999999999994,0.8660254037844387,3.0,8.0,4.0,5.0,12.0
2014-02-01,Kalmunai,12.0,2,0.8660254037844386,0.5000000000000001,12.0,3.0,8.0,7.666666666666667,15.0
2014-03-01,Kalmunai,15.0,3,1.0,6.123233995736766e-17,12.0,12.0,3.0,9.0,8.0
2014-04-01,Kalmunai,8.0,4,0.8660254037844387,-0.4999999999999998,15.0,12.0,12.0,13.0,18.0
2014-05-01,Kalmunai,18.0,5,0.49999999999999994,-0.8660254037844387,8.0,15.0,12.0,11.666666666666666,28.0
2014-06-01,Kalmunai,28.0,6,1.2246467991473532e-16,-1.0,18.0,8.0,15.0,13.666666666666666,11.0
2014-07-01,Kalmunai,11.0,7,-0.4999999999999997,-0.8660254037844388,28.0,18.0,8.0,18.0,17.0
2014-08-01,Kalmunai,17.0,8,-0.8660254037844385,-0.5000000000000004,11.0,28.0,18.0,19.0,12.0
2014-09-01,Kalmunai,12.0,9,-1.0,-1.8369701987210297e-16,17.0,11.0,28.0,18.666666666666668,33.0
2014-10-01,Kalmunai,33.0,10,-0.8660254037844386,0.5000000000000001,12.0,17.0,11.0,13.333333333333334,204.0
2014-11-01,Kalmunai,204.0,11,-0.5000000000000004,0.8660254037844384,33.0,12.0,17.0,20.666666666666668,147.0
2014-12-01,Kalmunai,147.0,12,-2.4492935982947064e-16,1.0,204.0,33.0,12.0,83.0,228.0
2015-01-01,Kalmunai,228.0,1,0.49999999999999994,0.8660254037844387,147.0,204.0,33.0,128.0,87.0
2015-02-01,Kalmunai,87.0,2,0.8660254037844386,0.5000000000000001,228.0,147.0,204.0,193.0,29.0
2015-03-01,Kalmunai,29.0,3,1.0,6.123233995736766e-17,87.0,228.0,147.0,154.0,21.0
2015-04-01,Kalmunai,21.0,4,0.8660254037844387,-0.4999999999999998,29.0,87.0,228.0,114.66666666666667,29.0
2015-05-01,Kalmunai,29.0,5,0.49999999999999994,-0.8660254037844387,21.0,29.0,87.0,45.666666666666664,19.0
2015-06-01,Kalmunai,19.0,6,1.2246467991473532e-16,-1.0,29.0,21.0,29.0,26.333333333333332,13.0
2015-07-01,Kalmunai,13.0,7,-0.4999999999999997,-0.8660254037844388,19.0,29.0,21.0,23.0,16.0
2015-08-01,Kalmunai,16.0,8,-0.8660254037844385,-0.5000000000000004,13.0,19.0,29.0,20.333333333333332,14.0
2015-09-01,Kalmunai,14.0,9,-1.0,-1.8369701987210297e-16,16.0,13.0,19.0,16.0,7.0
2015-10-01,Kalmunai,7.0,10,-0.8660254037844386,0.5000000000000001,14.0,16.0,13.0,14.333333333333334,22.0
2015-11-01,Kalmunai,22.0,11,-0.5000000000000004,0.8660254037844384,7.0,14.0,16.0,12.333333333333334,53.0
2015-12-01,Kalmunai,53.0,12,-2.4492935982947064e-16,1.0,22.0,7.0,14.0,14.333333333333334,122.0
2016-01-01,Kalmunai,122.0,1,0.49999999999999994,0.8660254037844387,53.0,22.0,7.0,27.333333333333332,127.0
2016-02-01,Kalmunai,127.0,2,0.8660254037844386,0.5000000000000001,122.0,53.0,22.0,65.66666666666667,49.0
2016-03-01,Kalmunai,49.0,3,1.0,6.123233995736766e-17,127.0,122.0,53.0,100.66666666666667,30.0
2016-04-01,Kalmunai,30.0,4,0.8660254037844387,-0.4999999999999998,49.0,127.0,122.0,99.33333333333333,21.0
2016-05-01,Kalmunai,21.0,5,0.49999999999999994,-0.8660254037844387,30.0,49.0,127.0,68.66666666666667,18.0
2016-06-01,Kalmunai,18.0,6,1.2246467991473532e-16,-1.0,21.0,30.0,49.0,33.333333333333336,26.0
2016-07-01,Kalmunai,26.0,7,-0.4999999999999997,-0.8660254037844388,18.0,21.0,30.0,23.0,19.0
2016-08-01,Kalmunai,19.0,8,-0.8660254037844385,-0.5000000000000004,26.0,18.0,21.0,21.666666666666668,32.0
2016-09-01,Kalmunai,32.0,9,-1.0,-1.8369701987210297e-16,19.0,26.0,18.0,21.0,57.0
2016-10-01,Kalmunai,57.0,10,-0.8660254037844386,0.5000000000000001,32.0,19.0,26.0,25.666666666666668,131.0
2016-11-01,Kalmunai,131.0,11,-0.5000000000000004,0.8660254037844384,57.0,32.0,19.0,36.0,348.0
2016-12-01,Kalmunai,348.0,12,-2.4492935982947064e-16,1.0,131.0,57.0,32.0,73.33333333333333,574.0
2017-01-01,Kalmunai,574.0,1,0.49999999999999994,0.8660254037844387,348.0,131.0,57.0,178.66666666666666,294.0
2017-02-01,Kalmunai,294.0,2,0.8660254037844386,0.5000000000000001,574.0,348.0,131.0,351.0,378.0
2017-03-01,Kalmunai,378.0,3,1.0,6.123233995736766e-17,294.0,574.0,348.0,405.3333333333333,197.0
2017-04-01,Kalmunai,197.0,4,0.8660254037844387,-0.4999999999999998,378.0,294.0,574.0,415.3333333333333,162.0
2017-05-01,Kalmunai,162.0,5,0.49999999999999994,-0.8660254037844387,197.0,378.0,294.0,289.6666666666667,127.0
2017-06-01,Kalmunai,127.0,6,1.2246467991473532e-16,-1.0,162.0,197.0,378.0,245.66666666666666,197.0
2017-07-01,Kalmunai,197.0,7,-0.4999999999999997,-0.8660254037844388,127.0,162.0,197.0,162.0,151.0
2017-08-01,Kalmunai,151.0,8,-0.8660254037844385,-0.5000000000000004,197.0,127.0,162.0,162.0,128.0
2017-09-01,Kalmunai,128.0,9,-1.0,-1.8369701987210297e-16,151.0,197.0,127.0,158.33333333333334,159.0
2017-10-01,Kalmunai,159.0,10,-0.8660254037844386,0.5000000000000001,128.0,151.0,197.0,158.66666666666666,196.0
2017-11-01,Kalmunai,196.0,11,-0.5000000000000004,0.8660254037844384,159.0,128.0,151.0,146.0,583.0
2017-12-01,Kalmunai,583.0,12,-2.4492935982947064e-16,1.0,196.0,159.0,128.0,161.0,573.0
2018-01-01,Kalmunai,573.0,1,0.49999999999999994,0.8660254037844387,583.0,196.0,159.0,312.6666666666667,230.0
2018-02-01,Kalmunai,230.0,2,0.8660254037844386,0.5000000000000001,573.0,583.0,196.0,450.6666666666667,140.0
2018-03-01,Kalmunai,140.0,3,1.0,6.123233995736766e-17,230.0,573.0,583.0,462.0,148.0
2018-04-01,Kalmunai,148.0,4,0.8660254037844387,-0.4999999999999998,140.0,230.0,573.0,314.3333333333333,148.0
2018-05-01,Kalmunai,148.0,5,0.49999999999999994,-0.8660254037844387,148.0,140.0,230.0,172.66666666666666,79.0
2018-06-01,Kalmunai,79.0,6,1.2246467991473532e-16,-1.0,148.0,148.0,140.0,145.33333333333334,120.0
2018-07-01,Kalmunai,120.0,7,-0.4999999999999997,-0.8660254037844388,79.0,148.0,148.0,125.0,77.0
2018-08-01,Kalmunai,77.0,8,-0.8660254037844385,-0.5000000000000004,120.0,79.0,148.0,115.66666666666667,36.0
2018-09-01,Kalmunai,36.0,9,-1.0,-1.8369701987210297e-16,77.0,120.0,79.0,92.0,33.0
2018-10-01,Kalmunai,33.0,10,-0.8660254037844386,0.5000000000000001,36.0,77.0,120.0,77.66666666666667,77.0
2018-11-01,Kalmunai,77.0,11,-0.5000000000000004,0.8660254037844384,33.0,36.0,77.0,48.666666666666664,105.0
2018-12-01,Kalmunai,105.0,12,-2.4492935982947064e-16,1.0,77.0,33.0,36.0,48.666666666666664,107.0
2019-01-01,Kalmunai,107.0,1,0.49999999999999994,0.8660254037844387,105.0,77.0,33.0,71.66666666666667,94.0
2019-02-01,Kalmunai,94.0,2,0.8660254037844386,0.5000000000000001,107.0,105.0,77.0,96.33333333333333,115.0
2019-03-01,Kalmunai,115.0,3,1.0,6.123233995736766e-17,94.0,107.0,105.0,102.0,92.0
2019-04-01,Kalmunai,92.0,4,0.8660254037844387,-0.4999999999999998,115.0,94.0,107.0,105.33333333333333,67.0
2019-05-01,Kalmunai,67.0,5,0.49999999999999994,-0.8660254037844387,92.0,115.0,94.0,100.33333333333333,48.0
2019-06-01,Kalmunai,48.0,6,1.2246467991473532e-16,-1.0,67.0,92.0,115.0,91.33333333333333,29.0
2019-07-01,Kalmunai,29.0,7,-0.4999999999999997,-0.8660254037844388,48.0,67.0,92.0,69.0,33.0
2019-08-01,Kalmunai,33.0,8,-0.8660254037844385,-0.5000000000000004,29.0,48.0,67.0,48.0,29.0
2019-09-01,Kalmunai,29.0,9,-1.0,-1.8369701987210297e-16,33.0,29.0,48.0,36.666666666666664,46.0
2019-10-01,Kalmunai,46.0,10,-0.8660254037844386,0.5000000000000001,29.0,33.0,29.0,30.333333333333332,372.0
2019-11-01,Kalmunai,372.0,11,-0.5000000000000004,0.8660254037844384,46.0,29.0,33.0,36.0,497.0
2019-12-01,Kalmunai,497.0,12,-2.4492935982947064e-16,1.0,372.0,46.0,29.0,149.0,530.0
2020-01-01,Kalmunai,530.0,1,0.49999999999999994,0.8660254037844387,497.0,372.0,46.0,305.0,228.0
2020-02-01,Kalmunai,228.0,2,0.8660254037844386,0.5000000000000001,530.0,497.0,372.0,466.3333333333333,39.0
2020-03-01,Kalmunai,39.0,3,1.0,6.123233995736766e-17,228.0,530.0,497.0,418.3333333333333,30.0
2020-04-01,Kalmunai,30.0,4,0.8660254037844387,-0.4999999999999998,39.0,228.0,530.0,265.6666666666667,11.0
2020-05-01,Kalmunai,11.0,5,0.49999999999999994,-0.8660254037844387,30.0,39.0,228.0,99.0,17.0
2020-06-01,Kalmunai,17.0,6,1.2246467991473532e-16,-1.0,11.0,30.0,39.0,26.666666666666668,13.0
2020-07-01,Kalmunai,13.0,7,-0.4999999999999997,-0.8660254037844388,17.0,11.0,30.0,19.333333333333332,21.0
2020-08-01,Kalmunai,21.0,8,-0.8660254037844385,-0.5000000000000004,13.0,17.0,11.0,13.666666666666666,40.0
2020-09-01,Kalmunai,40.0,9,-1.0,-1.8369701987210297e-16,21.0,13.0,17.0,17.0,30.0
2020-10-01,Kalmunai,30.0,10,-0.8660254037844386,0.5000000000000001,40.0,21.0,13.0,24.666666666666668,9.0
2020-11-01,Kalmunai,9.0,11,-0.5000000000000004,0.8660254037844384,30.0,40.0,21.0,30.333333333333332,12.0
2020-12-01,Kalmunai,12.0,12,-2.4492935982947064e-16,1.0,9.0,30.0,40.0,26.333333333333332,36.0
2021-01-01,Kalmunai,36.0,1,0.49999999999999994,0.8660254037844387,12.0,9.0,30.0,17.0,41.0
2021-02-01,Kalmunai,41.0,2,0.8660254037844386,0.5000000000000001,36.0,12.0,9.0,19.0,64.0
2021-03-01,Kalmunai,64.0,3,1.0,6.123233995736766e-17,41.0,36.0,12.0,29.666666666666668,69.0
2021-04-01,Kalmunai,69.0,4,0.8660254037844387,-0.4999999999999998,64.0,41.0,36.0,47.0,36.0
2021-05-01,Kalmunai,36.0,5,0.49999999999999994,-0.8660254037844387,69.0,64.0,41.0,58.0,14.0
2021-06-01,Kalmunai,14.0,6,1.2246467991473532e-16,-1.0,36.0,69.0,64.0,56.333333333333336,6.0
2021-07-01,Kalmunai,6.0,7,-0.4999999999999997,-0.8660254037844388,14.0,36.0,69.0,39.666666666666664,1.0
2021-08-01,Kalmunai,1.0,8,-0.8660254037844385,-0.5000000000000004,6.0,14.0,36.0,18.666666666666668,0.0
2021-09-01,Kalmunai,0.0,9,-1.0,-1.8369701987210297e-16,1.0,6.0,14.0,7.0,0.0
2021-10-01,Kalmunai,0.0,10,-0.8660254037844386,0.5000000000000001,0.0,1.0,6.0,2.3333333333333335,0.0
2021-11-01,Kalmunai,0.0,11,-0.5000000000000004,0.8660254037844384,0.0,0.0,1.0,0.3333333333333333,0.0
2010-04-01,Kalutara,114.0,4,0.8660254037844387,-0.4999999999999998,119.0,124.0,121.0,121.33333333333333,185.0
2010-05-01,Kalutara,185.0,5,0.49999999999999994,-0.8660254037844387,114.0,119.0,124.0,119.0,294.0
2010-06-01,Kalutara,294.0,6,1.2246467991473532e-16,-1.0,185.0,114.0,119.0,139.33333333333334,420.0
2010-07-01,Kalutara,420.0,7,-0.4999999999999997,-0.8660254037844388,294.0,185.0,114.0,197.66666666666666,215.0
2010-08-01,Kalutara,215.0,8,-0.8660254037844385,-0.5000000000000004,420.0,294.0,185.0,299.6666666666667,122.0
2010-09-01,Kalutara,122.0,9,-1.0,-1.8369701987210297e-16,215.0,420.0,294.0,309.6666666666667,56.0
2010-10-01,Kalutara,56.0,10,-0.8660254037844386,0.5000000000000001,122.0,215.0,420.0,252.33333333333334,23.0
2010-11-01,Kalutara,23.0,11,-0.5000000000000004,0.8660254037844384,56.0,122.0,215.0,131.0,19.0
2010-12-01,Kalutara,19.0,12,-2.4492935982947064e-16,1.0,23.0,56.0,122.0,67.0,48.0
2011-01-01,Kalutara,48.0,1,0.49999999999999994,0.8660254037844387,19.0,23.0,56.0,32.666666666666664,52.0
2011-02-01,Kalutara,52.0,2,0.8660254037844386,0.5000000000000001,48.0,19.0,23.0,30.0,57.0
2011-03-01,Kalutara,57.0,3,1.0,6.123233995736766e-17,52.0,48.0,19.0,39.666666666666664,133.0
2011-04-01,Kalutara,133.0,4,0.8660254037844387,-0.4999999999999998,57.0,52.0,48.0,52.333333333333336,148.0
2011-05-01,Kalutara,148.0,5,0.49999999999999994,-0.8660254037844387,133.0,57.0,52.0,80.66666666666667,185.0
2011-06-01,Kalutara,185.0,6,1.2246467991473532e-16,-1.0,148.0,133.0,57.0,112.66666666666667,188.0
2011-07-01,Kalutara,188.0,7,-0.4999999999999997,-0.8660254037844388,185.0,148.0,133.0,155.33333333333334,107.0
2011-08-01,Kalutara,107.0,8,-0.8660254037844385,-0.5000000000000004,188.0,185.0,148.0,173.66666666666666,93.0
2011-09-01,Kalutara,93.0,9,-1.0,-1.8369701987210297e-16,107.0,188.0,185.0,160.0,100.0
2011-10-01,Kalutara,100.0,10,-0.8660254037844386,0.5000000000000001,93.0,107.0,188.0,129.33333333333334,111.0
2011-11-01,Kalutara,111.0,11,-0.5000000000000004,0.8660254037844384,100.0,93.0,107.0,100.0,194.0
2011-12-01,Kalutara,194.0,12,-2.4492935982947064e-16,1.0,111.0,100.0,93.0,101.33333333333333,180.0
2012-01-01,Kalutara,180.0,1,0.49999999999999994,0.8660254037844387,194.0,111.0,100.0,135.0,260.0
2012-02-01,Kalutara,260.0,2,0.8660254037844386,0.5000000000000001,180.0,194.0,111.0,161.66666666666666,209.0
2012-03-01,Kalutara,209.0,3,1.0,6.123233995736766e-17,260.0,180.0,194.0,211.33333333333334,205.0
2012-04-01,Kalutara,205.0,4,0.8660254037844387,-0.4999999999999998,209.0,260.0,180.0,216.33333333333334,182.0
2012-05-01,Kalutara,182.0,5,0.49999999999999994,-0.8660254037844387,205.0,209.0,260.0,224.66666666666666,364.0
2012-06-01,Kalutara,364.0,6,1.2246467991473532e-16,-1.0,182.0,205.0,209.0,198.66666666666666,348.0
2012-07-01,Kalutara,348.0,7,-0.4999999999999997,-0.8660254037844388,364.0,182.0,205.0,250.33333333333334,339.0
2012-08-01,Kalutara,339.0,8,-0.8660254037844385,-0.5000000000000004,348.0,364.0,182.0,298.0,156.0
2012-09-01,Kalutara,156.0,9,-1.0,-1.8369701987210297e-16,339.0,348.0,364.0,350.3333333333333,192.0
2012-10-01,Kalutara,192.0,10,-0.8660254037844386,0.5000000000000001,156.0,339.0,348.0,281.0,213.0
2012-11-01,Kalutara,213.0,11,-0.5000000000000004,0.8660254037844384,192.0,156.0,339.0,229.0,143.0
2012-12-01,Kalutara,143.0,12,-2.4492935982947064e-16,1.0,213.0,192.0,156.0,187.0,159.0
2013-01-01,Kalutara,159.0,1,0.49999999999999994,0.8660254037844387,143.0,213.0,192.0,182.66666666666666,153.0
2013-02-01,Kalutara,153.0,2,0.8660254037844386,0.5000000000000001,159.0,143.0,213.0,171.66666666666666,168.0
2013-03-01,Kalutara,168.0,3,1.0,6.123233995736766e-17,153.0,159.0,143.0,151.66666666666666,115.0
2013-04-01,Kalutara,115.0,4,0.8660254037844387,-0.4999999999999998,168.0,153.0,159.0,160.0,164.0
2013-05-01,Kalutara,164.0,5,0.49999999999999994,-0.8660254037844387,115.0,168.0,153.0,145.33333333333334,140.0
2013-06-01,Kalutara,140.0,6,1.2246467991473532e-16,-1.0,164.0,115.0,168.0,149.0,178.0
2013-07-01,Kalutara,178.0,7,-0.4999999999999997,-0.8660254037844388,140.0,164.0,115.0,139.66666666666666,210.0
2013-08-01,Kalutara,210.0,8,-0.8660254037844385,-0.5000000000000004,178.0,140.0,164.0,160.66666666666666,148.0
2013-09-01,Kalutara,148.0,9,-1.0,-1.8369701987210297e-16,210.0,178.0,140.0,176.0,108.0
2013-10-01,Kalutara,108.0,10,-0.8660254037844386,0.5000000000000001,148.0,210.0,178.0,178.66666666666666,166.0
2013-11-01,Kalutara,166.0,11,-0.5000000000000004,0.8660254037844384,108.0,148.0,210.0,155.33333333333334,219.0
2013-12-01,Kalutara,219.0,12,-2.4492935982947064e-16,1.0,166.0,108.0,148.0,140.66666666666666,267.0
2014-01-01,Kalutara,267.0,1,0.49999999999999994,0.8660254037844387,219.0,166.0,108.0,164.33333333333334,175.0
2014-02-01,Kalutara,175.0,2,0.8660254037844386,0.5000000000000001,267.0,219.0,166.0,217.33333333333334,111.0
2014-03-01,Kalutara,111.0,3,1.0,6.123233995736766e-17,175.0,267.0,219.0,220.33333333333334,117.0
2014-04-01,Kalutara,117.0,4,0.8660254037844387,-0.4999999999999998,111.0,175.0,267.0,184.33333333333334,241.0
2014-05-01,Kalutara,241.0,5,0.49999999999999994,-0.8660254037844387,117.0,111.0,175.0,134.33333333333334,429.0
2014-06-01,Kalutara,429.0,6,1.2246467991473532e-16,-1.0,241.0,117.0,111.0,156.33333333333334,389.0
2014-07-01,Kalutara,389.0,7,-0.4999999999999997,-0.8660254037844388,429.0,241.0,117.0,262.3333333333333,239.0
2014-08-01,Kalutara,239.0,8,-0.8660254037844385,-0.5000000000000004,389.0,429.0,241.0,353.0,138.0
2014-09-01,Kalutara,138.0,9,-1.0,-1.8369701987210297e-16,239.0,389.0,429.0,352.3333333333333,158.0
2014-10-01,Kalutara,158.0,10,-0.8660254037844386,0.5000000000000001,138.0,239.0,389.0,255.33333333333334,182.0
2014-11-01,Kalutara,182.0,11,-0.5000000000000004,0.8660254037844384,158.0,138.0,239.0,178.33333333333334,185.0
2014-12-01,Kalutara,185.0,12,-2.4492935982947064e-16,1.0,182.0,158.0,138.0,159.33333333333334,276.0
2015-01-01,Kalutara,276.0,1,0.49999999999999994,0.8660254037844387,185.0,182.0,158.0,175.0,180.0
2015-02-01,Kalutara,180.0,2,0.8660254037844386,0.5000000000000001,276.0,185.0,182.0,214.33333333333334,106.0
2015-03-01,Kalutara,106.0,3,1.0,6.123233995736766e-17,180.0,276.0,185.0,213.66666666666666,72.0
2015-04-01,Kalutara,72.0,4,0.8660254037844387,-0.4999999999999998,106.0,180.0,276.0,187.33333333333334,86.0
2015-05-01,Kalutara,86.0,5,0.49999999999999994,-0.8660254037844387,72.0,106.0,180.0,119.33333333333333,78.0
2015-06-01,Kalutara,78.0,6,1.2246467991473532e-16,-1.0,86.0,72.0,106.0,88.0,125.0
2015-07-01,Kalutara,125.0,7,-0.4999999999999997,-0.8660254037844388,78.0,86.0,72.0,78.66666666666667,92.0
2015-08-01,Kalutara,92.0,8,-0.8660254037844385,-0.5000000000000004,125.0,78.0,86.0,96.33333333333333,57.0
2015-09-01,Kalutara,57.0,9,-1.0,-1.8369701987210297e-16,92.0,125.0,78.0,98.33333333333333,118.0
2015-10-01,Kalutara,118.0,10,-0.8660254037844386,0.5000000000000001,57.0,92.0,125.0,91.33333333333333,167.0
2015-11-01,Kalutara,167.0,11,-0.5000000000000004,0.8660254037844384,118.0,57.0,92.0,89.0,202.0
2015-12-01,Kalutara,202.0,12,-2.4492935982947064e-16,1.0,167.0,118.0,57.0,114.0,321.0
2016-01-01,Kalutara,321.0,1,0.49999999999999994,0.8660254037844387,202.0,167.0,118.0,162.33333333333334,294.0
2016-02-01,Kalutara,294.0,2,0.8660254037844386,0.5000000000000001,321.0,202.0,167.0,230.0,197.0
2016-03-01,Kalutara,197.0,3,1.0,6.123233995736766e-17,294.0,321.0,202.0,272.3333333333333,312.0
2016-04-01,Kalutara,312.0,4,0.8660254037844387,-0.4999999999999998,197.0,294.0,321.0,270.6666666666667,249.0
2016-05-01,Kalutara,249.0,5,0.49999999999999994,-0.8660254037844387,312.0,197.0,294.0,267.6666666666667,343.0
2016-06-01,Kalutara,343.0,6,1.2246467991473532e-16,-1.0,249.0,312.0,197.0,252.66666666666666,683.0
2016-07-01,Kalutara,683.0,7,-0.4999999999999997,-0.8660254037844388,343.0,249.0,312.0,301.3333333333333,293.0
2016-08-01,Kalutara,293.0,8,-0.8660254037844385,-0.5000000000000004,683.0,343.0,249.0,425.0,195.0
2016-09-01,Kalutara,195.0,9,-1.0,-1.8369701987210297e-16,293.0,683.0,343.0,439.6666666666667,106.0
2016-10-01,Kalutara,106.0,10,-0.8660254037844386,0.5000000000000001,195.0,293.0,683.0,390.3333333333333,121.0
2016-11-01,Kalutara,121.0,11,-0.5000000000000004,0.8660254037844384,106.0,195.0,293.0,198.0,388.0
2016-12-01,Kalutara,388.0,12,-2.4492935982947064e-16,1.0,121.0,106.0,195.0,140.66666666666666,581.0
2017-01-01,Kalutara,581.0,1,0.49999999999999994,0.8660254037844387,388.0,121.0,106.0,205.0,448.0
2017-02-01,Kalutara,448.0,2,0.8660254037844386,0.5000000000000001,581.0,388.0,121.0,363.3333333333333,836.0
2017-03-01,Kalutara,836.0,3,1.0,6.123233995736766e-17,448.0,581.0,388.0,472.3333333333333,739.0
2017-04-01,Kalutara,739.0,4,0.8660254037844387,-0.4999999999999998,836.0,448.0,581.0,621.6666666666666,946.0
2017-05-01,Kalutara,946.0,5,0.49999999999999994,-0.8660254037844387,739.0,836.0,448.0,674.3333333333334,1248.0
2017-06-01,Kalutara,1248.0,6,1.2246467991473532e-16,-1.0,946.0,739.0,836.0,840.3333333333334,2612.0
2017-07-01,Kalutara,2612.0,7,-0.4999999999999997,-0.8660254037844388,1248.0,946.0,739.0,977.6666666666666,1477.0
2017-08-01,Kalutara,1477.0,8,-0.8660254037844385,-0.5000000000000004,2612.0,1248.0,946.0,1602.0,663.0
2017-09-01,Kalutara,663.0,9,-1.0,-1.8369701987210297e-16,1477.0,2612.0,1248.0,1779.0,337.0
2017-10-01,Kalutara,337.0,10,-0.8660254037844386,0.5000000000000001,663.0,1477.0,2612.0,1584.0,528.0
2017-11-01,Kalutara,528.0,11,-0.5000000000000004,0.8660254037844384,337.0,663.0,1477.0,825.6666666666666,546.0
2017-12-01,Kalutara,546.0,12,-2.4492935982947064e-16,1.0,528.0,337.0,663.0,509.3333333333333,431.0
2018-01-01,Kalutara,431.0,1,0.49999999999999994,0.8660254037844387,546.0,528.0,337.0,470.3333333333333,314.0
2018-02-01,Kalutara,314.0,2,0.8660254037844386,0.5000000000000001,431.0,546.0,528.0,501.6666666666667,305.0
2018-03-01,Kalutara,305.0,3,1.0,6.123233995736766e-17,314.0,431.0,546.0,430.3333333333333,136.0
2018-04-01,Kalutara,136.0,4,0.8660254037844387,-0.4999999999999998,305.0,314.0,431.0,350.0,169.0
2018-05-01,Kalutara,169.0,5,0.49999999999999994,-0.8660254037844387,136.0,305.0,314.0,251.66666666666666,327.0
2018-06-01,Kalutara,327.0,6,1.2246467991473532e-16,-1.0,169.0,136.0,305.0,203.33333333333334,422.0
2018-07-01,Kalutara,422.0,7,-0.4999999999999997,-0.8660254037844388,327.0,169.0,136.0,210.66666666666666,262.0
2018-08-01,Kalutara,262.0,8,-0.8660254037844385,-0.5000000000000004,422.0,327.0,169.0,306.0,119.0
2018-09-01,Kalutara,119.0,9,-1.0,-1.8369701987210297e-16,262.0,422.0,327.0,337.0,87.0
2018-10-01,Kalutara,87.0,10,-0.8660254037844386,0.5000000000000001,119.0,262.0,422.0,267.6666666666667,233.0
2018-11-01,Kalutara,233.0,11,-0.5000000000000004,0.8660254037844384,87.0,119.0,262.0,156.0,350.0
2018-12-01,Kalutara,350.0,12,-2.4492935982947064e-16,1.0,233.0,87.0,119.0,146.33333333333334,372.0
2019-01-01,Kalutara,372.0,1,0.49999999999999994,0.8660254037844387,350.0,233.0,87.0,223.33333333333334,202.0
2019-02-01,Kalutara,202.0,2,0.8660254037844386,0.5000000000000001,372.0,350.0,233.0,318.3333333333333,250.0
2019-03-01,Kalutara,250.0,3,1.0,6.123233995736766e-17,202.0,372.0,350.0,308.0,219.0
2019-04-01,Kalutara,219.0,4,0.8660254037844387,-0.4999999999999998,250.0,202.0,372.0,274.6666666666667,384.0
2019-05-01,Kalutara,384.0,5,0.49999999999999994,-0.8660254037844387,219.0,250.0,202.0,223.66666666666666,749.0
2019-06-01,Kalutara,749.0,6,1.2246467991473532e-16,-1.0,384.0,219.0,250.0,284.3333333333333,1136.0
2019-07-01,Kalutara,1136.0,7,-0.4999999999999997,-0.8660254037844388,749.0,384.0,219.0,450.6666666666667,1095.0
2019-08-01,Kalutara,1095.0,8,-0.8660254037844385,-0.5000000000000004,1136.0,749.0,384.0,756.3333333333334,737.0
2019-09-01,Kalutara,737.0,9,-1.0,-1.8369701987210297e-16,1095.0,1136.0,749.0,993.3333333333334,988.0
2019-10-01,Kalutara,988.0,10,-0.8660254037844386,0.5000000000000001,737.0,1095.0,1136.0,989.3333333333334,1310.0
2019-11-01,Kalutara,1310.0,11,-0.5000000000000004,0.8660254037844384,988.0,737.0,1095.0,940.0,953.0
2019-12-01,Kalutara,953.0,12,-2.4492935982947064e-16,1.0,1310.0,988.0,737.0,1011.6666666666666,536.0
2020-01-01,Kalutara,536.0,1,0.49999999999999994,0.8660254037844387,953.0,1310.0,988.0,1083.6666666666667,273.0
2020-02-01,Kalutara,273.0,2,0.8660254037844386,0.5000000000000001,536.0,953.0,1310.0,933.0,112.0
2020-03-01,Kalutara,112.0,3,1.0,6.123233995736766e-17,273.0,536.0,953.0,587.3333333333334,46.0
2020-04-01,Kalutara,46.0,4,0.8660254037844387,-0.4999999999999998,112.0,273.0,536.0,307.0,111.0
2020-05-01,Kalutara,111.0,5,0.49999999999999994,-0.8660254037844387,46.0,112.0,273.0,143.66666666666666,250.0
2020-06-01,Kalutara,250.0,6,1.2246467991473532e-16,-1.0,111.0,46.0,112.0,89.66666666666667,177.0
2020-07-01,Kalutara,177.0,7,-0.4999999999999997,-0.8660254037844388,250.0,111.0,46.0,135.66666666666666,101.0
2020-08-01,Kalutara,101.0,8,-0.8660254037844385,-0.5000000000000004,177.0,250.0,111.0,179.33333333333334,82.0
2020-09-01,Kalutara,82.0,9,-1.0,-1.8369701987210297e-16,101.0,177.0,250.0,176.0,37.0
2020-10-01,Kalutara,37.0,10,-0.8660254037844386,0.5000000000000001,82.0,101.0,177.0,120.0,33.0
2020-11-01,Kalutara,33.0,11,-0.5000000000000004,0.8660254037844384,37.0,82.0,101.0,73.33333333333333,52.0
2020-12-01,Kalutara,52.0,12,-2.4492935982947064e-16,1.0,33.0,37.0,82.0,50.666666666666664,82.0
2021-01-01,Kalutara,82.0,1,0.49999999999999994,0.8660254037844387,52.0,33.0,37.0,40.666666666666664,64.0
2021-02-01,Kalutara,64.0,2,0.8660254037844386,0.5000000000000001,82.0,52.0,33.0,55.666666666666664,122.0
2021-03-01,Kalutara,122.0,3,1.0,6.123233995736766e-17,64.0,82.0,52.0,66.0,148.0
2021-04-01,Kalutara,148.0,4,0.8660254037844387,-0.4999999999999998,122.0,64.0,82.0,89.33333333333333,63.0
2021-05-01,Kalutara,63.0,5,0.49999999999999994,-0.8660254037844387,148.0,122.0,64.0,111.33333333333333,110.0
2021-06-01,Kalutara,110.0,6,1.2246467991473532e-16,-1.0,63.0,148.0,122.0,111.0,136.0
2021-07-01,Kalutara,136.0,7,-0.4999999999999997,-0.8660254037844388,110.0,63.0,148.0,107.0,0.0
2021-08-01,Kalutara,0.0,8,-0.8660254037844385,-0.5000000000000004,136.0,110.0,63.0,103.0,0.0
2021-09-01,Kalutara,0.0,9,-1.0,-1.8369701987210297e-16,0.0,136.0,110.0,82.0,0.0
2021-10-01,Kalutara,0.0,10,-0.8660254037844386,0.5000000000000001,0.0,0.0,136.0,45.333333333333336,0.0
2021-11-01,Kalutara,0.0,11,-0.5000000000000004,0.8660254037844384,0.0,0.0,0.0,0.0,0.0
2010-04-01,Kandy,89.0,4,0.8660254037844387,-0.4999999999999998,116.0,174.0,211.0,167.0,114.0
2010-05-01,Kandy,114.0,5,0.49999999999999994,-0.8660254037844387,89.0,116.0,174.0,126.33333333333333,176.0
2010-06-01,Kandy,176.0,6,1.2246467991473532e-16,-1.0,114.0,89.0,116.0,106.33333333333333,341.0
2010-07-01,Kandy,341.0,7,-0.4999999999999997,-0.8660254037844388,176.0,114.0,89.0,126.33333333333333,230.0
2010-08-01,Kandy,230.0,8,-0.8660254037844385,-0.5000000000000004,341.0,176.0,114.0,210.33333333333334,91.0
2010-09-01,Kandy,91.0,9,-1.0,-1.8369701987210297e-16,230.0,341.0,176.0,249.0,64.0
2010-10-01,Kandy,64.0,10,-0.8660254037844386,0.5000000000000001,91.0,230.0,341.0,220.66666666666666,22.0
2010-11-01,Kandy,22.0,11,-0.5000000000000004,0.8660254037844384,64.0,91.0,230.0,128.33333333333334,16.0
2010-12-01,Kandy,16.0,12,-2.4492935982947064e-16,1.0,22.0,64.0,91.0,59.0,26.0
2011-01-01,Kandy,26.0,1,0.49999999999999994,0.8660254037844387,16.0,22.0,64.0,34.0,28.0
2011-02-01,Kandy,28.0,2,0.8660254037844386,0.5000000000000001,26.0,16.0,22.0,21.333333333333332,32.0
2011-03-01,Kandy,32.0,3,1.0,6.123233995736766e-17,28.0,26.0,16.0,23.333333333333332,62.0
2011-04-01,Kandy,62.0,4,0.8660254037844387,-0.4999999999999998,32.0,28.0,26.0,28.666666666666668,53.0
2011-05-01,Kandy,53.0,5,0.49999999999999994,-0.8660254037844387,62.0,32.0,28.0,40.666666666666664,81.0
2011-06-01,Kandy,81.0,6,1.2246467991473532e-16,-1.0,53.0,62.0,32.0,49.0,218.0
2011-07-01,Kandy,218.0,7,-0.4999999999999997,-0.8660254037844388,81.0,53.0,62.0,65.33333333333333,99.0
2011-08-01,Kandy,99.0,8,-0.8660254037844385,-0.5000000000000004,218.0,81.0,53.0,117.33333333333333,251.0
2011-09-01,Kandy,251.0,9,-1.0,-1.8369701987210297e-16,99.0,218.0,81.0,132.66666666666666,255.0
2011-10-01,Kandy,255.0,10,-0.8660254037844386,0.5000000000000001,251.0,99.0,218.0,189.33333333333334,182.0
2011-11-01,Kandy,182.0,11,-0.5000000000000004,0.8660254037844384,255.0,251.0,99.0,201.66666666666666,348.0
2011-12-01,Kandy,348.0,12,-2.4492935982947064e-16,1.0,182.0,255.0,251.0,229.33333333333334,270.0
2012-01-01,Kandy,270.0,1,0.49999999999999994,0.8660254037844387,348.0,182.0,255.0,261.6666666666667,194.0
2012-02-01,Kandy,194.0,2,0.8660254037844386,0.5000000000000001,270.0,348.0,182.0,266.6666666666667,114.0
2012-03-01,Kandy,114.0,3,1.0,6.123233995736766e-17,194.0,270.0,348.0,270.6666666666667,122.0
2012-04-01,Kandy,122.0,4,0.8660254037844387,-0.4999999999999998,114.0,194.0,270.0,192.66666666666666,194.0
2012-05-01,Kandy,194.0,5,0.49999999999999994,-0.8660254037844387,122.0,114.0,194.0,143.33333333333334,298.0
2012-06-01,Kandy,298.0,6,1.2246467991473532e-16,-1.0,194.0,122.0,114.0,143.33333333333334,287.0
2012-07-01,Kandy,287.0,7,-0.4999999999999997,-0.8660254037844388,298.0,194.0,122.0,204.66666666666666,355.0
2012-08-01,Kandy,355.0,8,-0.8660254037844385,-0.5000000000000004,287.0,298.0,194.0,259.6666666666667,135.0
2012-09-01,Kandy,135.0,9,-1.0,-1.8369701987210297e-16,355.0,287.0,298.0,313.3333333333333,177.0
2012-10-01,Kandy,177.0,10,-0.8660254037844386,0.5000000000000001,135.0,355.0,287.0,259.0,185.0
2012-11-01,Kandy,185.0,11,-0.5000000000000004,0.8660254037844384,177.0,135.0,355.0,222.33333333333334,186.0
2012-12-01,Kandy,186.0,12,-2.4492935982947064e-16,1.0,185.0,177.0,135.0,165.66666666666666,193.0
2013-01-01,Kandy,193.0,1,0.49999999999999994,0.8660254037844387,186.0,185.0,177.0,182.66666666666666,215.0
2013-02-01,Kandy,215.0,2,0.8660254037844386,0.5000000000000001,193.0,186.0,185.0,188.0,134.0
2013-03-01,Kandy,134.0,3,1.0,6.123233995736766e-17,215.0,193.0,186.0,198.0,83.0
2013-04-01,Kandy,83.0,4,0.8660254037844387,-0.4999999999999998,134.0,215.0,193.0,180.66666666666666,156.0
2013-05-01,Kandy,156.0,5,0.49999999999999994,-0.8660254037844387,83.0,134.0,215.0,144.0,186.0
2013-06-01,Kandy,186.0,6,1.2246467991473532e-16,-1.0,156.0,83.0,134.0,124.33333333333333,191.0
2013-07-01,Kandy,191.0,7,-0.4999999999999997,-0.8660254037844388,186.0,156.0,83.0,141.66666666666666,240.0
2013-08-01,Kandy,240.0,8,-0.8660254037844385,-0.5000000000000004,191.0,186.0,156.0,177.66666666666666,110.0
2013-09-01,Kandy,110.0,9,-1.0,-1.8369701987210297e-16,240.0,191.0,186.0,205.66666666666666,59.0
2013-10-01,Kandy,59.0,10,-0.8660254037844386,0.5000000000000001,110.0,240.0,191.0,180.33333333333334,96.0
2013-11-01,Kandy,96.0,11,-0.5000000000000004,0.8660254037844384,59.0,110.0,240.0,136.33333333333334,100.0
2013-12-01,Kandy,100.0,12,-2.4492935982947064e-16,1.0,96.0,59.0,110.0,88.33333333333333,93.0
2014-01-01,Kandy,93.0,1,0.49999999999999994,0.8660254037844387,100.0,96.0,59.0,85.0,49.0
2014-02-01,Kandy,49.0,2,0.8660254037844386,0.5000000000000001,93.0,100.0,96.0,96.33333333333333,36.0
2014-03-01,Kandy,36.0,3,1.0,6.123233995736766e-17,49.0,93.0,100.0,80.66666666666667,47.0
2014-04-01,Kandy,47.0,4,0.8660254037844387,-0.4999999999999998,36.0,49.0,93.0,59.333333333333336,116.0
2014-05-01,Kandy,116.0,5,0.49999999999999994,-0.8660254037844387,47.0,36.0,49.0,44.0,270.0
2014-06-01,Kandy,270.0,6,1.2246467991473532e-16,-1.0,116.0,47.0,36.0,66.33333333333333,223.0
2014-07-01,Kandy,223.0,7,-0.4999999999999997,-0.8660254037844388,270.0,116.0,47.0,144.33333333333334,247.0
2014-08-01,Kandy,247.0,8,-0.8660254037844385,-0.5000000000000004,223.0,270.0,116.0,203.0,176.0
2014-09-01,Kandy,176.0,9,-1.0,-1.8369701987210297e-16,247.0,223.0,270.0,246.66666666666666,289.0
2014-10-01,Kandy,289.0,10,-0.8660254037844386,0.5000000000000001,176.0,247.0,223.0,215.33333333333334,413.0
2014-11-01,Kandy,413.0,11,-0.5000000000000004,0.8660254037844384,289.0,176.0,247.0,237.33333333333334,377.0
2014-12-01,Kandy,377.0,12,-2.4492935982947064e-16,1.0,413.0,289.0,176.0,292.6666666666667,253.0
2015-01-01,Kandy,253.0,1,0.49999999999999994,0.8660254037844387,377.0,413.0,289.0,359.6666666666667,156.0
2015-02-01,Kandy,156.0,2,0.8660254037844386,0.5000000000000001,253.0,377.0,413.0,347.6666666666667,95.0
2015-03-01,Kandy,95.0,3,1.0,6.123233995736766e-17,156.0,253.0,377.0,262.0,63.0
2015-04-01,Kandy,63.0,4,0.8660254037844387,-0.4999999999999998,95.0,156.0,253.0,168.0,71.0
2015-05-01,Kandy,71.0,5,0.49999999999999994,-0.8660254037844387,63.0,95.0,156.0,104.66666666666667,70.0
2015-06-01,Kandy,70.0,6,1.2246467991473532e-16,-1.0,71.0,63.0,95.0,76.33333333333333,64.0
2015-07-01,Kandy,64.0,7,-0.4999999999999997,-0.8660254037844388,70.0,71.0,63.0,68.0,47.0
2015-08-01,Kandy,47.0,8,-0.8660254037844385,-0.5000000000000004,64.0,70.0,71.0,68.33333333333333,62.0
2015-09-01,Kandy,62.0,9,-1.0,-1.8369701987210297e-16,47.0,64.0,70.0,60.333333333333336,154.0
2015-10-01,Kandy,154.0,10,-0.8660254037844386,0.5000000000000001,62.0,47.0,64.0,57.666666666666664,120.0
2015-11-01,Kandy,120.0,11,-0.5000000000000004,0.8660254037844384,154.0,62.0,47.0,87.66666666666667,170.0
2015-12-01,Kandy,170.0,12,-2.4492935982947064e-16,1.0,120.0,154.0,62.0,112.0,335.0
2016-01-01,Kandy,335.0,1,0.49999999999999994,0.8660254037844387,170.0,120.0,154.0,148.0,207.0
2016-02-01,Kandy,207.0,2,0.8660254037844386,0.5000000000000001,335.0,170.0,120.0,208.33333333333334,93.0
2016-03-01,Kandy,93.0,3,1.0,6.123233995736766e-17,207.0,335.0,170.0,237.33333333333334,109.0
2016-04-01,Kandy,109.0,4,0.8660254037844387,-0.4999999999999998,93.0,207.0,335.0,211.66666666666666,154.0
2016-05-01,Kandy,154.0,5,0.49999999999999994,-0.8660254037844387,109.0,93.0,207.0,136.33333333333334,504.0
2016-06-01,Kandy,504.0,6,1.2246467991473532e-16,-1.0,154.0,109.0,93.0,118.66666666666667,1226.0
2016-07-01,Kandy,1226.0,7,-0.4999999999999997,-0.8660254037844388,504.0,154.0,109.0,255.66666666666666,510.0
2016-08-01,Kandy,510.0,8,-0.8660254037844385,-0.5000000000000004,1226.0,504.0,154.0,628.0,347.0
2016-09-01,Kandy,347.0,9,-1.0,-1.8369701987210297e-16,510.0,1226.0,504.0,746.6666666666666,165.0
2016-10-01,Kandy,165.0,10,-0.8660254037844386,0.5000000000000001,347.0,510.0,1226.0,694.3333333333334,112.0
2016-11-01,Kandy,112.0,11,-0.5000000000000004,0.8660254037844384,165.0,347.0,510.0,340.6666666666667,301.0
2016-12-01,Kandy,301.0,12,-2.4492935982947064e-16,1.0,112.0,165.0,347.0,208.0,252.0
2017-01-01,Kandy,252.0,1,0.49999999999999994,0.8660254037844387,301.0,112.0,165.0,192.66666666666666,207.0
2017-02-01,Kandy,207.0,2,0.8660254037844386,0.5000000000000001,252.0,301.0,112.0,221.66666666666666,369.0
2017-03-01,Kandy,369.0,3,1.0,6.123233995736766e-17,207.0,252.0,301.0,253.33333333333334,443.0
2017-04-01,Kandy,443.0,4,0.8660254037844387,-0.4999999999999998,369.0,207.0,252.0,276.0,862.0
2017-05-01,Kandy,862.0,5,0.49999999999999994,-0.8660254037844387,443.0,369.0,207.0,339.6666666666667,2314.0
2017-06-01,Kandy,2314.0,6,1.2246467991473532e-16,-1.0,862.0,443.0,369.0,558.0,3855.0
2017-07-01,Kandy,3855.0,7,-0.4999999999999997,-0.8660254037844388,2314.0,862.0,443.0,1206.3333333333333,2354.0
2017-08-01,Kandy,2354.0,8,-0.8660254037844385,-0.5000000000000004,3855.0,2314.0,862.0,2343.6666666666665,1090.0
2017-09-01,Kandy,1090.0,9,-1.0,-1.8369701987210297e-16,2354.0,3855.0,2314.0,2841.0,821.0
2017-10-01,Kandy,821.0,10,-0.8660254037844386,0.5000000000000001,1090.0,2354.0,3855.0,2433.0,884.0
2017-11-01,Kandy,884.0,11,-0.5000000000000004,0.8660254037844384,821.0,1090.0,2354.0,1421.6666666666667,957.0
2017-12-01,Kandy,957.0,12,-2.4492935982947064e-16,1.0,884.0,821.0,1090.0,931.6666666666666,481.0
2018-01-01,Kandy,481.0,1,0.49999999999999994,0.8660254037844387,957.0,884.0,821.0,887.3333333333334,271.0
2018-02-01,Kandy,271.0,2,0.8660254037844386,0.5000000000000001,481.0,957.0,884.0,774.0,181.0
2018-03-01,Kandy,181.0,3,1.0,6.123233995736766e-17,271.0,481.0,957.0,569.6666666666666,140.0
2018-04-01,Kandy,140.0,4,0.8660254037844387,-0.4999999999999998,181.0,271.0,481.0,311.0,296.0
2018-05-01,Kandy,296.0,5,0.49999999999999994,-0.8660254037844387,140.0,181.0,271.0,197.33333333333334,411.0
2018-06-01,Kandy,411.0,6,1.2246467991473532e-16,-1.0,296.0,140.0,181.0,205.66666666666666,494.0
2018-07-01,Kandy,494.0,7,-0.4999999999999997,-0.8660254037844388,411.0,296.0,140.0,282.3333333333333,393.0
2018-08-01,Kandy,393.0,8,-0.8660254037844385,-0.5000000000000004,494.0,411.0,296.0,400.3333333333333,273.0
2018-09-01,Kandy,273.0,9,-1.0,-1.8369701987210297e-16,393.0,494.0,411.0,432.6666666666667,193.0
2018-10-01,Kandy,193.0,10,-0.8660254037844386,0.5000000000000001,273.0,393.0,494.0,386.6666666666667,360.0
2018-11-01,Kandy,360.0,11,-0.5000000000000004,0.8660254037844384,193.0,273.0,393.0,286.3333333333333,339.0
2018-12-01,Kandy,339.0,12,-2.4492935982947064e-16,1.0,360.0,193.0,273.0,275.3333333333333,288.0
2019-01-01,Kandy,288.0,1,0.49999999999999994,0.8660254037844387,339.0,360.0,193.0,297.3333333333333,229.0
2019-02-01,Kandy,229.0,2,0.8660254037844386,0.5000000000000001,288.0,339.0,360.0,329.0,231.0
2019-03-01,Kandy,231.0,3,1.0,6.123233995736766e-17,229.0,288.0,339.0,285.3333333333333,192.0
2019-04-01,Kandy,192.0,4,0.8660254037844387,-0.4999999999999998,231.0,229.0,288.0,249.33333333333334,296.0
2019-05-01,Kandy,296.0,5,0.49999999999999994,-0.8660254037844387,192.0,231.0,229.0,217.33333333333334,289.0
2019-06-01,Kandy,289.0,6,1.2246467991473532e-16,-1.0,296.0,192.0,231.0,239.66666666666666,515.0
2019-07-01,Kandy,515.0,7,-0.4999999999999997,-0.8660254037844388,289.0,296.0,192.0,259.0,677.0
2019-08-01,Kandy,677.0,8,-0.8660254037844385,-0.5000000000000004,515.0,289.0,296.0,366.6666666666667,784.0
2019-09-01,Kandy,784.0,9,-1.0,-1.8369701987210297e-16,677.0,515.0,289.0,493.6666666666667,1502.0
2019-10-01,Kandy,1502.0,10,-0.8660254037844386,0.5000000000000001,784.0,677.0,515.0,658.6666666666666,2444.0
2019-11-01,Kandy,2444.0,11,-0.5000000000000004,0.8660254037844384,1502.0,784.0,677.0,987.6666666666666,1493.0
2019-12-01,Kandy,1493.0,12,-2.4492935982947064e-16,1.0,2444.0,1502.0,784.0,1576.6666666666667,674.0
2020-01-01,Kandy,674.0,1,0.49999999999999994,0.8660254037844387,1493.0,2444.0,1502.0,1813.0,290.0
2020-02-01,Kandy,290.0,2,0.8660254037844386,0.5000000000000001,674.0,1493.0,2444.0,1537.0,114.0
2020-03-01,Kandy,114.0,3,1.0,6.123233995736766e-17,290.0,674.0,1493.0,819.0,36.0
2020-04-01,Kandy,36.0,4,0.8660254037844387,-0.4999999999999998,114.0,290.0,674.0,359.3333333333333,230.0
2020-05-01,Kandy,230.0,5,0.49999999999999994,-0.8660254037844387,36.0,114.0,290.0,146.66666666666666,449.0
2020-06-01,Kandy,449.0,6,1.2246467991473532e-16,-1.0,230.0,36.0,114.0,126.66666666666667,595.0
2020-07-01,Kandy,595.0,7,-0.4999999999999997,-0.8660254037844388,449.0,230.0,36.0,238.33333333333334,406.0
2020-08-01,Kandy,406.0,8,-0.8660254037844385,-0.5000000000000004,595.0,449.0,230.0,424.6666666666667,275.0
2020-09-01,Kandy,275.0,9,-1.0,-1.8369701987210297e-16,406.0,595.0,449.0,483.3333333333333,205.0
2020-10-01,Kandy,205.0,10,-0.8660254037844386,0.5000000000000001,275.0,406.0,595.0,425.3333333333333,124.0
2020-11-01,Kandy,124.0,11,-0.5000000000000004,0.8660254037844384,205.0,275.0,406.0,295.3333333333333,45.0
2020-12-01,Kandy,45.0,12,-2.4492935982947064e-16,1.0,124.0,205.0,275.0,201.33333333333334,67.0
2021-01-01,Kandy,67.0,1,0.49999999999999994,0.8660254037844387,45.0,124.0,205.0,124.66666666666667,48.0
2021-02-01,Kandy,48.0,2,0.8660254037844386,0.5000000000000001,67.0,45.0,124.0,78.66666666666667,51.0
2021-03-01,Kandy,51.0,3,1.0,6.123233995736766e-17,48.0,67.0,45.0,53.333333333333336,90.0
2021-04-01,Kandy,90.0,4,0.8660254037844387,-0.4999999999999998,51.0,48.0,67.0,55.333333333333336,37.0
2021-05-01,Kandy,37.0,5,0.49999999999999994,-0.8660254037844387,90.0,51.0,48.0,63.0,40.0
2021-06-01,Kandy,40.0,6,1.2246467991473532e-16,-1.0,37.0,90.0,51.0,59.333333333333336,125.0
2021-07-01,Kandy,125.0,7,-0.4999999999999997,-0.8660254037844388,40.0,37.0,90.0,55.666666666666664,0.0
2021-08-01,Kandy,0.0,8,-0.8660254037844385,-0.5000000000000004,125.0,40.0,37.0,67.33333333333333,0.0
2021-09-01,Kandy,0.0,9,-1.0,-1.8369701987210297e-16,0.0,125.0,40.0,55.0,0.0
2021-10-01,Kandy,0.0,10,-0.8660254037844386,0.5000000000000001,0.0,0.0,125.0,41.666666666666664,0.0
2021-11-01,Kandy,0.0,11,-0.5000000000000004,0.8660254037844384,0.0,0.0,0.0,0.0,0.0
2010-04-01,Kegalle,49.0,4,0.8660254037844387,-0.4999999999999998,76.0,136.0,90.0,100.66666666666667,53.0
2010-05-01,Kegalle,53.0,5,0.49999999999999994,-0.8660254037844387,49.0,76.0,136.0,87.0,117.0
2010-06-01,Kegalle,117.0,6,1.2246467991473532e-16,-1.0,53.0,49.0,76.0,59.333333333333336,161.0
2010-07-01,Kegalle,161.0,7,-0.4999999999999997,-0.8660254037844388,117.0,53.0,49.0,73.0,104.0
2010-08-01,Kegalle,104.0,8,-0.8660254037844385,-0.5000000000000004,161.0,117.0,53.0,110.33333333333333,64.0
2010-09-01,Kegalle,64.0,9,-1.0,-1.8369701987210297e-16,104.0,161.0,117.0,127.33333333333333,25.0
2010-10-01,Kegalle,25.0,10,-0.8660254037844386,0.5000000000000001,64.0,104.0,161.0,109.66666666666667,22.0
2010-11-01,Kegalle,22.0,11,-0.5000000000000004,0.8660254037844384,25.0,64.0,104.0,64.33333333333333,21.0
2010-12-01,Kegalle,21.0,12,-2.4492935982947064e-16,1.0,22.0,25.0,64.0,37.0,15.0
2011-01-01,Kegalle,15.0,1,0.49999999999999994,0.8660254037844387,21.0,22.0,25.0,22.666666666666668,24.0
2011-02-01,Kegalle,24.0,2,0.8660254037844386,0.5000000000000001,15.0,21.0,22.0,19.333333333333332,28.0
2011-03-01,Kegalle,28.0,3,1.0,6.123233995736766e-17,24.0,15.0,21.0,20.0,51.0
2011-04-01,Kegalle,51.0,4,0.8660254037844387,-0.4999999999999998,28.0,24.0,15.0,22.333333333333332,48.0
2011-05-01,Kegalle,48.0,5,0.49999999999999994,-0.8660254037844387,51.0,28.0,24.0,34.333333333333336,120.0
2011-06-01,Kegalle,120.0,6,1.2246467991473532e-16,-1.0,48.0,51.0,28.0,42.333333333333336,141.0
2011-07-01,Kegalle,141.0,7,-0.4999999999999997,-0.8660254037844388,120.0,48.0,51.0,73.0,81.0
2011-08-01,Kegalle,81.0,8,-0.8660254037844385,-0.5000000000000004,141.0,120.0,48.0,103.0,156.0
2011-09-01,Kegalle,156.0,9,-1.0,-1.8369701987210297e-16,81.0,141.0,120.0,114.0,176.0
2011-10-01,Kegalle,176.0,10,-0.8660254037844386,0.5000000000000001,156.0,81.0,141.0,126.0,88.0
2011-11-01,Kegalle,88.0,11,-0.5000000000000004,0.8660254037844384,176.0,156.0,81.0,137.66666666666666,152.0
2011-12-01,Kegalle,152.0,12,-2.4492935982947064e-16,1.0,88.0,176.0,156.0,140.0,173.0
2012-01-01,Kegalle,173.0,1,0.49999999999999994,0.8660254037844387,152.0,88.0,176.0,138.66666666666666,144.0
2012-02-01,Kegalle,144.0,2,0.8660254037844386,0.5000000000000001,173.0,152.0,88.0,137.66666666666666,121.0
2012-03-01,Kegalle,121.0,3,1.0,6.123233995736766e-17,144.0,173.0,152.0,156.33333333333334,146.0
2012-04-01,Kegalle,146.0,4,0.8660254037844387,-0.4999999999999998,121.0,144.0,173.0,146.0,213.0
2012-05-01,Kegalle,213.0,5,0.49999999999999994,-0.8660254037844387,146.0,121.0,144.0,137.0,557.0
2012-06-01,Kegalle,557.0,6,1.2246467991473532e-16,-1.0,213.0,146.0,121.0,160.0,385.0
2012-07-01,Kegalle,385.0,7,-0.4999999999999997,-0.8660254037844388,557.0,213.0,146.0,305.3333333333333,331.0
2012-08-01,Kegalle,331.0,8,-0.8660254037844385,-0.5000000000000004,385.0,557.0,213.0,385.0,174.0
2012-09-01,Kegalle,174.0,9,-1.0,-1.8369701987210297e-16,331.0,385.0,557.0,424.3333333333333,148.0
2012-10-01,Kegalle,148.0,10,-0.8660254037844386,0.5000000000000001,174.0,331.0,385.0,296.6666666666667,156.0
2012-11-01,Kegalle,156.0,11,-0.5000000000000004,0.8660254037844384,148.0,174.0,331.0,217.66666666666666,157.0
2012-12-01,Kegalle,157.0,12,-2.4492935982947064e-16,1.0,156.0,148.0,174.0,159.33333333333334,134.0
2013-01-01,Kegalle,134.0,1,0.49999999999999994,0.8660254037844387,157.0,156.0,148.0,153.66666666666666,106.0
2013-02-01,Kegalle,106.0,2,0.8660254037844386,0.5000000000000001,134.0,157.0,156.0,149.0,99.0
2013-03-01,Kegalle,99.0,3,1.0,6.123233995736766e-17,106.0,134.0,157.0,132.33333333333334,91.0
2013-04-01,Kegalle,91.0,4,0.8660254037844387,-0.4999999999999998,99.0,106.0,134.0,113.0,113.0
2013-05-01,Kegalle,113.0,5,0.49999999999999994,-0.8660254037844387,91.0,99.0,106.0,98.66666666666667,104.0
2013-06-01,Kegalle,104.0,6,1.2246467991473532e-16,-1.0,113.0,91.0,99.0,101.0,98.0
2013-07-01,Kegalle,98.0,7,-0.4999999999999997,-0.8660254037844388,104.0,113.0,91.0,102.66666666666667,137.0
2013-08-01,Kegalle,137.0,8,-0.8660254037844385,-0.5000000000000004,98.0,104.0,113.0,105.0,62.0
2013-09-01,Kegalle,62.0,9,-1.0,-1.8369701987210297e-16,137.0,98.0,104.0,113.0,83.0
2013-10-01,Kegalle,83.0,10,-0.8660254037844386,0.5000000000000001,62.0,137.0,98.0,99.0,117.0
2013-11-01,Kegalle,117.0,11,-0.5000000000000004,0.8660254037844384,83.0,62.0,137.0,94.0,93.0
2013-12-01,Kegalle,93.0,12,-2.4492935982947064e-16,1.0,117.0,83.0,62.0,87.33333333333333,84.0
2014-01-01,Kegalle,84.0,1,0.49999999999999994,0.8660254037844387,93.0,117.0,83.0,97.66666666666667,58.0
2014-02-01,Kegalle,58.0,2,0.8660254037844386,0.5000000000000001,84.0,93.0,117.0,98.0,54.0
2014-03-01,Kegalle,54.0,3,1.0,6.123233995736766e-17,58.0,84.0,93.0,78.33333333333333,60.0
2014-04-01,Kegalle,60.0,4,0.8660254037844387,-0.4999999999999998,54.0,58.0,84.0,65.33333333333333,179.0
2014-05-01,Kegalle,179.0,5,0.49999999999999994,-0.8660254037844387,60.0,54.0,58.0,57.333333333333336,320.0
2014-06-01,Kegalle,320.0,6,1.2246467991473532e-16,-1.0,179.0,60.0,54.0,97.66666666666667,242.0
2014-07-01,Kegalle,242.0,7,-0.4999999999999997,-0.8660254037844388,320.0,179.0,60.0,186.33333333333334,231.0
2014-08-01,Kegalle,231.0,8,-0.8660254037844385,-0.5000000000000004,242.0,320.0,179.0,247.0,89.0
2014-09-01,Kegalle,89.0,9,-1.0,-1.8369701987210297e-16,231.0,242.0,320.0,264.3333333333333,132.0
2014-10-01,Kegalle,132.0,10,-0.8660254037844386,0.5000000000000001,89.0,231.0,242.0,187.33333333333334,151.0
2014-11-01,Kegalle,151.0,11,-0.5000000000000004,0.8660254037844384,132.0,89.0,231.0,150.66666666666666,124.0
2014-12-01,Kegalle,124.0,12,-2.4492935982947064e-16,1.0,151.0,132.0,89.0,124.0,104.0
2015-01-01,Kegalle,104.0,1,0.49999999999999994,0.8660254037844387,124.0,151.0,132.0,135.66666666666666,57.0
2015-02-01,Kegalle,57.0,2,0.8660254037844386,0.5000000000000001,104.0,124.0,151.0,126.33333333333333,36.0
2015-03-01,Kegalle,36.0,3,1.0,6.123233995736766e-17,57.0,104.0,124.0,95.0,40.0
2015-04-01,Kegalle,40.0,4,0.8660254037844387,-0.4999999999999998,36.0,57.0,104.0,65.66666666666667,54.0
2015-05-01,Kegalle,54.0,5,0.49999999999999994,-0.8660254037844387,40.0,36.0,57.0,44.333333333333336,38.0
2015-06-01,Kegalle,38.0,6,1.2246467991473532e-16,-1.0,54.0,40.0,36.0,43.333333333333336,50.0
2015-07-01,Kegalle,50.0,7,-0.4999999999999997,-0.8660254037844388,38.0,54.0,40.0,44.0,49.0
2015-08-01,Kegalle,49.0,8,-0.8660254037844385,-0.5000000000000004,50.0,38.0,54.0,47.333333333333336,36.0
2015-09-01,Kegalle,36.0,9,-1.0,-1.8369701987210297e-16,49.0,50.0,38.0,45.666666666666664,70.0
2015-10-01,Kegalle,70.0,10,-0.8660254037844386,0.5000000000000001,36.0,49.0,50.0,45.0,80.0
2015-11-01,Kegalle,80.0,11,-0.5000000000000004,0.8660254037844384,70.0,36.0,49.0,51.666666666666664,97.0
2015-12-01,Kegalle,97.0,12,-2.4492935982947064e-16,1.0,80.0,70.0,36.0,62.0,198.0
2016-01-01,Kegalle,198.0,1,0.49999999999999994,0.8660254037844387,97.0,80.0,70.0,82.33333333333333,153.0
2016-02-01,Kegalle,153.0,2,0.8660254037844386,0.5000000000000001,198.0,97.0,80.0,125.0,66.0
2016-03-01,Kegalle,66.0,3,1.0,6.123233995736766e-17,153.0,198.0,97.0,149.33333333333334,90.0
2016-04-01,Kegalle,90.0,4,0.8660254037844387,-0.4999999999999998,66.0,153.0,198.0,139.0,100.0
2016-05-01,Kegalle,100.0,5,0.49999999999999994,-0.8660254037844387,90.0,66.0,153.0,103.0,149.0
2016-06-01,Kegalle,149.0,6,1.2246467991473532e-16,-1.0,100.0,90.0,66.0,85.33333333333333,210.0
2016-07-01,Kegalle,210.0,7,-0.4999999999999997,-0.8660254037844388,149.0,100.0,90.0,113.0,153.0
2016-08-01,Kegalle,153.0,8,-0.8660254037844385,-0.5000000000000004,210.0,149.0,100.0,153.0,104.0
2016-09-01,Kegalle,104.0,9,-1.0,-1.8369701987210297e-16,153.0,210.0,149.0,170.66666666666666,82.0
2016-10-01,Kegalle,82.0,10,-0.8660254037844386,0.5000000000000001,104.0,153.0,210.0,155.66666666666666,60.0
2016-11-01,Kegalle,60.0,11,-0.5000000000000004,0.8660254037844384,82.0,104.0,153.0,113.0,148.0
2016-12-01,Kegalle,148.0,12,-2.4492935982947064e-16,1.0,60.0,82.0,104.0,82.0,210.0
2017-01-01,Kegalle,210.0,1,0.49999999999999994,0.8660254037844387,148.0,60.0,82.0,96.66666666666667,230.0
2017-02-01,Kegalle,230.0,2,0.8660254037844386,0.5000000000000001,210.0,148.0,60.0,139.33333333333334,377.0
2017-03-01,Kegalle,377.0,3,1.0,6.123233995736766e-17,230.0,210.0,148.0,196.0,332.0
2017-04-01,Kegalle,332.0,4,0.8660254037844387,-0.4999999999999998,377.0,230.0,210.0,272.3333333333333,700.0
2017-05-01,Kegalle,700.0,5,0.49999999999999994,-0.8660254037844387,332.0,377.0,230.0,313.0,1945.0
2017-06-01,Kegalle,1945.0,6,1.2246467991473532e-16,-1.0,700.0,332.0,377.0,469.6666666666667,2551.0
2017-07-01,Kegalle,2551.0,7,-0.4999999999999997,-0.8660254037844388,1945.0,700.0,332.0,992.3333333333334,1684.0
2017-08-01,Kegalle,1684.0,8,-0.8660254037844385,-0.5000000000000004,2551.0,1945.0,700.0,1732.0,746.0
2017-09-01,Kegalle,746.0,9,-1.0,-1.8369701987210297e-16,1684.0,2551.0,1945.0,2060.0,264.0
2017-10-01,Kegalle,264.0,10,-0.8660254037844386,0.5000000000000001,746.0,1684.0,2551.0,1660.3333333333333,250.0
2017-11-01,Kegalle,250.0,11,-0.5000000000000004,0.8660254037844384,264.0,746.0,1684.0,898.0,269.0
2017-12-01,Kegalle,269.0,12,-2.4492935982947064e-16,1.0,250.0,264.0,746.0,420.0,188.0
2018-01-01,Kegalle,188.0,1,0.49999999999999994,0.8660254037844387,269.0,250.0,264.0,261.0,114.0
2018-02-01,Kegalle,114.0,2,0.8660254037844386,0.5000000000000001,188.0,269.0,250.0,235.66666666666666,104.0
2018-03-01,Kegalle,104.0,3,1.0,6.123233995736766e-17,114.0,188.0,269.0,190.33333333333334,96.0
2018-04-01,Kegalle,96.0,4,0.8660254037844387,-0.4999999999999998,104.0,114.0,188.0,135.33333333333334,107.0
2018-05-01,Kegalle,107.0,5,0.49999999999999994,-0.8660254037844387,96.0,104.0,114.0,104.66666666666667,132.0
2018-06-01,Kegalle,132.0,6,1.2246467991473532e-16,-1.0,107.0,96.0,104.0,102.33333333333333,200.0
2018-07-01,Kegalle,200.0,7,-0.4999999999999997,-0.8660254037844388,132.0,107.0,96.0,111.66666666666667,165.0
2018-08-01,Kegalle,165.0,8,-0.8660254037844385,-0.5000000000000004,200.0,132.0,107.0,146.33333333333334,57.0
2018-09-01,Kegalle,57.0,9,-1.0,-1.8369701987210297e-16,165.0,200.0,132.0,165.66666666666666,77.0
2018-10-01,Kegalle,77.0,10,-0.8660254037844386,0.5000000000000001,57.0,165.0,200.0,140.66666666666666,157.0
2018-11-01,Kegalle,157.0,11,-0.5000000000000004,0.8660254037844384,77.0,57.0,165.0,99.66666666666667,137.0
2018-12-01,Kegalle,137.0,12,-2.4492935982947064e-16,1.0,157.0,77.0,57.0,97.0,150.0
2019-01-01,Kegalle,150.0,1,0.49999999999999994,0.8660254037844387,137.0,157.0,77.0,123.66666666666667,98.0
2019-02-01,Kegalle,98.0,2,0.8660254037844386,0.5000000000000001,150.0,137.0,157.0,148.0,109.0
2019-03-01,Kegalle,109.0,3,1.0,6.123233995736766e-17,98.0,150.0,137.0,128.33333333333334,90.0
2019-04-01,Kegalle,90.0,4,0.8660254037844387,-0.4999999999999998,109.0,98.0,150.0,119.0,114.0
2019-05-01,Kegalle,114.0,5,0.49999999999999994,-0.8660254037844387,90.0,109.0,98.0,99.0,171.0
2019-06-01,Kegalle,171.0,6,1.2246467991473532e-16,-1.0,114.0,90.0,109.0,104.33333333333333,215.0
2019-07-01,Kegalle,215.0,7,-0.4999999999999997,-0.8660254037844388,171.0,114.0,90.0,125.0,258.0
2019-08-01,Kegalle,258.0,8,-0.8660254037844385,-0.5000000000000004,215.0,171.0,114.0,166.66666666666666,317.0
2019-09-01,Kegalle,317.0,9,-1.0,-1.8369701987210297e-16,258.0,215.0,171.0,214.66666666666666,332.0
2019-10-01,Kegalle,332.0,10,-0.8660254037844386,0.5000000000000001,317.0,258.0,215.0,263.3333333333333,494.0
2019-11-01,Kegalle,494.0,11,-0.5000000000000004,0.8660254037844384,332.0,317.0,258.0,302.3333333333333,368.0
2019-12-01,Kegalle,368.0,12,-2.4492935982947064e-16,1.0,494.0,332.0,317.0,381.0,196.0
2020-01-01,Kegalle,196.0,1,0.49999999999999994,0.8660254037844387,368.0,494.0,332.0,398.0,107.0
2020-02-01,Kegalle,107.0,2,0.8660254037844386,0.5000000000000001,196.0,368.0,494.0,352.6666666666667,42.0
2020-03-01,Kegalle,42.0,3,1.0,6.123233995736766e-17,107.0,196.0,368.0,223.66666666666666,17.0
2020-04-01,Kegalle,17.0,4,0.8660254037844387,-0.4999999999999998,42.0,107.0,196.0,115.0,84.0
2020-05-01,Kegalle,84.0,5,0.49999999999999994,-0.8660254037844387,17.0,42.0,107.0,55.333333333333336,100.0
2020-06-01,Kegalle,100.0,6,1.2246467991473532e-16,-1.0,84.0,17.0,42.0,47.666666666666664,102.0
2020-07-01,Kegalle,102.0,7,-0.4999999999999997,-0.8660254037844388,100.0,84.0,17.0,67.0,64.0
2020-08-01,Kegalle,64.0,8,-0.8660254037844385,-0.5000000000000004,102.0,100.0,84.0,95.33333333333333,55.0
2020-09-01,Kegalle,55.0,9,-1.0,-1.8369701987210297e-16,64.0,102.0,100.0,88.66666666666667,37.0
2020-10-01,Kegalle,37.0,10,-0.8660254037844386,0.5000000000000001,55.0,64.0,102.0,73.66666666666667,39.0
2020-11-01,Kegalle,39.0,11,-0.5000000000000004,0.8660254037844384,37.0,55.0,64.0,52.0,22.0
2020-12-01,Kegalle,22.0,12,-2.4492935982947064e-16,1.0,39.0,37.0,55.0,43.666666666666664,23.0
2021-01-01,Kegalle,23.0,1,0.49999999999999994,0.8660254037844387,22.0,39.0,37.0,32.666666666666664,31.0
2021-02-01,Kegalle,31.0,2,0.8660254037844386,0.5000000000000001,23.0,22.0,39.0,28.0,55.0
2021-03-01,Kegalle,55.0,3,1.0,6.123233995736766e-17,31.0,23.0,22.0,25.333333333333332,92.0
2021-04-01,Kegalle,92.0,4,0.8660254037844387,-0.4999999999999998,55.0,31.0,23.0,36.333333333333336,38.0
2021-05-01,Kegalle,38.0,5,0.49999999999999994,-0.8660254037844387,92.0,55.0,31.0,59.333333333333336,25.0
2021-06-01,Kegalle,25.0,6,1.2246467991473532e-16,-1.0,38.0,92.0,55.0,61.666666666666664,44.0
2021-07-01,Kegalle,44.0,7,-0.4999999999999997,-0.8660254037844388,25.0,38.0,92.0,51.666666666666664,0.0
2021-08-01,Kegalle,0.0,8,-0.8660254037844385,-0.5000000000000004,44.0,25.0,38.0,35.666666666666664,0.0
2021-09-01,Kegalle,0.0,9,-1.0,-1.8369701987210297e-16,0.0,44.0,25.0,23.0,0.0
2021-10-01,Kegalle,0.0,10,-0.8660254037844386,0.5000000000000001,0.0,0.0,44.0,14.666666666666666,0.0
2021-11-01,Kegalle,0.0,11,-0.5000000000000004,0.8660254037844384,0.0,0.0,0.0,0.0,0.0
2010-04-01,Kilinochchi,1.0,4,0.8660254037844387,-0.4999999999999998,0.0,0.0,0.0,0.0,0.0
2010-05-01,Kilinochchi,0.0,5,0.49999999999999994,-0.8660254037844387,1.0,0.0,0.0,0.3333333333333333,4.0
2010-06-01,Kilinochchi,4.0,6,1.2246467991473532e-16,-1.0,0.0,1.0,0.0,0.3333333333333333,5.0
2010-07-01,Kilinochchi,5.0,7,-0.4999999999999997,-0.8660254037844388,4.0,0.0,1.0,1.6666666666666667,18.0
2010-08-01,Kilinochchi,18.0,8,-0.8660254037844385,-0.5000000000000004,5.0,4.0,0.0,3.0,12.0
2010-09-01,Kilinochchi,12.0,9,-1.0,-1.8369701987210297e-16,18.0,5.0,4.0,9.0,2.0
2010-10-01,Kilinochchi,2.0,10,-0.8660254037844386,0.5000000000000001,12.0,18.0,5.0,11.666666666666666,5.0
2010-11-01,Kilinochchi,5.0,11,-0.5000000000000004,0.8660254037844384,2.0,12.0,18.0,10.666666666666666,6.0
2010-12-01,Kilinochchi,6.0,12,-2.4492935982947064e-16,1.0,5.0,2.0,12.0,6.333333333333333,2.0
2011-01-01,Kilinochchi,2.0,1,0.49999999999999994,0.8660254037844387,6.0,5.0,2.0,4.333333333333333,4.0
2011-02-01,Kilinochchi,4.0,2,0.8660254037844386,0.5000000000000001,2.0,6.0,5.0,4.333333333333333,10.0
2011-03-01,Kilinochchi,10.0,3,1.0,6.123233995736766e-17,4.0,2.0,6.0,4.0,13.0
2011-04-01,Kilinochchi,13.0,4,0.8660254037844387,-0.4999999999999998,10.0,4.0,2.0,5.333333333333333,4.0
2011-05-01,Kilinochchi,4.0,5,0.49999999999999994,-0.8660254037844387,13.0,10.0,4.0,9.0,3.0
2011-06-01,Kilinochchi,3.0,6,1.2246467991473532e-16,-1.0,4.0,13.0,10.0,9.0,3.0
2011-07-01,Kilinochchi,3.0,7,-0.4999999999999997,-0.8660254037844388,3.0,4.0,13.0,6.666666666666667,5.0
2011-08-01,Kilinochchi,5.0,8,-0.8660254037844385,-0.5000000000000004,3.0,3.0,4.0,3.3333333333333335,8.0
2011-09-01,Kilinochchi,8.0,9,-1.0,-1.8369701987210297e-16,5.0,3.0,3.0,3.6666666666666665,3.0
2011-10-01,Kilinochchi,3.0,10,-0.8660254037844386,0.5000000000000001,8.0,5.0,3.0,5.333333333333333,4.0
2011-11-01,Kilinochchi,4.0,11,-0.5000000000000004,0.8660254037844384,3.0,8.0,5.0,5.333333333333333,7.0
2011-12-01,Kilinochchi,7.0,12,-2.4492935982947064e-16,1.0,4.0,3.0,8.0,5.0,8.0
2012-01-01,Kilinochchi,8.0,1,0.49999999999999994,0.8660254037844387,7.0,4.0,3.0,4.666666666666667,2.0
2012-02-01,Kilinochchi,2.0,2,0.8660254037844386,0.5000000000000001,8.0,7.0,4.0,6.333333333333333,5.0
2012-03-01,Kilinochchi,5.0,3,1.0,6.123233995736766e-17,2.0,8.0,7.0,5.666666666666667,3.0
2012-04-01,Kilinochchi,3.0,4,0.8660254037844387,-0.4999999999999998,5.0,2.0,8.0,5.0,19.0
2012-05-01,Kilinochchi,19.0,5,0.49999999999999994,-0.8660254037844387,3.0,5.0,2.0,3.3333333333333335,16.0
2012-06-01,Kilinochchi,16.0,6,1.2246467991473532e-16,-1.0,19.0,3.0,5.0,9.0,8.0
2012-07-01,Kilinochchi,8.0,7,-0.4999999999999997,-0.8660254037844388,16.0,19.0,3.0,12.666666666666666,11.0
2012-08-01,Kilinochchi,11.0,8,-0.8660254037844385,-0.5000000000000004,8.0,16.0,19.0,14.333333333333334,6.0
2012-09-01,Kilinochchi,6.0,9,-1.0,-1.8369701987210297e-16,11.0,8.0,16.0,11.666666666666666,2.0
2012-10-01,Kilinochchi,2.0,10,-0.8660254037844386,0.5000000000000001,6.0,11.0,8.0,8.333333333333334,5.0
2012-11-01,Kilinochchi,5.0,11,-0.5000000000000004,0.8660254037844384,2.0,6.0,11.0,6.333333333333333,8.0
2012-12-01,Kilinochchi,8.0,12,-2.4492935982947064e-16,1.0,5.0,2.0,6.0,4.333333333333333,7.0
2013-01-01,Kilinochchi,7.0,1,0.49999999999999994,0.8660254037844387,8.0,5.0,2.0,5.0,4.0
2013-02-01,Kilinochchi,4.0,2,0.8660254037844386,0.5000000000000001,7.0,8.0,5.0,6.666666666666667,7.0
2013-03-01,Kilinochchi,7.0,3,1.0,6.123233995736766e-17,4.0,7.0,8.0,6.333333333333333,5.0
2013-04-01,Kilinochchi,5.0,4,0.8660254037844387,-0.4999999999999998,7.0,4.0,7.0,6.0,4.0
2013-05-01,Kilinochchi,4.0,5,0.49999999999999994,-0.8660254037844387,5.0,7.0,4.0,5.333333333333333,7.0
2013-06-01,Kilinochchi,7.0,6,1.2246467991473532e-16,-1.0,4.0,5.0,7.0,5.333333333333333,0.0
2013-07-01,Kilinochchi,0.0,7,-0.4999999999999997,-0.8660254037844388,7.0,4.0,5.0,5.333333333333333,16.0
2013-08-01,Kilinochchi,16.0,8,-0.8660254037844385,-0.5000000000000004,0.0,7.0,4.0,3.6666666666666665,7.0
2013-09-01,Kilinochchi,7.0,9,-1.0,-1.8369701987210297e-16,16.0,0.0,7.0,7.666666666666667,3.0
2013-10-01,Kilinochchi,3.0,10,-0.8660254037844386,0.5000000000000001,7.0,16.0,0.0,7.666666666666667,3.0
2013-11-01,Kilinochchi,3.0,11,-0.5000000000000004,0.8660254037844384,3.0,7.0,16.0,8.666666666666666,6.0
2013-12-01,Kilinochchi,6.0,12,-2.4492935982947064e-16,1.0,3.0,3.0,7.0,4.333333333333333,10.0
2014-01-01,Kilinochchi,10.0,1,0.49999999999999994,0.8660254037844387,6.0,3.0,3.0,4.0,10.0
2014-02-01,Kilinochchi,10.0,2,0.8660254037844386,0.5000000000000001,10.0,6.0,3.0,6.333333333333333,4.0
2014-03-01,Kilinochchi,4.0,3,1.0,6.123233995736766e-17,10.0,10.0,6.0,8.666666666666666,6.0
2014-04-01,Kilinochchi,6.0,4,0.8660254037844387,-0.4999999999999998,4.0,10.0,10.0,8.0,0.0
2014-05-01,Kilinochchi,0.0,5,0.49999999999999994,-0.8660254037844387,6.0,4.0,10.0,6.666666666666667,1.0
2014-06-01,Kilinochchi,1.0,6,1.2246467991473532e-16,-1.0,0.0,6.0,4.0,3.3333333333333335,8.0
2014-07-01,Kilinochchi,8.0,7,-0.4999999999999997,-0.8660254037844388,1.0,0.0,6.0,2.3333333333333335,3.0
2014-08-01,Kilinochchi,3.0,8,-0.8660254037844385,-0.5000000000000004,8.0,1.0,0.0,3.0,4.0
2014-09-01,Kilinochchi,4.0,9,-1.0,-1.8369701987210297e-16,3.0,8.0,1.0,4.0,10.0
2014-10-01,Kilinochchi,10.0,10,-0.8660254037844386,0.5000000000000001,4.0,3.0,8.0,5.0,15.0
2014-11-01,Kilinochchi,15.0,11,-0.5000000000000004,0.8660254037844384,10.0,4.0,3.0,5.666666666666667,19.0
2014-12-01,Kilinochchi,19.0,12,-2.4492935982947064e-16,1.0,15.0,10.0,4.0,9.666666666666666,18.0
2015-01-01,Kilinochchi,18.0,1,0.49999999999999994,0.8660254037844387,19.0,15.0,10.0,14.666666666666666,11.0
2015-02-01,Kilinochchi,11.0,2,0.8660254037844386,0.5000000000000001,18.0,19.0,15.0,17.333333333333332,3.0
2015-03-01,Kilinochchi,3.0,3,1.0,6.123233995736766e-17,11.0,18.0,19.0,16.0,0.0
2015-04-01,Kilinochchi,0.0,4,0.8660254037844387,-0.4999999999999998,3.0,11.0,18.0,10.666666666666666,2.0
2015-05-01,Kilinochchi,2.0,5,0.49999999999999994,-0.8660254037844387,0.0,3.0,11.0,4.666666666666667,4.0
2015-06-01,Kilinochchi,4.0,6,1.2246467991473532e-16,-1.0,2.0,0.0,3.0,1.6666666666666667,9.0
2015-07-01,Kilinochchi,9.0,7,-0.4999999999999997,-0.8660254037844388,4.0,2.0,0.0,2.0,7.0
2015-08-01,Kilinochchi,7.0,8,-0.8660254037844385,-0.5000000000000004,9.0,4.0,2.0,5.0,7.0
2015-09-01,Kilinochchi,7.0,9,-1.0,-1.8369701987210297e-16,7.0,9.0,4.0,6.666666666666667,14.0
2015-10-01,Kilinochchi,14.0,10,-0.8660254037844386,0.5000000000000001,7.0,7.0,9.0,7.666666666666667,11.0
2015-11-01,Kilinochchi,11.0,11,-0.5000000000000004,0.8660254037844384,14.0,7.0,7.0,9.333333333333334,6.0
2015-12-01,Kilinochchi,6.0,12,-2.4492935982947064e-16,1.0,11.0,14.0,7.0,10.666666666666666,15.0
2016-01-01,Kilinochchi,15.0,1,0.49999999999999994,0.8660254037844387,6.0,11.0,14.0,10.333333333333334,16.0
2016-02-01,Kilinochchi,16.0,2,0.8660254037844386,0.5000000000000001,15.0,6.0,11.0,10.666666666666666,5.0
2016-03-01,Kilinochchi,5.0,3,1.0,6.123233995736766e-17,16.0,15.0,6.0,12.333333333333334,7.0
2016-04-01,Kilinochchi,7.0,4,0.8660254037844387,-0.4999999999999998,5.0,16.0,15.0,12.0,4.0
2016-05-01,Kilinochchi,4.0,5,0.49999999999999994,-0.8660254037844387,7.0,5.0,16.0,9.333333333333334,4.0
2016-06-01,Kilinochchi,4.0,6,1.2246467991473532e-16,-1.0,4.0,7.0,5.0,5.333333333333333,8.0
2016-07-01,Kilinochchi,8.0,7,-0.4999999999999997,-0.8660254037844388,4.0,4.0,7.0,5.0,8.0
2016-08-01,Kilinochchi,8.0,8,-0.8660254037844385,-0.5000000000000004,8.0,4.0,4.0,5.333333333333333,3.0
2016-09-01,Kilinochchi,3.0,9,-1.0,-1.8369701987210297e-16,8.0,8.0,4.0,6.666666666666667,5.0
2016-10-01,Kilinochchi,5.0,10,-0.8660254037844386,0.5000000000000001,3.0,8.0,8.0,6.333333333333333,1.0
2016-11-01,Kilinochchi,1.0,11,-0.5000000000000004,0.8660254037844384,5.0,3.0,8.0,5.333333333333333,10.0
2016-12-01,Kilinochchi,10.0,12,-2.4492935982947064e-16,1.0,1.0,5.0,3.0,3.0,55.0
2017-01-01,Kilinochchi,55.0,1,0.49999999999999994,0.8660254037844387,10.0,1.0,5.0,5.333333333333333,84.0
2017-02-01,Kilinochchi,84.0,2,0.8660254037844386,0.5000000000000001,55.0,10.0,1.0,22.0,35.0
2017-03-01,Kilinochchi,35.0,3,1.0,6.123233995736766e-17,84.0,55.0,10.0,49.666666666666664,46.0
2017-04-01,Kilinochchi,46.0,4,0.8660254037844387,-0.4999999999999998,35.0,84.0,55.0,58.0,21.0
2017-05-01,Kilinochchi,21.0,5,0.49999999999999994,-0.8660254037844387,46.0,35.0,84.0,55.0,21.0
2017-06-01,Kilinochchi,21.0,6,1.2246467991473532e-16,-1.0,21.0,46.0,35.0,34.0,90.0
2017-07-01,Kilinochchi,90.0,7,-0.4999999999999997,-0.8660254037844388,21.0,21.0,46.0,29.333333333333332,59.0
2017-08-01,Kilinochchi,59.0,8,-0.8660254037844385,-0.5000000000000004,90.0,21.0,21.0,44.0,30.0
2017-09-01,Kilinochchi,30.0,9,-1.0,-1.8369701987210297e-16,59.0,90.0,21.0,56.666666666666664,17.0
2017-10-01,Kilinochchi,17.0,10,-0.8660254037844386,0.5000000000000001,30.0,59.0,90.0,59.666666666666664,28.0
2017-11-01,Kilinochchi,28.0,11,-0.5000000000000004,0.8660254037844384,17.0,30.0,59.0,35.333333333333336,32.0
2017-12-01,Kilinochchi,32.0,12,-2.4492935982947064e-16,1.0,28.0,17.0,30.0,25.0,38.0
2018-01-01,Kilinochchi,38.0,1,0.49999999999999994,0.8660254037844387,32.0,28.0,17.0,25.666666666666668,30.0
2018-02-01,Kilinochchi,30.0,2,0.8660254037844386,0.5000000000000001,38.0,32.0,28.0,32.666666666666664,29.0
2018-03-01,Kilinochchi,29.0,3,1.0,6.123233995736766e-17,30.0,38.0,32.0,33.333333333333336,18.0
2018-04-01,Kilinochchi,18.0,4,0.8660254037844387,-0.4999999999999998,29.0,30.0,38.0,32.333333333333336,20.0
2018-05-01,Kilinochchi,20.0,5,0.49999999999999994,-0.8660254037844387,18.0,29.0,30.0,25.666666666666668,45.0
2018-06-01,Kilinochchi,45.0,6,1.2246467991473532e-16,-1.0,20.0,18.0,29.0,22.333333333333332,33.0
2018-07-01,Kilinochchi,33.0,7,-0.4999999999999997,-0.8660254037844388,45.0,20.0,18.0,27.666666666666668,27.0
2018-08-01,Kilinochchi,27.0,8,-0.8660254037844385,-0.5000000000000004,33.0,45.0,20.0,32.666666666666664,34.0
2018-09-01,Kilinochchi,34.0,9,-1.0,-1.8369701987210297e-16,27.0,33.0,45.0,35.0,9.0
2018-10-01,Kilinochchi,9.0,10,-0.8660254037844386,0.5000000000000001,34.0,27.0,33.0,31.333333333333332,32.0
2018-11-01,Kilinochchi,32.0,11,-0.5000000000000004,0.8660254037844384,9.0,34.0,27.0,23.333333333333332,27.0
2018-12-01,Kilinochchi,27.0,12,-2.4492935982947064e-16,1.0,32.0,9.0,34.0,25.0,34.0
2019-01-01,Kilinochchi,34.0,1,0.49999999999999994,0.8660254037844387,27.0,32.0,9.0,22.666666666666668,23.0
2019-02-01,Kilinochchi,23.0,2,0.8660254037844386,0.5000000000000001,34.0,27.0,32.0,31.0,16.0
2019-03-01,Kilinochchi,16.0,3,1.0,6.123233995736766e-17,23.0,34.0,27.0,28.0,11.0
2019-04-01,Kilinochchi,11.0,4,0.8660254037844387,-0.4999999999999998,16.0,23.0,34.0,24.333333333333332,12.0
2019-05-01,Kilinochchi,12.0,5,0.49999999999999994,-0.8660254037844387,11.0,16.0,23.0,16.666666666666668,9.0
2019-06-01,Kilinochchi,9.0,6,1.2246467991473532e-16,-1.0,12.0,11.0,16.0,13.0,11.0
2019-07-01,Kilinochchi,11.0,7,-0.4999999999999997,-0.8660254037844388,9.0,12.0,11.0,10.666666666666666,5.0
2019-08-01,Kilinochchi,5.0,8,-0.8660254037844385,-0.5000000000000004,11.0,9.0,12.0,10.666666666666666,13.0
2019-09-01,Kilinochchi,13.0,9,-1.0,-1.8369701987210297e-16,5.0,11.0,9.0,8.333333333333334,22.0
2019-10-01,Kilinochchi,22.0,10,-0.8660254037844386,0.5000000000000001,13.0,5.0,11.0,9.666666666666666,99.0
2019-11-01,Kilinochchi,99.0,11,-0.5000000000000004,0.8660254037844384,22.0,13.0,5.0,13.333333333333334,141.0
2019-12-01,Kilinochchi,141.0,12,-2.4492935982947064e-16,1.0,99.0,22.0,13.0,44.666666666666664,64.0
2020-01-01,Kilinochchi,64.0,1,0.49999999999999994,0.8660254037844387,141.0,99.0,22.0,87.33333333333333,31.0
2020-02-01,Kilinochchi,31.0,2,0.8660254037844386,0.5000000000000001,64.0,141.0,99.0,101.33333333333333,8.0
2020-03-01,Kilinochchi,8.0,3,1.0,6.123233995736766e-17,31.0,64.0,141.0,78.66666666666667,1.0
2020-04-01,Kilinochchi,1.0,4,0.8660254037844387,-0.4999999999999998,8.0,31.0,64.0,34.333333333333336,1.0
2020-05-01,Kilinochchi,1.0,5,0.49999999999999994,-0.8660254037844387,1.0,8.0,31.0,13.333333333333334,11.0
2020-06-01,Kilinochchi,11.0,6,1.2246467991473532e-16,-1.0,1.0,1.0,8.0,3.3333333333333335,6.0
2020-07-01,Kilinochchi,6.0,7,-0.4999999999999997,-0.8660254037844388,11.0,1.0,1.0,4.333333333333333,3.0
2020-08-01,Kilinochchi,3.0,8,-0.8660254037844385,-0.5000000000000004,6.0,11.0,1.0,6.0,1.0
2020-09-01,Kilinochchi,1.0,9,-1.0,-1.8369701987210297e-16,3.0,6.0,11.0,6.666666666666667,3.0
2020-10-01,Kilinochchi,3.0,10,-0.8660254037844386,0.5000000000000001,1.0,3.0,6.0,3.3333333333333335,5.0
2020-11-01,Kilinochchi,5.0,11,-0.5000000000000004,0.8660254037844384,3.0,1.0,3.0,2.3333333333333335,1.0
2020-12-01,Kilinochchi,1.0,12,-2.4492935982947064e-16,1.0,5.0,3.0,1.0,3.0,10.0
2021-01-01,Kilinochchi,10.0,1,0.49999999999999994,0.8660254037844387,1.0,5.0,3.0,3.0,6.0
2021-02-01,Kilinochchi,6.0,2,0.8660254037844386,0.5000000000000001,10.0,1.0,5.0,5.333333333333333,1.0
2021-03-01,Kilinochchi,1.0,3,1.0,6.123233995736766e-17,6.0,10.0,1.0,5.666666666666667,3.0
2021-04-01,Kilinochchi,3.0,4,0.8660254037844387,-0.4999999999999998,1.0,6.0,10.0,5.666666666666667,1.0
2021-05-01,Kilinochchi,1.0,5,0.49999999999999994,-0.8660254037844387,3.0,1.0,6.0,3.3333333333333335,1.0
2021-06-01,Kilinochchi,1.0,6,1.2246467991473532e-16,-1.0,1.0,3.0,1.0,1.6666666666666667,0.0
2021-07-01,Kilinochchi,0.0,7,-0.4999999999999997,-0.8660254037844388,1.0,1.0,3.0,1.6666666666666667,0.0
2021-08-01,Kilinochchi,0.0,8,-0.8660254037844385,-0.5000000000000004,0.0,1.0,1.0,0.6666666666666666,0.0
2021-09-01,Kilinochchi,0.0,9,-1.0,-1.8369701987210297e-16,0.0,0.0,1.0,0.3333333333333333,0.0
2021-10-01,Kilinochchi,0.0,10,-0.8660254037844386,0.5000000000000001,0.0,0.0,0.0,0.0,0.0
2021-11-01,Kilinochchi,0.0,11,-0.5000000000000004,0.8660254037844384,0.0,0.0,0.0,0.0,0.0
2010-04-01,Kurunegala,54.0,4,0.8660254037844387,-0.4999999999999998,99.0,142.0,197.0,146.0,100.0
2010-05-01,Kurunegala,100.0,5,0.49999999999999994,-0.8660254037844387,54.0,99.0,142.0,98.33333333333333,151.0
2010-06-01,Kurunegala,151.0,6,1.2246467991473532e-16,-1.0,100.0,54.0,99.0,84.33333333333333,300.0
2010-07-01,Kurunegala,300.0,7,-0.4999999999999997,-0.8660254037844388,151.0,100.0,54.0,101.66666666666667,214.0
2010-08-01,Kurunegala,214.0,8,-0.8660254037844385,-0.5000000000000004,300.0,151.0,100.0,183.66666666666666,78.0
2010-09-01,Kurunegala,78.0,9,-1.0,-1.8369701987210297e-16,214.0,300.0,151.0,221.66666666666666,47.0
2010-10-01,Kurunegala,47.0,10,-0.8660254037844386,0.5000000000000001,78.0,214.0,300.0,197.33333333333334,21.0
2010-11-01,Kurunegala,21.0,11,-0.5000000000000004,0.8660254037844384,47.0,78.0,214.0,113.0,26.0
2010-12-01,Kurunegala,26.0,12,-2.4492935982947064e-16,1.0,21.0,47.0,78.0,48.666666666666664,31.0
2011-01-01,Kurunegala,31.0,1,0.49999999999999994,0.8660254037844387,26.0,21.0,47.0,31.333333333333332,49.0
2011-02-01,Kurunegala,49.0,2,0.8660254037844386,0.5000000000000001,31.0,26.0,21.0,26.0,60.0
2011-03-01,Kurunegala,60.0,3,1.0,6.123233995736766e-17,49.0,31.0,26.0,35.333333333333336,59.0
2011-04-01,Kurunegala,59.0,4,0.8660254037844387,-0.4999999999999998,60.0,49.0,31.0,46.666666666666664,91.0
2011-05-01,Kurunegala,91.0,5,0.49999999999999994,-0.8660254037844387,59.0,60.0,49.0,56.0,116.0
2011-06-01,Kurunegala,116.0,6,1.2246467991473532e-16,-1.0,91.0,59.0,60.0,70.0,178.0
2011-07-01,Kurunegala,178.0,7,-0.4999999999999997,-0.8660254037844388,116.0,91.0,59.0,88.66666666666667,84.0
2011-08-01,Kurunegala,84.0,8,-0.8660254037844385,-0.5000000000000004,178.0,116.0,91.0,128.33333333333334,84.0
2011-09-01,Kurunegala,84.0,9,-1.0,-1.8369701987210297e-16,84.0,178.0,116.0,126.0,71.0
2011-10-01,Kurunegala,71.0,10,-0.8660254037844386,0.5000000000000001,84.0,84.0,178.0,115.33333333333333,82.0
2011-11-01,Kurunegala,82.0,11,-0.5000000000000004,0.8660254037844384,71.0,84.0,84.0,79.66666666666667,135.0
2011-12-01,Kurunegala,135.0,12,-2.4492935982947064e-16,1.0,82.0,71.0,84.0,79.0,159.0
2012-01-01,Kurunegala,159.0,1,0.49999999999999994,0.8660254037844387,135.0,82.0,71.0,96.0,148.0
2012-02-01,Kurunegala,148.0,2,0.8660254037844386,0.5000000000000001,159.0,135.0,82.0,125.33333333333333,114.0
2012-03-01,Kurunegala,114.0,3,1.0,6.123233995736766e-17,148.0,159.0,135.0,147.33333333333334,100.0
2012-04-01,Kurunegala,100.0,4,0.8660254037844387,-0.4999999999999998,114.0,148.0,159.0,140.33333333333334,140.0
2012-05-01,Kurunegala,140.0,5,0.49999999999999994,-0.8660254037844387,100.0,114.0,148.0,120.66666666666667,342.0
2012-06-01,Kurunegala,342.0,6,1.2246467991473532e-16,-1.0,140.0,100.0,114.0,118.0,406.0
2012-07-01,Kurunegala,406.0,7,-0.4999999999999997,-0.8660254037844388,342.0,140.0,100.0,194.0,401.0
2012-08-01,Kurunegala,401.0,8,-0.8660254037844385,-0.5000000000000004,406.0,342.0,140.0,296.0,320.0
2012-09-01,Kurunegala,320.0,9,-1.0,-1.8369701987210297e-16,401.0,406.0,342.0,383.0,311.0
2012-10-01,Kurunegala,311.0,10,-0.8660254037844386,0.5000000000000001,320.0,401.0,406.0,375.6666666666667,497.0
2012-11-01,Kurunegala,497.0,11,-0.5000000000000004,0.8660254037844384,311.0,320.0,401.0,344.0,599.0
2012-12-01,Kurunegala,599.0,12,-2.4492935982947064e-16,1.0,497.0,311.0,320.0,376.0,720.0
2013-01-01,Kurunegala,720.0,1,0.49999999999999994,0.8660254037844387,599.0,497.0,311.0,469.0,485.0
2013-02-01,Kurunegala,485.0,2,0.8660254037844386,0.5000000000000001,720.0,599.0,497.0,605.3333333333334,303.0
2013-03-01,Kurunegala,303.0,3,1.0,6.123233995736766e-17,485.0,720.0,599.0,601.3333333333334,134.0
2013-04-01,Kurunegala,134.0,4,0.8660254037844387,-0.4999999999999998,303.0,485.0,720.0,502.6666666666667,194.0
2013-05-01,Kurunegala,194.0,5,0.49999999999999994,-0.8660254037844387,134.0,303.0,485.0,307.3333333333333,195.0
2013-06-01,Kurunegala,195.0,6,1.2246467991473532e-16,-1.0,194.0,134.0,303.0,210.33333333333334,154.0
2013-07-01,Kurunegala,154.0,7,-0.4999999999999997,-0.8660254037844388,195.0,194.0,134.0,174.33333333333334,163.0
2013-08-01,Kurunegala,163.0,8,-0.8660254037844385,-0.5000000000000004,154.0,195.0,194.0,181.0,105.0
2013-09-01,Kurunegala,105.0,9,-1.0,-1.8369701987210297e-16,163.0,154.0,195.0,170.66666666666666,104.0
2013-10-01,Kurunegala,104.0,10,-0.8660254037844386,0.5000000000000001,105.0,163.0,154.0,140.66666666666666,98.0
2013-11-01,Kurunegala,98.0,11,-0.5000000000000004,0.8660254037844384,104.0,105.0,163.0,124.0,117.0
2013-12-01,Kurunegala,117.0,12,-2.4492935982947064e-16,1.0,98.0,104.0,105.0,102.33333333333333,163.0
2014-01-01,Kurunegala,163.0,1,0.49999999999999994,0.8660254037844387,117.0,98.0,104.0,106.33333333333333,106.0
2014-02-01,Kurunegala,106.0,2,0.8660254037844386,0.5000000000000001,163.0,117.0,98.0,126.0,94.0
2014-03-01,Kurunegala,94.0,3,1.0,6.123233995736766e-17,106.0,163.0,117.0,128.66666666666666,61.0
2014-04-01,Kurunegala,61.0,4,0.8660254037844387,-0.4999999999999998,94.0,106.0,163.0,121.0,61.0
2014-05-01,Kurunegala,61.0,5,0.49999999999999994,-0.8660254037844387,61.0,94.0,106.0,87.0,303.0
2014-06-01,Kurunegala,303.0,6,1.2246467991473532e-16,-1.0,61.0,61.0,94.0,72.0,318.0
2014-07-01,Kurunegala,318.0,7,-0.4999999999999997,-0.8660254037844388,303.0,61.0,61.0,141.66666666666666,296.0
2014-08-01,Kurunegala,296.0,8,-0.8660254037844385,-0.5000000000000004,318.0,303.0,61.0,227.33333333333334,195.0
2014-09-01,Kurunegala,195.0,9,-1.0,-1.8369701987210297e-16,296.0,318.0,303.0,305.6666666666667,287.0
2014-10-01,Kurunegala,287.0,10,-0.8660254037844386,0.5000000000000001,195.0,296.0,318.0,269.6666666666667,316.0
2014-11-01,Kurunegala,316.0,11,-0.5000000000000004,0.8660254037844384,287.0,195.0,296.0,259.3333333333333,264.0
2014-12-01,Kurunegala,264.0,12,-2.4492935982947064e-16,1.0,316.0,287.0,195.0,266.0,329.0
2015-01-01,Kurunegala,329.0,1,0.49999999999999994,0.8660254037844387,264.0,316.0,287.0,289.0,178.0
2015-02-01,Kurunegala,178.0,2,0.8660254037844386,0.5000000000000001,329.0,264.0,316.0,303.0,108.0
2015-03-01,Kurunegala,108.0,3,1.0,6.123233995736766e-17,178.0,329.0,264.0,257.0,73.0
2015-04-01,Kurunegala,73.0,4,0.8660254037844387,-0.4999999999999998,108.0,178.0,329.0,205.0,62.0
2015-05-01,Kurunegala,62.0,5,0.49999999999999994,-0.8660254037844387,73.0,108.0,178.0,119.66666666666667,61.0
2015-06-01,Kurunegala,61.0,6,1.2246467991473532e-16,-1.0,62.0,73.0,108.0,81.0,82.0
2015-07-01,Kurunegala,82.0,7,-0.4999999999999997,-0.8660254037844388,61.0,62.0,73.0,65.33333333333333,70.0
2015-08-01,Kurunegala,70.0,8,-0.8660254037844385,-0.5000000000000004,82.0,61.0,62.0,68.33333333333333,27.0
2015-09-01,Kurunegala,27.0,9,-1.0,-1.8369701987210297e-16,70.0,82.0,61.0,71.0,56.0
2015-10-01,Kurunegala,56.0,10,-0.8660254037844386,0.5000000000000001,27.0,70.0,82.0,59.666666666666664,107.0
2015-11-01,Kurunegala,107.0,11,-0.5000000000000004,0.8660254037844384,56.0,27.0,70.0,51.0,100.0
2015-12-01,Kurunegala,100.0,12,-2.4492935982947064e-16,1.0,107.0,56.0,27.0,63.333333333333336,241.0
2016-01-01,Kurunegala,241.0,1,0.49999999999999994,0.8660254037844387,100.0,107.0,56.0,87.66666666666667,170.0
2016-02-01,Kurunegala,170.0,2,0.8660254037844386,0.5000000000000001,241.0,100.0,107.0,149.33333333333334,105.0
2016-03-01,Kurunegala,105.0,3,1.0,6.123233995736766e-17,170.0,241.0,100.0,170.33333333333334,98.0
2016-04-01,Kurunegala,98.0,4,0.8660254037844387,-0.4999999999999998,105.0,170.0,241.0,172.0,194.0
2016-05-01,Kurunegala,194.0,5,0.49999999999999994,-0.8660254037844387,98.0,105.0,170.0,124.33333333333333,361.0
2016-06-01,Kurunegala,361.0,6,1.2246467991473532e-16,-1.0,194.0,98.0,105.0,132.33333333333334,598.0
2016-07-01,Kurunegala,598.0,7,-0.4999999999999997,-0.8660254037844388,361.0,194.0,98.0,217.66666666666666,227.0
2016-08-01,Kurunegala,227.0,8,-0.8660254037844385,-0.5000000000000004,598.0,361.0,194.0,384.3333333333333,125.0
2016-09-01,Kurunegala,125.0,9,-1.0,-1.8369701987210297e-16,227.0,598.0,361.0,395.3333333333333,67.0
2016-10-01,Kurunegala,67.0,10,-0.8660254037844386,0.5000000000000001,125.0,227.0,598.0,316.6666666666667,110.0
2016-11-01,Kurunegala,110.0,11,-0.5000000000000004,0.8660254037844384,67.0,125.0,227.0,139.66666666666666,260.0
2016-12-01,Kurunegala,260.0,12,-2.4492935982947064e-16,1.0,110.0,67.0,125.0,100.66666666666667,403.0
2017-01-01,Kurunegala,403.0,1,0.49999999999999994,0.8660254037844387,260.0,110.0,67.0,145.66666666666666,381.0
2017-02-01,Kurunegala,381.0,2,0.8660254037844386,0.5000000000000001,403.0,260.0,110.0,257.6666666666667,505.0
2017-03-01,Kurunegala,505.0,3,1.0,6.123233995736766e-17,381.0,403.0,260.0,348.0,629.0
2017-04-01,Kurunegala,629.0,4,0.8660254037844387,-0.4999999999999998,505.0,381.0,403.0,429.6666666666667,1281.0
2017-05-01,Kurunegala,1281.0,5,0.49999999999999994,-0.8660254037844387,629.0,505.0,381.0,505.0,2030.0
2017-06-01,Kurunegala,2030.0,6,1.2246467991473532e-16,-1.0,1281.0,629.0,505.0,805.0,2300.0
2017-07-01,Kurunegala,2300.0,7,-0.4999999999999997,-0.8660254037844388,2030.0,1281.0,629.0,1313.3333333333333,1487.0
2017-08-01,Kurunegala,1487.0,8,-0.8660254037844385,-0.5000000000000004,2300.0,2030.0,1281.0,1870.3333333333333,576.0
2017-09-01,Kurunegala,576.0,9,-1.0,-1.8369701987210297e-16,1487.0,2300.0,2030.0,1939.0,368.0
2017-10-01,Kurunegala,368.0,10,-0.8660254037844386,0.5000000000000001,576.0,1487.0,2300.0,1454.3333333333333,747.0
2017-11-01,Kurunegala,747.0,11,-0.5000000000000004,0.8660254037844384,368.0,576.0,1487.0,810.3333333333334,562.0
2017-12-01,Kurunegala,562.0,12,-2.4492935982947064e-16,1.0,747.0,368.0,576.0,563.6666666666666,505.0
2018-01-01,Kurunegala,505.0,1,0.49999999999999994,0.8660254037844387,562.0,747.0,368.0,559.0,309.0
2018-02-01,Kurunegala,309.0,2,0.8660254037844386,0.5000000000000001,505.0,562.0,747.0,604.6666666666666,176.0
2018-03-01,Kurunegala,176.0,3,1.0,6.123233995736766e-17,309.0,505.0,562.0,458.6666666666667,101.0
2018-04-01,Kurunegala,101.0,4,0.8660254037844387,-0.4999999999999998,176.0,309.0,505.0,330.0,120.0
2018-05-01,Kurunegala,120.0,5,0.49999999999999994,-0.8660254037844387,101.0,176.0,309.0,195.33333333333334,183.0
2018-06-01,Kurunegala,183.0,6,1.2246467991473532e-16,-1.0,120.0,101.0,176.0,132.33333333333334,284.0
2018-07-01,Kurunegala,284.0,7,-0.4999999999999997,-0.8660254037844388,183.0,120.0,101.0,134.66666666666666,210.0
2018-08-01,Kurunegala,210.0,8,-0.8660254037844385,-0.5000000000000004,284.0,183.0,120.0,195.66666666666666,92.0
2018-09-01,Kurunegala,92.0,9,-1.0,-1.8369701987210297e-16,210.0,284.0,183.0,225.66666666666666,68.0
2018-10-01,Kurunegala,68.0,10,-0.8660254037844386,0.5000000000000001,92.0,210.0,284.0,195.33333333333334,220.0
2018-11-01,Kurunegala,220.0,11,-0.5000000000000004,0.8660254037844384,68.0,92.0,210.0,123.33333333333333,196.0
2018-12-01,Kurunegala,196.0,12,-2.4492935982947064e-16,1.0,220.0,68.0,92.0,126.66666666666667,215.0
2019-01-01,Kurunegala,215.0,1,0.49999999999999994,0.8660254037844387,196.0,220.0,68.0,161.33333333333334,147.0
2019-02-01,Kurunegala,147.0,2,0.8660254037844386,0.5000000000000001,215.0,196.0,220.0,210.33333333333334,148.0
2019-03-01,Kurunegala,148.0,3,1.0,6.123233995736766e-17,147.0,215.0,196.0,186.0,119.0
2019-04-01,Kurunegala,119.0,4,0.8660254037844387,-0.4999999999999998,148.0,147.0,215.0,170.0,121.0
2019-05-01,Kurunegala,121.0,5,0.49999999999999994,-0.8660254037844387,119.0,148.0,147.0,138.0,134.0
2019-06-01,Kurunegala,134.0,6,1.2246467991473532e-16,-1.0,121.0,119.0,148.0,129.33333333333334,259.0
2019-07-01,Kurunegala,259.0,7,-0.4999999999999997,-0.8660254037844388,134.0,121.0,119.0,124.66666666666667,263.0
2019-08-01,Kurunegala,263.0,8,-0.8660254037844385,-0.5000000000000004,259.0,134.0,121.0,171.33333333333334,195.0
2019-09-01,Kurunegala,195.0,9,-1.0,-1.8369701987210297e-16,263.0,259.0,134.0,218.66666666666666,350.0
2019-10-01,Kurunegala,350.0,10,-0.8660254037844386,0.5000000000000001,195.0,263.0,259.0,239.0,612.0
2019-11-01,Kurunegala,612.0,11,-0.5000000000000004,0.8660254037844384,350.0,195.0,263.0,269.3333333333333,655.0
2019-12-01,Kurunegala,655.0,12,-2.4492935982947064e-16,1.0,612.0,350.0,195.0,385.6666666666667,421.0
2020-01-01,Kurunegala,421.0,1,0.49999999999999994,0.8660254037844387,655.0,612.0,350.0,539.0,174.0
2020-02-01,Kurunegala,174.0,2,0.8660254037844386,0.5000000000000001,421.0,655.0,612.0,562.6666666666666,55.0
2020-03-01,Kurunegala,55.0,3,1.0,6.123233995736766e-17,174.0,421.0,655.0,416.6666666666667,7.0
2020-04-01,Kurunegala,7.0,4,0.8660254037844387,-0.4999999999999998,55.0,174.0,421.0,216.66666666666666,18.0
2020-05-01,Kurunegala,18.0,5,0.49999999999999994,-0.8660254037844387,7.0,55.0,174.0,78.66666666666667,62.0
2020-06-01,Kurunegala,62.0,6,1.2246467991473532e-16,-1.0,18.0,7.0,55.0,26.666666666666668,57.0
2020-07-01,Kurunegala,57.0,7,-0.4999999999999997,-0.8660254037844388,62.0,18.0,7.0,29.0,69.0
2020-08-01,Kurunegala,69.0,8,-0.8660254037844385,-0.5000000000000004,57.0,62.0,18.0,45.666666666666664,30.0
2020-09-01,Kurunegala,30.0,9,-1.0,-1.8369701987210297e-16,69.0,57.0,62.0,62.666666666666664,34.0
2020-10-01,Kurunegala,34.0,10,-0.8660254037844386,0.5000000000000001,30.0,69.0,57.0,52.0,11.0
2020-11-01,Kurunegala,11.0,11,-0.5000000000000004,0.8660254037844384,34.0,30.0,69.0,44.333333333333336,31.0
2020-12-01,Kurunegala,31.0,12,-2.4492935982947064e-16,1.0,11.0,34.0,30.0,25.0,62.0
2021-01-01,Kurunegala,62.0,1,0.49999999999999994,0.8660254037844387,31.0,11.0,34.0,25.333333333333332,54.0
2021-02-01,Kurunegala,54.0,2,0.8660254037844386,0.5000000000000001,62.0,31.0,11.0,34.666666666666664,164.0
2021-03-01,Kurunegala,164.0,3,1.0,6.123233995736766e-17,54.0,62.0,31.0,49.0,151.0
2021-04-01,Kurunegala,151.0,4,0.8660254037844387,-0.4999999999999998,164.0,54.0,62.0,93.33333333333333,49.0
2021-05-01,Kurunegala,49.0,5,0.49999999999999994,-0.8660254037844387,151.0,164.0,54.0,123.0,73.0
2021-06-01,Kurunegala,73.0,6,1.2246467991473532e-16,-1.0,49.0,151.0,164.0,121.33333333333333,125.0
2021-07-01,Kurunegala,125.0,7,-0.4999999999999997,-0.8660254037844388,73.0,49.0,151.0,91.0,0.0
2021-08-01,Kurunegala,0.0,8,-0.8660254037844385,-0.5000000000000004,125.0,73.0,49.0,82.33333333333333,0.0
2021-09-01,Kurunegala,0.0,9,-1.0,-1.8369701987210297e-16,0.0,125.0,73.0,66.0,0.0
2021-10-01,Kurunegala,0.0,10,-0.8660254037844386,0.5000000000000001,0.0,0.0,125.0,41.666666666666664,0.0
2021-11-01,Kurunegala,0.0,11,-0.5000000000000004,0.8660254037844384,0.0,0.0,0.0,0.0,0.0
2010-04-01,Mannar,16.0,4,0.8660254037844387,-0.4999999999999998,14.0,23.0,26.0,21.0,9.0
2010-05-01,Mannar,9.0,5,0.49999999999999994,-0.8660254037844387,16.0,14.0,23.0,17.666666666666668,55.0
2010-06-01,Mannar,55.0,6,1.2246467991473532e-16,-1.0,9.0,16.0,14.0,13.0,94.0
2010-07-01,Mannar,94.0,7,-0.4999999999999997,-0.8660254037844388,55.0,9.0,16.0,26.666666666666668,222.0
2010-08-01,Mannar,222.0,8,-0.8660254037844385,-0.5000000000000004,94.0,55.0,9.0,52.666666666666664,62.0
2010-09-01,Mannar,62.0,9,-1.0,-1.8369701987210297e-16,222.0,94.0,55.0,123.66666666666667,28.0
2010-10-01,Mannar,28.0,10,-0.8660254037844386,0.5000000000000001,62.0,222.0,94.0,126.0,14.0
2010-11-01,Mannar,14.0,11,-0.5000000000000004,0.8660254037844384,28.0,62.0,222.0,104.0,5.0
2010-12-01,Mannar,5.0,12,-2.4492935982947064e-16,1.0,14.0,28.0,62.0,34.666666666666664,8.0
2011-01-01,Mannar,8.0,1,0.49999999999999994,0.8660254037844387,5.0,14.0,28.0,15.666666666666666,5.0
2011-02-01,Mannar,5.0,2,0.8660254037844386,0.5000000000000001,8.0,5.0,14.0,9.0,4.0
2011-03-01,Mannar,4.0,3,1.0,6.123233995736766e-17,5.0,8.0,5.0,6.0,2.0
2011-04-01,Mannar,2.0,4,0.8660254037844387,-0.4999999999999998,4.0,5.0,8.0,5.666666666666667,2.0
2011-05-01,Mannar,2.0,5,0.49999999999999994,-0.8660254037844387,2.0,4.0,5.0,3.6666666666666665,2.0
2011-06-01,Mannar,2.0,6,1.2246467991473532e-16,-1.0,2.0,2.0,4.0,2.6666666666666665,2.0
2011-07-01,Mannar,2.0,7,-0.4999999999999997,-0.8660254037844388,2.0,2.0,2.0,2.0,1.0
2011-08-01,Mannar,1.0,8,-0.8660254037844385,-0.5000000000000004,2.0,2.0,2.0,2.0,0.0
2011-09-01,Mannar,0.0,9,-1.0,-1.8369701987210297e-16,1.0,2.0,2.0,1.6666666666666667,17.0
2011-10-01,Mannar,17.0,10,-0.8660254037844386,0.5000000000000001,0.0,1.0,2.0,1.0,8.0
2011-11-01,Mannar,8.0,11,-0.5000000000000004,0.8660254037844384,17.0,0.0,1.0,6.0,49.0
2011-12-01,Mannar,49.0,12,-2.4492935982947064e-16,1.0,8.0,17.0,0.0,8.333333333333334,38.0
2012-01-01,Mannar,38.0,1,0.49999999999999994,0.8660254037844387,49.0,8.0,17.0,24.666666666666668,16.0
2012-02-01,Mannar,16.0,2,0.8660254037844386,0.5000000000000001,38.0,49.0,8.0,31.666666666666668,10.0
2012-03-01,Mannar,10.0,3,1.0,6.123233995736766e-17,16.0,38.0,49.0,34.333333333333336,9.0
2012-04-01,Mannar,9.0,4,0.8660254037844387,-0.4999999999999998,10.0,16.0,38.0,21.333333333333332,6.0
2012-05-01,Mannar,6.0,5,0.49999999999999994,-0.8660254037844387,9.0,10.0,16.0,11.666666666666666,15.0
2012-06-01,Mannar,15.0,6,1.2246467991473532e-16,-1.0,6.0,9.0,10.0,8.333333333333334,19.0
2012-07-01,Mannar,19.0,7,-0.4999999999999997,-0.8660254037844388,15.0,6.0,9.0,10.0,11.0
2012-08-01,Mannar,11.0,8,-0.8660254037844385,-0.5000000000000004,19.0,15.0,6.0,13.333333333333334,2.0
2012-09-01,Mannar,2.0,9,-1.0,-1.8369701987210297e-16,11.0,19.0,15.0,15.0,6.0
2012-10-01,Mannar,6.0,10,-0.8660254037844386,0.5000000000000001,2.0,11.0,19.0,10.666666666666666,21.0
2012-11-01,Mannar,21.0,11,-0.5000000000000004,0.8660254037844384,6.0,2.0,11.0,6.333333333333333,33.0
2012-12-01,Mannar,33.0,12,-2.4492935982947064e-16,1.0,21.0,6.0,2.0,9.666666666666666,23.0
2013-01-01,Mannar,23.0,1,0.49999999999999994,0.8660254037844387,33.0,21.0,6.0,20.0,10.0
2013-02-01,Mannar,10.0,2,0.8660254037844386,0.5000000000000001,23.0,33.0,21.0,25.666666666666668,7.0
2013-03-01,Mannar,7.0,3,1.0,6.123233995736766e-17,10.0,23.0,33.0,22.0,4.0
2013-04-01,Mannar,4.0,4,0.8660254037844387,-0.4999999999999998,7.0,10.0,23.0,13.333333333333334,10.0
2013-05-01,Mannar,10.0,5,0.49999999999999994,-0.8660254037844387,4.0,7.0,10.0,7.0,2.0
2013-06-01,Mannar,2.0,6,1.2246467991473532e-16,-1.0,10.0,4.0,7.0,7.0,1.0
2013-07-01,Mannar,1.0,7,-0.4999999999999997,-0.8660254037844388,2.0,10.0,4.0,5.333333333333333,2.0
2013-08-01,Mannar,2.0,8,-0.8660254037844385,-0.5000000000000004,1.0,2.0,10.0,4.333333333333333,4.0
2013-09-01,Mannar,4.0,9,-1.0,-1.8369701987210297e-16,2.0,1.0,2.0,1.6666666666666667,5.0
2013-10-01,Mannar,5.0,10,-0.8660254037844386,0.5000000000000001,4.0,2.0,1.0,2.3333333333333335,1.0
2013-11-01,Mannar,1.0,11,-0.5000000000000004,0.8660254037844384,5.0,4.0,2.0,3.6666666666666665,1.0
2013-12-01,Mannar,1.0,12,-2.4492935982947064e-16,1.0,1.0,5.0,4.0,3.3333333333333335,2.0
2014-01-01,Mannar,2.0,1,0.49999999999999994,0.8660254037844387,1.0,1.0,5.0,2.3333333333333335,1.0
2014-02-01,Mannar,1.0,2,0.8660254037844386,0.5000000000000001,2.0,1.0,1.0,1.3333333333333333,0.0
2014-03-01,Mannar,0.0,3,1.0,6.123233995736766e-17,1.0,2.0,1.0,1.3333333333333333,1.0
2014-04-01,Mannar,1.0,4,0.8660254037844387,-0.4999999999999998,0.0,1.0,2.0,1.0,2.0
2014-05-01,Mannar,2.0,5,0.49999999999999994,-0.8660254037844387,1.0,0.0,1.0,0.6666666666666666,20.0
2014-06-01,Mannar,20.0,6,1.2246467991473532e-16,-1.0,2.0,1.0,0.0,1.0,13.0
2014-07-01,Mannar,13.0,7,-0.4999999999999997,-0.8660254037844388,20.0,2.0,1.0,7.666666666666667,10.0
2014-08-01,Mannar,10.0,8,-0.8660254037844385,-0.5000000000000004,13.0,20.0,2.0,11.666666666666666,40.0
2014-09-01,Mannar,40.0,9,-1.0,-1.8369701987210297e-16,10.0,13.0,20.0,14.333333333333334,68.0
2014-10-01,Mannar,68.0,10,-0.8660254037844386,0.5000000000000001,40.0,10.0,13.0,21.0,119.0
2014-11-01,Mannar,119.0,11,-0.5000000000000004,0.8660254037844384,68.0,40.0,10.0,39.333333333333336,83.0
2014-12-01,Mannar,83.0,12,-2.4492935982947064e-16,1.0,119.0,68.0,40.0,75.66666666666667,50.0
2015-01-01,Mannar,50.0,1,0.49999999999999994,0.8660254037844387,83.0,119.0,68.0,90.0,16.0
2015-02-01,Mannar,16.0,2,0.8660254037844386,0.5000000000000001,50.0,83.0,119.0,84.0,2.0
2015-03-01,Mannar,2.0,3,1.0,6.123233995736766e-17,16.0,50.0,83.0,49.666666666666664,1.0
2015-04-01,Mannar,1.0,4,0.8660254037844387,-0.4999999999999998,2.0,16.0,50.0,22.666666666666668,4.0
2015-05-01,Mannar,4.0,5,0.49999999999999994,-0.8660254037844387,1.0,2.0,16.0,6.333333333333333,2.0
2015-06-01,Mannar,2.0,6,1.2246467991473532e-16,-1.0,4.0,1.0,2.0,2.3333333333333335,1.0
2015-07-01,Mannar,1.0,7,-0.4999999999999997,-0.8660254037844388,2.0,4.0,1.0,2.3333333333333335,1.0
2015-08-01,Mannar,1.0,8,-0.8660254037844385,-0.5000000000000004,1.0,2.0,4.0,2.3333333333333335,2.0
2015-09-01,Mannar,2.0,9,-1.0,-1.8369701987210297e-16,1.0,1.0,2.0,1.3333333333333333,2.0
2015-10-01,Mannar,2.0,10,-0.8660254037844386,0.5000000000000001,2.0,1.0,1.0,1.3333333333333333,4.0
2015-11-01,Mannar,4.0,11,-0.5000000000000004,0.8660254037844384,2.0,2.0,1.0,1.6666666666666667,20.0
2015-12-01,Mannar,20.0,12,-2.4492935982947064e-16,1.0,4.0,2.0,2.0,2.6666666666666665,42.0
2016-01-01,Mannar,42.0,1,0.49999999999999994,0.8660254037844387,20.0,4.0,2.0,8.666666666666666,17.0
2016-02-01,Mannar,17.0,2,0.8660254037844386,0.5000000000000001,42.0,20.0,4.0,22.0,3.0
2016-03-01,Mannar,3.0,3,1.0,6.123233995736766e-17,17.0,42.0,20.0,26.333333333333332,7.0
2016-04-01,Mannar,7.0,4,0.8660254037844387,-0.4999999999999998,3.0,17.0,42.0,20.666666666666668,16.0
2016-05-01,Mannar,16.0,5,0.49999999999999994,-0.8660254037844387,7.0,3.0,17.0,9.0,10.0
2016-06-01,Mannar,10.0,6,1.2246467991473532e-16,-1.0,16.0,7.0,3.0,8.666666666666666,10.0
2016-07-01,Mannar,10.0,7,-0.4999999999999997,-0.8660254037844388,10.0,16.0,7.0,11.0,2.0
2016-08-01,Mannar,2.0,8,-0.8660254037844385,-0.5000000000000004,10.0,10.0,16.0,12.0,12.0
2016-09-01,Mannar,12.0,9,-1.0,-1.8369701987210297e-16,2.0,10.0,10.0,7.333333333333333,18.0
2016-10-01,Mannar,18.0,10,-0.8660254037844386,0.5000000000000001,12.0,2.0,10.0,8.0,17.0
2016-11-01,Mannar,17.0,11,-0.5000000000000004,0.8660254037844384,18.0,12.0,2.0,10.666666666666666,78.0
2016-12-01,Mannar,78.0,12,-2.4492935982947064e-16,1.0,17.0,18.0,12.0,15.666666666666666,147.0
2017-01-01,Mannar,147.0,1,0.49999999999999994,0.8660254037844387,78.0,17.0,18.0,37.666666666666664,91.0
2017-02-01,Mannar,91.0,2,0.8660254037844386,0.5000000000000001,147.0,78.0,17.0,80.66666666666667,65.0
2017-03-01,Mannar,65.0,3,1.0,6.123233995736766e-17,91.0,147.0,78.0,105.33333333333333,90.0
2017-04-01,Mannar,90.0,4,0.8660254037844387,-0.4999999999999998,65.0,91.0,147.0,101.0,60.0
2017-05-01,Mannar,60.0,5,0.49999999999999994,-0.8660254037844387,90.0,65.0,91.0,82.0,23.0
2017-06-01,Mannar,23.0,6,1.2246467991473532e-16,-1.0,60.0,90.0,65.0,71.66666666666667,23.0
2017-07-01,Mannar,23.0,7,-0.4999999999999997,-0.8660254037844388,23.0,60.0,90.0,57.666666666666664,5.0
2017-08-01,Mannar,5.0,8,-0.8660254037844385,-0.5000000000000004,23.0,23.0,60.0,35.333333333333336,3.0
2017-09-01,Mannar,3.0,9,-1.0,-1.8369701987210297e-16,5.0,23.0,23.0,17.0,6.0
2017-10-01,Mannar,6.0,10,-0.8660254037844386,0.5000000000000001,3.0,5.0,23.0,10.333333333333334,8.0
2017-11-01,Mannar,8.0,11,-0.5000000000000004,0.8660254037844384,6.0,3.0,5.0,4.666666666666667,22.0
2017-12-01,Mannar,22.0,12,-2.4492935982947064e-16,1.0,8.0,6.0,3.0,5.666666666666667,12.0
2018-01-01,Mannar,12.0,1,0.49999999999999994,0.8660254037844387,22.0,8.0,6.0,12.0,2.0
2018-02-01,Mannar,2.0,2,0.8660254037844386,0.5000000000000001,12.0,22.0,8.0,14.0,6.0
2018-03-01,Mannar,6.0,3,1.0,6.123233995736766e-17,2.0,12.0,22.0,12.0,5.0
2018-04-01,Mannar,5.0,4,0.8660254037844387,-0.4999999999999998,6.0,2.0,12.0,6.666666666666667,2.0
2018-05-01,Mannar,2.0,5,0.49999999999999994,-0.8660254037844387,5.0,6.0,2.0,4.333333333333333,9.0
2018-06-01,Mannar,9.0,6,1.2246467991473532e-16,-1.0,2.0,5.0,6.0,4.333333333333333,111.0
2018-07-01,Mannar,111.0,7,-0.4999999999999997,-0.8660254037844388,9.0,2.0,5.0,5.333333333333333,39.0
2018-08-01,Mannar,39.0,8,-0.8660254037844385,-0.5000000000000004,111.0,9.0,2.0,40.666666666666664,4.0
2018-09-01,Mannar,4.0,9,-1.0,-1.8369701987210297e-16,39.0,111.0,9.0,53.0,6.0
2018-10-01,Mannar,6.0,10,-0.8660254037844386,0.5000000000000001,4.0,39.0,111.0,51.333333333333336,6.0
2018-11-01,Mannar,6.0,11,-0.5000000000000004,0.8660254037844384,6.0,4.0,39.0,16.333333333333332,22.0
2018-12-01,Mannar,22.0,12,-2.4492935982947064e-16,1.0,6.0,6.0,4.0,5.333333333333333,27.0
2019-01-01,Mannar,27.0,1,0.49999999999999994,0.8660254037844387,22.0,6.0,6.0,11.333333333333334,16.0
2019-02-01,Mannar,16.0,2,0.8660254037844386,0.5000000000000001,27.0,22.0,6.0,18.333333333333332,14.0
2019-03-01,Mannar,14.0,3,1.0,6.123233995736766e-17,16.0,27.0,22.0,21.666666666666668,9.0
2019-04-01,Mannar,9.0,4,0.8660254037844387,-0.4999999999999998,14.0,16.0,27.0,19.0,6.0
2019-05-01,Mannar,6.0,5,0.49999999999999994,-0.8660254037844387,9.0,14.0,16.0,13.0,3.0
2019-06-01,Mannar,3.0,6,1.2246467991473532e-16,-1.0,6.0,9.0,14.0,9.666666666666666,1.0
2019-07-01,Mannar,1.0,7,-0.4999999999999997,-0.8660254037844388,3.0,6.0,9.0,6.0,2.0
2019-08-01,Mannar,2.0,8,-0.8660254037844385,-0.5000000000000004,1.0,3.0,6.0,3.3333333333333335,1.0
2019-09-01,Mannar,1.0,9,-1.0,-1.8369701987210297e-16,2.0,1.0,3.0,2.0,22.0
2019-10-01,Mannar,22.0,10,-0.8660254037844386,0.5000000000000001,1.0,2.0,1.0,1.3333333333333333,40.0
2019-11-01,Mannar,40.0,11,-0.5000000000000004,0.8660254037844384,22.0,1.0,2.0,8.333333333333334,130.0
2019-12-01,Mannar,130.0,12,-2.4492935982947064e-16,1.0,40.0,22.0,1.0,21.0,90.0
2020-01-01,Mannar,90.0,1,0.49999999999999994,0.8660254037844387,130.0,40.0,22.0,64.0,25.0
2020-02-01,Mannar,25.0,2,0.8660254037844386,0.5000000000000001,90.0,130.0,40.0,86.66666666666667,2.0
2020-03-01,Mannar,2.0,3,1.0,6.123233995736766e-17,25.0,90.0,130.0,81.66666666666667,1.0
2020-04-01,Mannar,1.0,4,0.8660254037844387,-0.4999999999999998,2.0,25.0,90.0,39.0,1.0
2020-05-01,Mannar,1.0,5,0.49999999999999994,-0.8660254037844387,1.0,2.0,25.0,9.333333333333334,3.0
2020-06-01,Mannar,3.0,6,1.2246467991473532e-16,-1.0,1.0,1.0,2.0,1.3333333333333333,8.0
2020-07-01,Mannar,8.0,7,-0.4999999999999997,-0.8660254037844388,3.0,1.0,1.0,1.6666666666666667,3.0
2020-08-01,Mannar,3.0,8,-0.8660254037844385,-0.5000000000000004,8.0,3.0,1.0,4.0,1.0
2020-09-01,Mannar,1.0,9,-1.0,-1.8369701987210297e-16,3.0,8.0,3.0,4.666666666666667,0.0
2020-10-01,Mannar,0.0,10,-0.8660254037844386,0.5000000000000001,1.0,3.0,8.0,4.0,0.0
2020-11-01,Mannar,0.0,11,-0.5000000000000004,0.8660254037844384,0.0,1.0,3.0,1.3333333333333333,3.0
2020-12-01,Mannar,3.0,12,-2.4492935982947064e-16,1.0,0.0,0.0,1.0,0.3333333333333333,4.0
2021-01-01,Mannar,4.0,1,0.49999999999999994,0.8660254037844387,3.0,0.0,0.0,1.0,4.0
2021-02-01,Mannar,4.0,2,0.8660254037844386,0.5000000000000001,4.0,3.0,0.0,2.3333333333333335,6.0
2021-03-01,Mannar,6.0,3,1.0,6.123233995736766e-17,4.0,4.0,3.0,3.6666666666666665,5.0
2021-04-01,Mannar,5.0,4,0.8660254037844387,-0.4999999999999998,6.0,4.0,4.0,4.666666666666667,0.0
2021-05-01,Mannar,0.0,5,0.49999999999999994,-0.8660254037844387,5.0,6.0,4.0,5.0,1.0
2021-06-01,Mannar,1.0,6,1.2246467991473532e-16,-1.0,0.0,5.0,6.0,3.6666666666666665,2.0
2021-07-01,Mannar,2.0,7,-0.4999999999999997,-0.8660254037844388,1.0,0.0,5.0,2.0,0.0
2021-08-01,Mannar,0.0,8,-0.8660254037844385,-0.5000000000000004,2.0,1.0,0.0,1.0,0.0
2021-09-01,Mannar,0.0,9,-1.0,-1.8369701987210297e-16,0.0,2.0,1.0,1.0,0.0
2021-10-01,Mannar,0.0,10,-0.8660254037844386,0.5000000000000001,0.0,0.0,2.0,0.6666666666666666,0.0
2021-11-01,Mannar,0.0,11,-0.5000000000000004,0.8660254037844384,0.0,0.0,0.0,0.0,0.0
2010-04-01,Matale,46.0,4,0.8660254037844387,-0.4999999999999998,35.0,113.0,138.0,95.33333333333333,35.0
2010-05-01,Matale,35.0,5,0.49999999999999994,-0.8660254037844387,46.0,35.0,113.0,64.66666666666667,35.0
2010-06-01,Matale,35.0,6,1.2246467991473532e-16,-1.0,35.0,46.0,35.0,38.666666666666664,97.0
2010-07-01,Matale,97.0,7,-0.4999999999999997,-0.8660254037844388,35.0,35.0,46.0,38.666666666666664,43.0
2010-08-01,Matale,43.0,8,-0.8660254037844385,-0.5000000000000004,97.0,35.0,35.0,55.666666666666664,23.0
2010-09-01,Matale,23.0,9,-1.0,-1.8369701987210297e-16,43.0,97.0,35.0,58.333333333333336,21.0
2010-10-01,Matale,21.0,10,-0.8660254037844386,0.5000000000000001,23.0,43.0,97.0,54.333333333333336,19.0
2010-11-01,Matale,19.0,11,-0.5000000000000004,0.8660254037844384,21.0,23.0,43.0,29.0,45.0
2010-12-01,Matale,45.0,12,-2.4492935982947064e-16,1.0,19.0,21.0,23.0,21.0,10.0
2011-01-01,Matale,10.0,1,0.49999999999999994,0.8660254037844387,45.0,19.0,21.0,28.333333333333332,18.0
2011-02-01,Matale,18.0,2,0.8660254037844386,0.5000000000000001,10.0,45.0,19.0,24.666666666666668,16.0
2011-03-01,Matale,16.0,3,1.0,6.123233995736766e-17,18.0,10.0,45.0,24.333333333333332,20.0
2011-04-01,Matale,20.0,4,0.8660254037844387,-0.4999999999999998,16.0,18.0,10.0,14.666666666666666,37.0
2011-05-01,Matale,37.0,5,0.49999999999999994,-0.8660254037844387,20.0,16.0,18.0,18.0,53.0
2011-06-01,Matale,53.0,6,1.2246467991473532e-16,-1.0,37.0,20.0,16.0,24.333333333333332,66.0
2011-07-01,Matale,66.0,7,-0.4999999999999997,-0.8660254037844388,53.0,37.0,20.0,36.666666666666664,25.0
2011-08-01,Matale,25.0,8,-0.8660254037844385,-0.5000000000000004,66.0,53.0,37.0,52.0,26.0
2011-09-01,Matale,26.0,9,-1.0,-1.8369701987210297e-16,25.0,66.0,53.0,48.0,17.0
2011-10-01,Matale,17.0,10,-0.8660254037844386,0.5000000000000001,26.0,25.0,66.0,39.0,21.0
2011-11-01,Matale,21.0,11,-0.5000000000000004,0.8660254037844384,17.0,26.0,25.0,22.666666666666668,56.0
2011-12-01,Matale,56.0,12,-2.4492935982947064e-16,1.0,21.0,17.0,26.0,21.333333333333332,45.0
2012-01-01,Matale,45.0,1,0.49999999999999994,0.8660254037844387,56.0,21.0,17.0,31.333333333333332,47.0
2012-02-01,Matale,47.0,2,0.8660254037844386,0.5000000000000001,45.0,56.0,21.0,40.666666666666664,59.0
2012-03-01,Matale,59.0,3,1.0,6.123233995736766e-17,47.0,45.0,56.0,49.333333333333336,35.0
2012-04-01,Matale,35.0,4,0.8660254037844387,-0.4999999999999998,59.0,47.0,45.0,50.333333333333336,32.0
2012-05-01,Matale,32.0,5,0.49999999999999994,-0.8660254037844387,35.0,59.0,47.0,47.0,81.0
2012-06-01,Matale,81.0,6,1.2246467991473532e-16,-1.0,32.0,35.0,59.0,42.0,29.0
2012-07-01,Matale,29.0,7,-0.4999999999999997,-0.8660254037844388,81.0,32.0,35.0,49.333333333333336,62.0
2012-08-01,Matale,62.0,8,-0.8660254037844385,-0.5000000000000004,29.0,81.0,32.0,47.333333333333336,46.0
2012-09-01,Matale,46.0,9,-1.0,-1.8369701987210297e-16,62.0,29.0,81.0,57.333333333333336,44.0
2012-10-01,Matale,44.0,10,-0.8660254037844386,0.5000000000000001,46.0,62.0,29.0,45.666666666666664,47.0
2012-11-01,Matale,47.0,11,-0.5000000000000004,0.8660254037844384,44.0,46.0,62.0,50.666666666666664,69.0
2012-12-01,Matale,69.0,12,-2.4492935982947064e-16,1.0,47.0,44.0,46.0,45.666666666666664,48.0
2013-01-01,Matale,48.0,1,0.49999999999999994,0.8660254037844387,69.0,47.0,44.0,53.333333333333336,47.0
2013-02-01,Matale,47.0,2,0.8660254037844386,0.5000000000000001,48.0,69.0,47.0,54.666666666666664,49.0
2013-03-01,Matale,49.0,3,1.0,6.123233995736766e-17,47.0,48.0,69.0,54.666666666666664,32.0
2013-04-01,Matale,32.0,4,0.8660254037844387,-0.4999999999999998,49.0,47.0,48.0,48.0,30.0
2013-05-01,Matale,30.0,5,0.49999999999999994,-0.8660254037844387,32.0,49.0,47.0,42.666666666666664,37.0
2013-06-01,Matale,37.0,6,1.2246467991473532e-16,-1.0,30.0,32.0,49.0,37.0,52.0
2013-07-01,Matale,52.0,7,-0.4999999999999997,-0.8660254037844388,37.0,30.0,32.0,33.0,66.0
2013-08-01,Matale,66.0,8,-0.8660254037844385,-0.5000000000000004,52.0,37.0,30.0,39.666666666666664,32.0
2013-09-01,Matale,32.0,9,-1.0,-1.8369701987210297e-16,66.0,52.0,37.0,51.666666666666664,24.0
2013-10-01,Matale,24.0,10,-0.8660254037844386,0.5000000000000001,32.0,66.0,52.0,50.0,39.0
2013-11-01,Matale,39.0,11,-0.5000000000000004,0.8660254037844384,24.0,32.0,66.0,40.666666666666664,39.0
2013-12-01,Matale,39.0,12,-2.4492935982947064e-16,1.0,39.0,24.0,32.0,31.666666666666668,40.0
2014-01-01,Matale,40.0,1,0.49999999999999994,0.8660254037844387,39.0,39.0,24.0,34.0,35.0
2014-02-01,Matale,35.0,2,0.8660254037844386,0.5000000000000001,40.0,39.0,39.0,39.333333333333336,18.0
2014-03-01,Matale,18.0,3,1.0,6.123233995736766e-17,35.0,40.0,39.0,38.0,14.0
2014-04-01,Matale,14.0,4,0.8660254037844387,-0.4999999999999998,18.0,35.0,40.0,31.0,14.0
2014-05-01,Matale,14.0,5,0.49999999999999994,-0.8660254037844387,14.0,18.0,35.0,22.333333333333332,81.0
2014-06-01,Matale,81.0,6,1.2246467991473532e-16,-1.0,14.0,14.0,18.0,15.333333333333334,75.0
2014-07-01,Matale,75.0,7,-0.4999999999999997,-0.8660254037844388,81.0,14.0,14.0,36.333333333333336,55.0
2014-08-01,Matale,55.0,8,-0.8660254037844385,-0.5000000000000004,75.0,81.0,14.0,56.666666666666664,27.0
2014-09-01,Matale,27.0,9,-1.0,-1.8369701987210297e-16,55.0,75.0,81.0,70.33333333333333,81.0
2014-10-01,Matale,81.0,10,-0.8660254037844386,0.5000000000000001,27.0,55.0,75.0,52.333333333333336,101.0
2014-11-01,Matale,101.0,11,-0.5000000000000004,0.8660254037844384,81.0,27.0,55.0,54.333333333333336,108.0
2014-12-01,Matale,108.0,12,-2.4492935982947064e-16,1.0,101.0,81.0,27.0,69.66666666666667,166.0
2015-01-01,Matale,166.0,1,0.49999999999999994,0.8660254037844387,108.0,101.0,81.0,96.66666666666667,92.0
2015-02-01,Matale,92.0,2,0.8660254037844386,0.5000000000000001,166.0,108.0,101.0,125.0,26.0
2015-03-01,Matale,26.0,3,1.0,6.123233995736766e-17,92.0,166.0,108.0,122.0,16.0
2015-04-01,Matale,16.0,4,0.8660254037844387,-0.4999999999999998,26.0,92.0,166.0,94.66666666666667,10.0
2015-05-01,Matale,10.0,5,0.49999999999999994,-0.8660254037844387,16.0,26.0,92.0,44.666666666666664,16.0
2015-06-01,Matale,16.0,6,1.2246467991473532e-16,-1.0,10.0,16.0,26.0,17.333333333333332,8.0
2015-07-01,Matale,8.0,7,-0.4999999999999997,-0.8660254037844388,16.0,10.0,16.0,14.0,7.0
2015-08-01,Matale,7.0,8,-0.8660254037844385,-0.5000000000000004,8.0,16.0,10.0,11.333333333333334,8.0
2015-09-01,Matale,8.0,9,-1.0,-1.8369701987210297e-16,7.0,8.0,16.0,10.333333333333334,12.0
2015-10-01,Matale,12.0,10,-0.8660254037844386,0.5000000000000001,8.0,7.0,8.0,7.666666666666667,18.0
2015-11-01,Matale,18.0,11,-0.5000000000000004,0.8660254037844384,12.0,8.0,7.0,9.0,22.0
2015-12-01,Matale,22.0,12,-2.4492935982947064e-16,1.0,18.0,12.0,8.0,12.666666666666666,51.0
2016-01-01,Matale,51.0,1,0.49999999999999994,0.8660254037844387,22.0,18.0,12.0,17.333333333333332,42.0
2016-02-01,Matale,42.0,2,0.8660254037844386,0.5000000000000001,51.0,22.0,18.0,30.333333333333332,33.0
2016-03-01,Matale,33.0,3,1.0,6.123233995736766e-17,42.0,51.0,22.0,38.333333333333336,21.0
2016-04-01,Matale,21.0,4,0.8660254037844387,-0.4999999999999998,33.0,42.0,51.0,42.0,29.0
2016-05-01,Matale,29.0,5,0.49999999999999994,-0.8660254037844387,21.0,33.0,42.0,32.0,89.0
2016-06-01,Matale,89.0,6,1.2246467991473532e-16,-1.0,29.0,21.0,33.0,27.666666666666668,348.0
2016-07-01,Matale,348.0,7,-0.4999999999999997,-0.8660254037844388,89.0,29.0,21.0,46.333333333333336,133.0
2016-08-01,Matale,133.0,8,-0.8660254037844385,-0.5000000000000004,348.0,89.0,29.0,155.33333333333334,135.0
2016-09-01,Matale,135.0,9,-1.0,-1.8369701987210297e-16,133.0,348.0,89.0,190.0,78.0
2016-10-01,Matale,78.0,10,-0.8660254037844386,0.5000000000000001,135.0,133.0,348.0,205.33333333333334,66.0
2016-11-01,Matale,66.0,11,-0.5000000000000004,0.8660254037844384,78.0,135.0,133.0,115.33333333333333,123.0
2016-12-01,Matale,123.0,12,-2.4492935982947064e-16,1.0,66.0,78.0,135.0,93.0,129.0
2017-01-01,Matale,129.0,1,0.49999999999999994,0.8660254037844387,123.0,66.0,78.0,89.0,103.0
2017-02-01,Matale,103.0,2,0.8660254037844386,0.5000000000000001,129.0,123.0,66.0,106.0,145.0
2017-03-01,Matale,145.0,3,1.0,6.123233995736766e-17,103.0,129.0,123.0,118.33333333333333,120.0
2017-04-01,Matale,120.0,4,0.8660254037844387,-0.4999999999999998,145.0,103.0,129.0,125.66666666666667,165.0
2017-05-01,Matale,165.0,5,0.49999999999999994,-0.8660254037844387,120.0,145.0,103.0,122.66666666666667,436.0
2017-06-01,Matale,436.0,6,1.2246467991473532e-16,-1.0,165.0,120.0,145.0,143.33333333333334,766.0
2017-07-01,Matale,766.0,7,-0.4999999999999997,-0.8660254037844388,436.0,165.0,120.0,240.33333333333334,534.0
2017-08-01,Matale,534.0,8,-0.8660254037844385,-0.5000000000000004,766.0,436.0,165.0,455.6666666666667,167.0
2017-09-01,Matale,167.0,9,-1.0,-1.8369701987210297e-16,534.0,766.0,436.0,578.6666666666666,177.0
2017-10-01,Matale,177.0,10,-0.8660254037844386,0.5000000000000001,167.0,534.0,766.0,489.0,214.0
2017-11-01,Matale,214.0,11,-0.5000000000000004,0.8660254037844384,177.0,167.0,534.0,292.6666666666667,215.0
2017-12-01,Matale,215.0,12,-2.4492935982947064e-16,1.0,214.0,177.0,167.0,186.0,139.0
2018-01-01,Matale,139.0,1,0.49999999999999994,0.8660254037844387,215.0,214.0,177.0,202.0,69.0
2018-02-01,Matale,69.0,2,0.8660254037844386,0.5000000000000001,139.0,215.0,214.0,189.33333333333334,68.0
2018-03-01,Matale,68.0,3,1.0,6.123233995736766e-17,69.0,139.0,215.0,141.0,71.0
2018-04-01,Matale,71.0,4,0.8660254037844387,-0.4999999999999998,68.0,69.0,139.0,92.0,117.0
2018-05-01,Matale,117.0,5,0.49999999999999994,-0.8660254037844387,71.0,68.0,69.0,69.33333333333333,88.0
2018-06-01,Matale,88.0,6,1.2246467991473532e-16,-1.0,117.0,71.0,68.0,85.33333333333333,121.0
2018-07-01,Matale,121.0,7,-0.4999999999999997,-0.8660254037844388,88.0,117.0,71.0,92.0,81.0
2018-08-01,Matale,81.0,8,-0.8660254037844385,-0.5000000000000004,121.0,88.0,117.0,108.66666666666667,26.0
2018-09-01,Matale,26.0,9,-1.0,-1.8369701987210297e-16,81.0,121.0,88.0,96.66666666666667,23.0
2018-10-01,Matale,23.0,10,-0.8660254037844386,0.5000000000000001,26.0,81.0,121.0,76.0,43.0
2018-11-01,Matale,43.0,11,-0.5000000000000004,0.8660254037844384,23.0,26.0,81.0,43.333333333333336,60.0
2018-12-01,Matale,60.0,12,-2.4492935982947064e-16,1.0,43.0,23.0,26.0,30.666666666666668,62.0
2019-01-01,Matale,62.0,1,0.49999999999999994,0.8660254037844387,60.0,43.0,23.0,42.0,54.0
2019-02-01,Matale,54.0,2,0.8660254037844386,0.5000000000000001,62.0,60.0,43.0,55.0,58.0
2019-03-01,Matale,58.0,3,1.0,6.123233995736766e-17,54.0,62.0,60.0,58.666666666666664,17.0
2019-04-01,Matale,17.0,4,0.8660254037844387,-0.4999999999999998,58.0,54.0,62.0,58.0,30.0
2019-05-01,Matale,30.0,5,0.49999999999999994,-0.8660254037844387,17.0,58.0,54.0,43.0,54.0
2019-06-01,Matale,54.0,6,1.2246467991473532e-16,-1.0,30.0,17.0,58.0,35.0,60.0
2019-07-01,Matale,60.0,7,-0.4999999999999997,-0.8660254037844388,54.0,30.0,17.0,33.666666666666664,73.0
2019-08-01,Matale,73.0,8,-0.8660254037844385,-0.5000000000000004,60.0,54.0,30.0,48.0,62.0
2019-09-01,Matale,62.0,9,-1.0,-1.8369701987210297e-16,73.0,60.0,54.0,62.333333333333336,275.0
2019-10-01,Matale,275.0,10,-0.8660254037844386,0.5000000000000001,62.0,73.0,60.0,65.0,902.0
2019-11-01,Matale,902.0,11,-0.5000000000000004,0.8660254037844384,275.0,62.0,73.0,136.66666666666666,798.0
2019-12-01,Matale,798.0,12,-2.4492935982947064e-16,1.0,902.0,275.0,62.0,413.0,276.0
2020-01-01,Matale,276.0,1,0.49999999999999994,0.8660254037844387,798.0,902.0,275.0,658.3333333333334,110.0
2020-02-01,Matale,110.0,2,0.8660254037844386,0.5000000000000001,276.0,798.0,902.0,658.6666666666666,44.0
2020-03-01,Matale,44.0,3,1.0,6.123233995736766e-17,110.0,276.0,798.0,394.6666666666667,9.0
2020-04-01,Matale,9.0,4,0.8660254037844387,-0.4999999999999998,44.0,110.0,276.0,143.33333333333334,23.0
2020-05-01,Matale,23.0,5,0.49999999999999994,-0.8660254037844387,9.0,44.0,110.0,54.333333333333336,25.0
2020-06-01,Matale,25.0,6,1.2246467991473532e-16,-1.0,23.0,9.0,44.0,25.333333333333332,36.0
2020-07-01,Matale,36.0,7,-0.4999999999999997,-0.8660254037844388,25.0,23.0,9.0,19.0,19.0
2020-08-01,Matale,19.0,8,-0.8660254037844385,-0.5000000000000004,36.0,25.0,23.0,28.0,15.0
2020-09-01,Matale,15.0,9,-1.0,-1.8369701987210297e-16,19.0,36.0,25.0,26.666666666666668,14.0
2020-10-01,Matale,14.0,10,-0.8660254037844386,0.5000000000000001,15.0,19.0,36.0,23.333333333333332,14.0
2020-11-01,Matale,14.0,11,-0.5000000000000004,0.8660254037844384,14.0,15.0,19.0,16.0,10.0
2020-12-01,Matale,10.0,12,-2.4492935982947064e-16,1.0,14.0,14.0,15.0,14.333333333333334,12.0
2021-01-01,Matale,12.0,1,0.49999999999999994,0.8660254037844387,10.0,14.0,14.0,12.666666666666666,5.0
2021-02-01,Matale,5.0,2,0.8660254037844386,0.5000000000000001,12.0,10.0,14.0,12.0,11.0
2021-03-01,Matale,11.0,3,1.0,6.123233995736766e-17,5.0,12.0,10.0,9.0,9.0
2021-04-01,Matale,9.0,4,0.8660254037844387,-0.4999999999999998,11.0,5.0,12.0,9.333333333333334,6.0
2021-05-01,Matale,6.0,5,0.49999999999999994,-0.8660254037844387,9.0,11.0,5.0,8.333333333333334,16.0
2021-06-01,Matale,16.0,6,1.2246467991473532e-16,-1.0,6.0,9.0,11.0,8.666666666666666,43.0
2021-07-01,Matale,43.0,7,-0.4999999999999997,-0.8660254037844388,16.0,6.0,9.0,10.333333333333334,0.0
2021-08-01,Matale,0.0,8,-0.8660254037844385,-0.5000000000000004,43.0,16.0,6.0,21.666666666666668,0.0
2021-09-01,Matale,0.0,9,-1.0,-1.8369701987210297e-16,0.0,43.0,16.0,19.666666666666668,0.0
2021-10-01,Matale,0.0,10,-0.8660254037844386,0.5000000000000001,0.0,0.0,43.0,14.333333333333334,0.0
2021-11-01,Matale,0.0,11,-0.5000000000000004,0.8660254037844384,0.0,0.0,0.0,0.0,0.0
2010-04-01,Matara,29.0,4,0.8660254037844387,-0.4999999999999998,41.0,44.0,36.0,40.333333333333336,28.0
2010-05-01,Matara,28.0,5,0.49999999999999994,-0.8660254037844387,29.0,41.0,44.0,38.0,67.0
2010-06-01,Matara,67.0,6,1.2246467991473532e-16,-1.0,28.0,29.0,41.0,32.666666666666664,148.0
2010-07-01,Matara,148.0,7,-0.4999999999999997,-0.8660254037844388,67.0,28.0,29.0,41.333333333333336,110.0
2010-08-01,Matara,110.0,8,-0.8660254037844385,-0.5000000000000004,148.0,67.0,28.0,81.0,62.0
2010-09-01,Matara,62.0,9,-1.0,-1.8369701987210297e-16,110.0,148.0,67.0,108.33333333333333,25.0
2010-10-01,Matara,25.0,10,-0.8660254037844386,0.5000000000000001,62.0,110.0,148.0,106.66666666666667,15.0
2010-11-01,Matara,15.0,11,-0.5000000000000004,0.8660254037844384,25.0,62.0,110.0,65.66666666666667,9.0
2010-12-01,Matara,9.0,12,-2.4492935982947064e-16,1.0,15.0,25.0,62.0,34.0,14.0
2011-01-01,Matara,14.0,1,0.49999999999999994,0.8660254037844387,9.0,15.0,25.0,16.333333333333332,18.0
2011-02-01,Matara,18.0,2,0.8660254037844386,0.5000000000000001,14.0,9.0,15.0,12.666666666666666,35.0
2011-03-01,Matara,35.0,3,1.0,6.123233995736766e-17,18.0,14.0,9.0,13.666666666666666,55.0
2011-04-01,Matara,55.0,4,0.8660254037844387,-0.4999999999999998,35.0,18.0,14.0,22.333333333333332,57.0
2011-05-01,Matara,57.0,5,0.49999999999999994,-0.8660254037844387,55.0,35.0,18.0,36.0,51.0
2011-06-01,Matara,51.0,6,1.2246467991473532e-16,-1.0,57.0,55.0,35.0,49.0,83.0
2011-07-01,Matara,83.0,7,-0.4999999999999997,-0.8660254037844388,51.0,57.0,55.0,54.333333333333336,27.0
2011-08-01,Matara,27.0,8,-0.8660254037844385,-0.5000000000000004,83.0,51.0,57.0,63.666666666666664,63.0
2011-09-01,Matara,63.0,9,-1.0,-1.8369701987210297e-16,27.0,83.0,51.0,53.666666666666664,72.0
2011-10-01,Matara,72.0,10,-0.8660254037844386,0.5000000000000001,63.0,27.0,83.0,57.666666666666664,141.0
2011-11-01,Matara,141.0,11,-0.5000000000000004,0.8660254037844384,72.0,63.0,27.0,54.0,179.0
2011-12-01,Matara,179.0,12,-2.4492935982947064e-16,1.0,141.0,72.0,63.0,92.0,186.0
2012-01-01,Matara,186.0,1,0.49999999999999994,0.8660254037844387,179.0,141.0,72.0,130.66666666666666,147.0
2012-02-01,Matara,147.0,2,0.8660254037844386,0.5000000000000001,186.0,179.0,141.0,168.66666666666666,155.0
2012-03-01,Matara,155.0,3,1.0,6.123233995736766e-17,147.0,186.0,179.0,170.66666666666666,94.0
2012-04-01,Matara,94.0,4,0.8660254037844387,-0.4999999999999998,155.0,147.0,186.0,162.66666666666666,84.0
2012-05-01,Matara,84.0,5,0.49999999999999994,-0.8660254037844387,94.0,155.0,147.0,132.0,147.0
2012-06-01,Matara,147.0,6,1.2246467991473532e-16,-1.0,84.0,94.0,155.0,111.0,186.0
2012-07-01,Matara,186.0,7,-0.4999999999999997,-0.8660254037844388,147.0,84.0,94.0,108.33333333333333,241.0
2012-08-01,Matara,241.0,8,-0.8660254037844385,-0.5000000000000004,186.0,147.0,84.0,139.0,141.0
2012-09-01,Matara,141.0,9,-1.0,-1.8369701987210297e-16,241.0,186.0,147.0,191.33333333333334,196.0
2012-10-01,Matara,196.0,10,-0.8660254037844386,0.5000000000000001,141.0,241.0,186.0,189.33333333333334,158.0
2012-11-01,Matara,158.0,11,-0.5000000000000004,0.8660254037844384,196.0,141.0,241.0,192.66666666666666,100.0
2012-12-01,Matara,100.0,12,-2.4492935982947064e-16,1.0,158.0,196.0,141.0,165.0,48.0
2013-01-01,Matara,48.0,1,0.49999999999999994,0.8660254037844387,100.0,158.0,196.0,151.33333333333334,75.0
2013-02-01,Matara,75.0,2,0.8660254037844386,0.5000000000000001,48.0,100.0,158.0,102.0,65.0
2013-03-01,Matara,65.0,3,1.0,6.123233995736766e-17,75.0,48.0,100.0,74.33333333333333,28.0
2013-04-01,Matara,28.0,4,0.8660254037844387,-0.4999999999999998,65.0,75.0,48.0,62.666666666666664,36.0
2013-05-01,Matara,36.0,5,0.49999999999999994,-0.8660254037844387,28.0,65.0,75.0,56.0,31.0
2013-06-01,Matara,31.0,6,1.2246467991473532e-16,-1.0,36.0,28.0,65.0,43.0,54.0
2013-07-01,Matara,54.0,7,-0.4999999999999997,-0.8660254037844388,31.0,36.0,28.0,31.666666666666668,34.0
2013-08-01,Matara,34.0,8,-0.8660254037844385,-0.5000000000000004,54.0,31.0,36.0,40.333333333333336,27.0
2013-09-01,Matara,27.0,9,-1.0,-1.8369701987210297e-16,34.0,54.0,31.0,39.666666666666664,19.0
2013-10-01,Matara,19.0,10,-0.8660254037844386,0.5000000000000001,27.0,34.0,54.0,38.333333333333336,32.0
2013-11-01,Matara,32.0,11,-0.5000000000000004,0.8660254037844384,19.0,27.0,34.0,26.666666666666668,37.0
2013-12-01,Matara,37.0,12,-2.4492935982947064e-16,1.0,32.0,19.0,27.0,26.0,50.0
2014-01-01,Matara,50.0,1,0.49999999999999994,0.8660254037844387,37.0,32.0,19.0,29.333333333333332,31.0
2014-02-01,Matara,31.0,2,0.8660254037844386,0.5000000000000001,50.0,37.0,32.0,39.666666666666664,11.0
2014-03-01,Matara,11.0,3,1.0,6.123233995736766e-17,31.0,50.0,37.0,39.333333333333336,13.0
2014-04-01,Matara,13.0,4,0.8660254037844387,-0.4999999999999998,11.0,31.0,50.0,30.666666666666668,22.0
2014-05-01,Matara,22.0,5,0.49999999999999994,-0.8660254037844387,13.0,11.0,31.0,18.333333333333332,63.0
2014-06-01,Matara,63.0,6,1.2246467991473532e-16,-1.0,22.0,13.0,11.0,15.333333333333334,112.0
2014-07-01,Matara,112.0,7,-0.4999999999999997,-0.8660254037844388,63.0,22.0,13.0,32.666666666666664,82.0
2014-08-01,Matara,82.0,8,-0.8660254037844385,-0.5000000000000004,112.0,63.0,22.0,65.66666666666667,93.0
2014-09-01,Matara,93.0,9,-1.0,-1.8369701987210297e-16,82.0,112.0,63.0,85.66666666666667,130.0
2014-10-01,Matara,130.0,10,-0.8660254037844386,0.5000000000000001,93.0,82.0,112.0,95.66666666666667,71.0
2014-11-01,Matara,71.0,11,-0.5000000000000004,0.8660254037844384,130.0,93.0,82.0,101.66666666666667,70.0
2014-12-01,Matara,70.0,12,-2.4492935982947064e-16,1.0,71.0,130.0,93.0,98.0,81.0
2015-01-01,Matara,81.0,1,0.49999999999999994,0.8660254037844387,70.0,71.0,130.0,90.33333333333333,46.0
2015-02-01,Matara,46.0,2,0.8660254037844386,0.5000000000000001,81.0,70.0,71.0,74.0,41.0
2015-03-01,Matara,41.0,3,1.0,6.123233995736766e-17,46.0,81.0,70.0,65.66666666666667,28.0
2015-04-01,Matara,28.0,4,0.8660254037844387,-0.4999999999999998,41.0,46.0,81.0,56.0,25.0
2015-05-01,Matara,25.0,5,0.49999999999999994,-0.8660254037844387,28.0,41.0,46.0,38.333333333333336,12.0
2015-06-01,Matara,12.0,6,1.2246467991473532e-16,-1.0,25.0,28.0,41.0,31.333333333333332,21.0
2015-07-01,Matara,21.0,7,-0.4999999999999997,-0.8660254037844388,12.0,25.0,28.0,21.666666666666668,24.0
2015-08-01,Matara,24.0,8,-0.8660254037844385,-0.5000000000000004,21.0,12.0,25.0,19.333333333333332,24.0
2015-09-01,Matara,24.0,9,-1.0,-1.8369701987210297e-16,24.0,21.0,12.0,19.0,72.0
2015-10-01,Matara,72.0,10,-0.8660254037844386,0.5000000000000001,24.0,24.0,21.0,23.0,43.0
2015-11-01,Matara,43.0,11,-0.5000000000000004,0.8660254037844384,72.0,24.0,24.0,40.0,42.0
2015-12-01,Matara,42.0,12,-2.4492935982947064e-16,1.0,43.0,72.0,24.0,46.333333333333336,139.0
2016-01-01,Matara,139.0,1,0.49999999999999994,0.8660254037844387,42.0,43.0,72.0,52.333333333333336,92.0
2016-02-01,Matara,92.0,2,0.8660254037844386,0.5000000000000001,139.0,42.0,43.0,74.66666666666667,43.0
2016-03-01,Matara,43.0,3,1.0,6.123233995736766e-17,92.0,139.0,42.0,91.0,56.0
2016-04-01,Matara,56.0,4,0.8660254037844387,-0.4999999999999998,43.0,92.0,139.0,91.33333333333333,35.0
2016-05-01,Matara,35.0,5,0.49999999999999994,-0.8660254037844387,56.0,43.0,92.0,63.666666666666664,119.0
2016-06-01,Matara,119.0,6,1.2246467991473532e-16,-1.0,35.0,56.0,43.0,44.666666666666664,282.0
2016-07-01,Matara,282.0,7,-0.4999999999999997,-0.8660254037844388,119.0,35.0,56.0,70.0,144.0
2016-08-01,Matara,144.0,8,-0.8660254037844385,-0.5000000000000004,282.0,119.0,35.0,145.33333333333334,115.0
2016-09-01,Matara,115.0,9,-1.0,-1.8369701987210297e-16,144.0,282.0,119.0,181.66666666666666,82.0
2016-10-01,Matara,82.0,10,-0.8660254037844386,0.5000000000000001,115.0,144.0,282.0,180.33333333333334,86.0
2016-11-01,Matara,86.0,11,-0.5000000000000004,0.8660254037844384,82.0,115.0,144.0,113.66666666666667,191.0
2016-12-01,Matara,191.0,12,-2.4492935982947064e-16,1.0,86.0,82.0,115.0,94.33333333333333,431.0
2017-01-01,Matara,431.0,1,0.49999999999999994,0.8660254037844387,191.0,86.0,82.0,119.66666666666667,382.0
2017-02-01,Matara,382.0,2,0.8660254037844386,0.5000000000000001,431.0,191.0,86.0,236.0,337.0
2017-03-01,Matara,337.0,3,1.0,6.123233995736766e-17,382.0,431.0,191.0,334.6666666666667,354.0
2017-04-01,Matara,354.0,4,0.8660254037844387,-0.4999999999999998,337.0,382.0,431.0,383.3333333333333,488.0
2017-05-01,Matara,488.0,5,0.49999999999999994,-0.8660254037844387,354.0,337.0,382.0,357.6666666666667,581.0
2017-06-01,Matara,581.0,6,1.2246467991473532e-16,-1.0,488.0,354.0,337.0,393.0,1789.0
2017-07-01,Matara,1789.0,7,-0.4999999999999997,-0.8660254037844388,581.0,488.0,354.0,474.3333333333333,1029.0
2017-08-01,Matara,1029.0,8,-0.8660254037844385,-0.5000000000000004,1789.0,581.0,488.0,952.6666666666666,403.0
2017-09-01,Matara,403.0,9,-1.0,-1.8369701987210297e-16,1029.0,1789.0,581.0,1133.0,174.0
2017-10-01,Matara,174.0,10,-0.8660254037844386,0.5000000000000001,403.0,1029.0,1789.0,1073.6666666666667,181.0
2017-11-01,Matara,181.0,11,-0.5000000000000004,0.8660254037844384,174.0,403.0,1029.0,535.3333333333334,182.0
2017-12-01,Matara,182.0,12,-2.4492935982947064e-16,1.0,181.0,174.0,403.0,252.66666666666666,136.0
2018-01-01,Matara,136.0,1,0.49999999999999994,0.8660254037844387,182.0,181.0,174.0,179.0,120.0
2018-02-01,Matara,120.0,2,0.8660254037844386,0.5000000000000001,136.0,182.0,181.0,166.33333333333334,95.0
2018-03-01,Matara,95.0,3,1.0,6.123233995736766e-17,120.0,136.0,182.0,146.0,50.0
2018-04-01,Matara,50.0,4,0.8660254037844387,-0.4999999999999998,95.0,120.0,136.0,117.0,41.0
2018-05-01,Matara,41.0,5,0.49999999999999994,-0.8660254037844387,50.0,95.0,120.0,88.33333333333333,43.0
2018-06-01,Matara,43.0,6,1.2246467991473532e-16,-1.0,41.0,50.0,95.0,62.0,152.0
2018-07-01,Matara,152.0,7,-0.4999999999999997,-0.8660254037844388,43.0,41.0,50.0,44.666666666666664,159.0
2018-08-01,Matara,159.0,8,-0.8660254037844385,-0.5000000000000004,152.0,43.0,41.0,78.66666666666667,75.0
2018-09-01,Matara,75.0,9,-1.0,-1.8369701987210297e-16,159.0,152.0,43.0,118.0,47.0
2018-10-01,Matara,47.0,10,-0.8660254037844386,0.5000000000000001,75.0,159.0,152.0,128.66666666666666,89.0
2018-11-01,Matara,89.0,11,-0.5000000000000004,0.8660254037844384,47.0,75.0,159.0,93.66666666666667,141.0
2018-12-01,Matara,141.0,12,-2.4492935982947064e-16,1.0,89.0,47.0,75.0,70.33333333333333,219.0
2019-01-01,Matara,219.0,1,0.49999999999999994,0.8660254037844387,141.0,89.0,47.0,92.33333333333333,133.0
2019-02-01,Matara,133.0,2,0.8660254037844386,0.5000000000000001,219.0,141.0,89.0,149.66666666666666,101.0
2019-03-01,Matara,101.0,3,1.0,6.123233995736766e-17,133.0,219.0,141.0,164.33333333333334,106.0
2019-04-01,Matara,106.0,4,0.8660254037844387,-0.4999999999999998,101.0,133.0,219.0,151.0,130.0
2019-05-01,Matara,130.0,5,0.49999999999999994,-0.8660254037844387,106.0,101.0,133.0,113.33333333333333,291.0
2019-06-01,Matara,291.0,6,1.2246467991473532e-16,-1.0,130.0,106.0,101.0,112.33333333333333,583.0
2019-07-01,Matara,583.0,7,-0.4999999999999997,-0.8660254037844388,291.0,130.0,106.0,175.66666666666666,717.0
2019-08-01,Matara,717.0,8,-0.8660254037844385,-0.5000000000000004,583.0,291.0,130.0,334.6666666666667,383.0
2019-09-01,Matara,383.0,9,-1.0,-1.8369701987210297e-16,717.0,583.0,291.0,530.3333333333334,493.0
2019-10-01,Matara,493.0,10,-0.8660254037844386,0.5000000000000001,383.0,717.0,583.0,561.0,543.0
2019-11-01,Matara,543.0,11,-0.5000000000000004,0.8660254037844384,493.0,383.0,717.0,531.0,355.0
2019-12-01,Matara,355.0,12,-2.4492935982947064e-16,1.0,543.0,493.0,383.0,473.0,227.0
2020-01-01,Matara,227.0,1,0.49999999999999994,0.8660254037844387,355.0,543.0,493.0,463.6666666666667,120.0
2020-02-01,Matara,120.0,2,0.8660254037844386,0.5000000000000001,227.0,355.0,543.0,375.0,21.0
2020-03-01,Matara,21.0,3,1.0,6.123233995736766e-17,120.0,227.0,355.0,234.0,6.0
2020-04-01,Matara,6.0,4,0.8660254037844387,-0.4999999999999998,21.0,120.0,227.0,122.66666666666667,21.0
2020-05-01,Matara,21.0,5,0.49999999999999994,-0.8660254037844387,6.0,21.0,120.0,49.0,27.0
2020-06-01,Matara,27.0,6,1.2246467991473532e-16,-1.0,21.0,6.0,21.0,16.0,39.0
2020-07-01,Matara,39.0,7,-0.4999999999999997,-0.8660254037844388,27.0,21.0,6.0,18.0,17.0
2020-08-01,Matara,17.0,8,-0.8660254037844385,-0.5000000000000004,39.0,27.0,21.0,29.0,15.0
2020-09-01,Matara,15.0,9,-1.0,-1.8369701987210297e-16,17.0,39.0,27.0,27.666666666666668,27.0
2020-10-01,Matara,27.0,10,-0.8660254037844386,0.5000000000000001,15.0,17.0,39.0,23.666666666666668,17.0
2020-11-01,Matara,17.0,11,-0.5000000000000004,0.8660254037844384,27.0,15.0,17.0,19.666666666666668,8.0
2020-12-01,Matara,8.0,12,-2.4492935982947064e-16,1.0,17.0,27.0,15.0,19.666666666666668,28.0
2021-01-01,Matara,28.0,1,0.49999999999999994,0.8660254037844387,8.0,17.0,27.0,17.333333333333332,33.0
2021-02-01,Matara,33.0,2,0.8660254037844386,0.5000000000000001,28.0,8.0,17.0,17.666666666666668,31.0
2021-03-01,Matara,31.0,3,1.0,6.123233995736766e-17,33.0,28.0,8.0,23.0,55.0
2021-04-01,Matara,55.0,4,0.8660254037844387,-0.4999999999999998,31.0,33.0,28.0,30.666666666666668,15.0
2021-05-01,Matara,15.0,5,0.49999999999999994,-0.8660254037844387,55.0,31.0,33.0,39.666666666666664,93.0
2021-06-01,Matara,93.0,6,1.2246467991473532e-16,-1.0,15.0,55.0,31.0,33.666666666666664,104.0
2021-07-01,Matara,104.0,7,-0.4999999999999997,-0.8660254037844388,93.0,15.0,55.0,54.333333333333336,10.0
2021-08-01,Matara,10.0,8,-0.8660254037844385,-0.5000000000000004,104.0,93.0,15.0,70.66666666666667,0.0
2021-09-01,Matara,0.0,9,-1.0,-1.8369701987210297e-16,10.0,104.0,93.0,69.0,0.0
2021-10-01,Matara,0.0,10,-0.8660254037844386,0.5000000000000001,0.0,10.0,104.0,38.0,0.0
2021-11-01,Matara,0.0,11,-0.5000000000000004,0.8660254037844384,0.0,0.0,10.0,3.3333333333333335,0.0
2010-04-01,Moneragala,67.0,4,0.8660254037844387,-0.4999999999999998,55.0,39.0,50.0,48.0,53.0
2010-05-01,Moneragala,53.0,5,0.49999999999999994,-0.8660254037844387,67.0,55.0,39.0,53.666666666666664,93.0
2010-06-01,Moneragala,93.0,6,1.2246467991473532e-16,-1.0,53.0,67.0,55.0,58.333333333333336,314.0
2010-07-01,Moneragala,314.0,7,-0.4999999999999997,-0.8660254037844388,93.0,53.0,67.0,71.0,219.0
2010-08-01,Moneragala,219.0,8,-0.8660254037844385,-0.5000000000000004,314.0,93.0,53.0,153.33333333333334,65.0
2010-09-01,Moneragala,65.0,9,-1.0,-1.8369701987210297e-16,219.0,314.0,93.0,208.66666666666666,50.0
2010-10-01,Moneragala,50.0,10,-0.8660254037844386,0.5000000000000001,65.0,219.0,314.0,199.33333333333334,42.0
2010-11-01,Moneragala,42.0,11,-0.5000000000000004,0.8660254037844384,50.0,65.0,219.0,111.33333333333333,24.0
2010-12-01,Moneragala,24.0,12,-2.4492935982947064e-16,1.0,42.0,50.0,65.0,52.333333333333336,17.0
2011-01-01,Moneragala,17.0,1,0.49999999999999994,0.8660254037844387,24.0,42.0,50.0,38.666666666666664,24.0
2011-02-01,Moneragala,24.0,2,0.8660254037844386,0.5000000000000001,17.0,24.0,42.0,27.666666666666668,15.0
2011-03-01,Moneragala,15.0,3,1.0,6.123233995736766e-17,24.0,17.0,24.0,21.666666666666668,33.0
2011-04-01,Moneragala,33.0,4,0.8660254037844387,-0.4999999999999998,15.0,24.0,17.0,18.666666666666668,16.0
2011-05-01,Moneragala,16.0,5,0.49999999999999994,-0.8660254037844387,33.0,15.0,24.0,24.0,18.0
2011-06-01,Moneragala,18.0,6,1.2246467991473532e-16,-1.0,16.0,33.0,15.0,21.333333333333332,32.0
2011-07-01,Moneragala,32.0,7,-0.4999999999999997,-0.8660254037844388,18.0,16.0,33.0,22.333333333333332,17.0
2011-08-01,Moneragala,17.0,8,-0.8660254037844385,-0.5000000000000004,32.0,18.0,16.0,22.0,34.0
2011-09-01,Moneragala,34.0,9,-1.0,-1.8369701987210297e-16,17.0,32.0,18.0,22.333333333333332,30.0
2011-10-01,Moneragala,30.0,10,-0.8660254037844386,0.5000000000000001,34.0,17.0,32.0,27.666666666666668,40.0
2011-11-01,Moneragala,40.0,11,-0.5000000000000004,0.8660254037844384,30.0,34.0,17.0,27.0,36.0
2011-12-01,Moneragala,36.0,12,-2.4492935982947064e-16,1.0,40.0,30.0,34.0,34.666666666666664,16.0
2012-01-01,Moneragala,16.0,1,0.49999999999999994,0.8660254037844387,36.0,40.0,30.0,35.333333333333336,23.0
2012-02-01,Moneragala,23.0,2,0.8660254037844386,0.5000000000000001,16.0,36.0,40.0,30.666666666666668,23.0
2012-03-01,Moneragala,23.0,3,1.0,6.123233995736766e-17,23.0,16.0,36.0,25.0,15.0
2012-04-01,Moneragala,15.0,4,0.8660254037844387,-0.4999999999999998,23.0,23.0,16.0,20.666666666666668,22.0
2012-05-01,Moneragala,22.0,5,0.49999999999999994,-0.8660254037844387,15.0,23.0,23.0,20.333333333333332,38.0
2012-06-01,Moneragala,38.0,6,1.2246467991473532e-16,-1.0,22.0,15.0,23.0,20.0,33.0
2012-07-01,Moneragala,33.0,7,-0.4999999999999997,-0.8660254037844388,38.0,22.0,15.0,25.0,36.0
2012-08-01,Moneragala,36.0,8,-0.8660254037844385,-0.5000000000000004,33.0,38.0,22.0,31.0,16.0
2012-09-01,Moneragala,16.0,9,-1.0,-1.8369701987210297e-16,36.0,33.0,38.0,35.666666666666664,17.0
2012-10-01,Moneragala,17.0,10,-0.8660254037844386,0.5000000000000001,16.0,36.0,33.0,28.333333333333332,29.0
2012-11-01,Moneragala,29.0,11,-0.5000000000000004,0.8660254037844384,17.0,16.0,36.0,23.0,19.0
2012-12-01,Moneragala,19.0,12,-2.4492935982947064e-16,1.0,29.0,17.0,16.0,20.666666666666668,34.0
2013-01-01,Moneragala,34.0,1,0.49999999999999994,0.8660254037844387,19.0,29.0,17.0,21.666666666666668,19.0
2013-02-01,Moneragala,19.0,2,0.8660254037844386,0.5000000000000001,34.0,19.0,29.0,27.333333333333332,27.0
2013-03-01,Moneragala,27.0,3,1.0,6.123233995736766e-17,19.0,34.0,19.0,24.0,23.0
2013-04-01,Moneragala,23.0,4,0.8660254037844387,-0.4999999999999998,27.0,19.0,34.0,26.666666666666668,17.0
2013-05-01,Moneragala,17.0,5,0.49999999999999994,-0.8660254037844387,23.0,27.0,19.0,23.0,18.0
2013-06-01,Moneragala,18.0,6,1.2246467991473532e-16,-1.0,17.0,23.0,27.0,22.333333333333332,28.0
2013-07-01,Moneragala,28.0,7,-0.4999999999999997,-0.8660254037844388,18.0,17.0,23.0,19.333333333333332,26.0
2013-08-01,Moneragala,26.0,8,-0.8660254037844385,-0.5000000000000004,28.0,18.0,17.0,21.0,19.0
2013-09-01,Moneragala,19.0,9,-1.0,-1.8369701987210297e-16,26.0,28.0,18.0,24.0,24.0
2013-10-01,Moneragala,24.0,10,-0.8660254037844386,0.5000000000000001,19.0,26.0,28.0,24.333333333333332,20.0
2013-11-01,Moneragala,20.0,11,-0.5000000000000004,0.8660254037844384,24.0,19.0,26.0,23.0,16.0
2013-12-01,Moneragala,16.0,12,-2.4492935982947064e-16,1.0,20.0,24.0,19.0,21.0,23.0
2014-01-01,Moneragala,23.0,1,0.49999999999999994,0.8660254037844387,16.0,20.0,24.0,20.0,24.0
2014-02-01,Moneragala,24.0,2,0.8660254037844386,0.5000000000000001,23.0,16.0,20.0,19.666666666666668,21.0
2014-03-01,Moneragala,21.0,3,1.0,6.123233995736766e-17,24.0,23.0,16.0,21.0,9.0
2014-04-01,Moneragala,9.0,4,0.8660254037844387,-0.4999999999999998,21.0,24.0,23.0,22.666666666666668,10.0
2014-05-01,Moneragala,10.0,5,0.49999999999999994,-0.8660254037844387,9.0,21.0,24.0,18.0,34.0
2014-06-01,Moneragala,34.0,6,1.2246467991473532e-16,-1.0,10.0,9.0,21.0,13.333333333333334,48.0
2014-07-01,Moneragala,48.0,7,-0.4999999999999997,-0.8660254037844388,34.0,10.0,9.0,17.666666666666668,32.0
2014-08-01,Moneragala,32.0,8,-0.8660254037844385,-0.5000000000000004,48.0,34.0,10.0,30.666666666666668,20.0
2014-09-01,Moneragala,20.0,9,-1.0,-1.8369701987210297e-16,32.0,48.0,34.0,38.0,27.0
2014-10-01,Moneragala,27.0,10,-0.8660254037844386,0.5000000000000001,20.0,32.0,48.0,33.333333333333336,44.0
2014-11-01,Moneragala,44.0,11,-0.5000000000000004,0.8660254037844384,27.0,20.0,32.0,26.333333333333332,21.0
2014-12-01,Moneragala,21.0,12,-2.4492935982947064e-16,1.0,44.0,27.0,20.0,30.333333333333332,46.0
2015-01-01,Moneragala,46.0,1,0.49999999999999994,0.8660254037844387,21.0,44.0,27.0,30.666666666666668,29.0
2015-02-01,Moneragala,29.0,2,0.8660254037844386,0.5000000000000001,46.0,21.0,44.0,37.0,15.0
2015-03-01,Moneragala,15.0,3,1.0,6.123233995736766e-17,29.0,46.0,21.0,32.0,7.0
2015-04-01,Moneragala,7.0,4,0.8660254037844387,-0.4999999999999998,15.0,29.0,46.0,30.0,7.0
2015-05-01,Moneragala,7.0,5,0.49999999999999994,-0.8660254037844387,7.0,15.0,29.0,17.0,18.0
2015-06-01,Moneragala,18.0,6,1.2246467991473532e-16,-1.0,7.0,7.0,15.0,9.666666666666666,16.0
2015-07-01,Moneragala,16.0,7,-0.4999999999999997,-0.8660254037844388,18.0,7.0,7.0,10.666666666666666,14.0
2015-08-01,Moneragala,14.0,8,-0.8660254037844385,-0.5000000000000004,16.0,18.0,7.0,13.666666666666666,2.0
2015-09-01,Moneragala,2.0,9,-1.0,-1.8369701987210297e-16,14.0,16.0,18.0,16.0,16.0
2015-10-01,Moneragala,16.0,10,-0.8660254037844386,0.5000000000000001,2.0,14.0,16.0,10.666666666666666,23.0
2015-11-01,Moneragala,23.0,11,-0.5000000000000004,0.8660254037844384,16.0,2.0,14.0,10.666666666666666,30.0
2015-12-01,Moneragala,30.0,12,-2.4492935982947064e-16,1.0,23.0,16.0,2.0,13.666666666666666,58.0
2016-01-01,Moneragala,58.0,1,0.49999999999999994,0.8660254037844387,30.0,23.0,16.0,23.0,32.0
2016-02-01,Moneragala,32.0,2,0.8660254037844386,0.5000000000000001,58.0,30.0,23.0,37.0,23.0
2016-03-01,Moneragala,23.0,3,1.0,6.123233995736766e-17,32.0,58.0,30.0,40.0,31.0
2016-04-01,Moneragala,31.0,4,0.8660254037844387,-0.4999999999999998,23.0,32.0,58.0,37.666666666666664,18.0
2016-05-01,Moneragala,18.0,5,0.49999999999999994,-0.8660254037844387,31.0,23.0,32.0,28.666666666666668,24.0
2016-06-01,Moneragala,24.0,6,1.2246467991473532e-16,-1.0,18.0,31.0,23.0,24.0,70.0
2016-07-01,Moneragala,70.0,7,-0.4999999999999997,-0.8660254037844388,24.0,18.0,31.0,24.333333333333332,59.0
2016-08-01,Moneragala,59.0,8,-0.8660254037844385,-0.5000000000000004,70.0,24.0,18.0,37.333333333333336,46.0
2016-09-01,Moneragala,46.0,9,-1.0,-1.8369701987210297e-16,59.0,70.0,24.0,51.0,18.0
2016-10-01,Moneragala,18.0,10,-0.8660254037844386,0.5000000000000001,46.0,59.0,70.0,58.333333333333336,29.0
2016-11-01,Moneragala,29.0,11,-0.5000000000000004,0.8660254037844384,18.0,46.0,59.0,41.0,67.0
2016-12-01,Moneragala,67.0,12,-2.4492935982947064e-16,1.0,29.0,18.0,46.0,31.0,97.0
2017-01-01,Moneragala,97.0,1,0.49999999999999994,0.8660254037844387,67.0,29.0,18.0,38.0,97.0
2017-02-01,Moneragala,97.0,2,0.8660254037844386,0.5000000000000001,97.0,67.0,29.0,64.33333333333333,112.0
2017-03-01,Moneragala,112.0,3,1.0,6.123233995736766e-17,97.0,97.0,67.0,87.0,126.0
2017-04-01,Moneragala,126.0,4,0.8660254037844387,-0.4999999999999998,112.0,97.0,97.0,102.0,164.0
2017-05-01,Moneragala,164.0,5,0.49999999999999994,-0.8660254037844387,126.0,112.0,97.0,111.66666666666667,449.0
2017-06-01,Moneragala,449.0,6,1.2246467991473532e-16,-1.0,164.0,126.0,112.0,134.0,569.0
2017-07-01,Moneragala,569.0,7,-0.4999999999999997,-0.8660254037844388,449.0,164.0,126.0,246.33333333333334,348.0
2017-08-01,Moneragala,348.0,8,-0.8660254037844385,-0.5000000000000004,569.0,449.0,164.0,394.0,300.0
2017-09-01,Moneragala,300.0,9,-1.0,-1.8369701987210297e-16,348.0,569.0,449.0,455.3333333333333,357.0
2017-10-01,Moneragala,357.0,10,-0.8660254037844386,0.5000000000000001,300.0,348.0,569.0,405.6666666666667,334.0
2017-11-01,Moneragala,334.0,11,-0.5000000000000004,0.8660254037844384,357.0,300.0,348.0,335.0,291.0
2017-12-01,Moneragala,291.0,12,-2.4492935982947064e-16,1.0,334.0,357.0,300.0,330.3333333333333,185.0
2018-01-01,Moneragala,185.0,1,0.49999999999999994,0.8660254037844387,291.0,334.0,357.0,327.3333333333333,120.0
2018-02-01,Moneragala,120.0,2,0.8660254037844386,0.5000000000000001,185.0,291.0,334.0,270.0,81.0
2018-03-01,Moneragala,81.0,3,1.0,6.123233995736766e-17,120.0,185.0,291.0,198.66666666666666,47.0
2018-04-01,Moneragala,47.0,4,0.8660254037844387,-0.4999999999999998,81.0,120.0,185.0,128.66666666666666,50.0
2018-05-01,Moneragala,50.0,5,0.49999999999999994,-0.8660254037844387,47.0,81.0,120.0,82.66666666666667,79.0
2018-06-01,Moneragala,79.0,6,1.2246467991473532e-16,-1.0,50.0,47.0,81.0,59.333333333333336,72.0
2018-07-01,Moneragala,72.0,7,-0.4999999999999997,-0.8660254037844388,79.0,50.0,47.0,58.666666666666664,70.0
2018-08-01,Moneragala,70.0,8,-0.8660254037844385,-0.5000000000000004,72.0,79.0,50.0,67.0,33.0
2018-09-01,Moneragala,33.0,9,-1.0,-1.8369701987210297e-16,70.0,72.0,79.0,73.66666666666667,29.0
2018-10-01,Moneragala,29.0,10,-0.8660254037844386,0.5000000000000001,33.0,70.0,72.0,58.333333333333336,34.0
2018-11-01,Moneragala,34.0,11,-0.5000000000000004,0.8660254037844384,29.0,33.0,70.0,44.0,54.0
2018-12-01,Moneragala,54.0,12,-2.4492935982947064e-16,1.0,34.0,29.0,33.0,32.0,60.0
2019-01-01,Moneragala,60.0,1,0.49999999999999994,0.8660254037844387,54.0,34.0,29.0,39.0,38.0
2019-02-01,Moneragala,38.0,2,0.8660254037844386,0.5000000000000001,60.0,54.0,34.0,49.333333333333336,49.0
2019-03-01,Moneragala,49.0,3,1.0,6.123233995736766e-17,38.0,60.0,54.0,50.666666666666664,39.0
2019-04-01,Moneragala,39.0,4,0.8660254037844387,-0.4999999999999998,49.0,38.0,60.0,49.0,29.0
2019-05-01,Moneragala,29.0,5,0.49999999999999994,-0.8660254037844387,39.0,49.0,38.0,42.0,59.0
2019-06-01,Moneragala,59.0,6,1.2246467991473532e-16,-1.0,29.0,39.0,49.0,39.0,48.0
2019-07-01,Moneragala,48.0,7,-0.4999999999999997,-0.8660254037844388,59.0,29.0,39.0,42.333333333333336,11.0
2019-08-01,Moneragala,11.0,8,-0.8660254037844385,-0.5000000000000004,48.0,59.0,29.0,45.333333333333336,0.0
2019-09-01,Moneragala,0.0,9,-1.0,-1.8369701987210297e-16,11.0,48.0,59.0,39.333333333333336,0.0
2019-10-01,Moneragala,0.0,10,-0.8660254037844386,0.5000000000000001,0.0,11.0,48.0,19.666666666666668,0.0
2019-11-01,Moneragala,0.0,11,-0.5000000000000004,0.8660254037844384,0.0,0.0,11.0,3.6666666666666665,0.0
2019-12-01,Moneragala,0.0,12,-2.4492935982947064e-16,1.0,0.0,0.0,0.0,0.0,0.0
2020-01-01,Moneragala,0.0,1,0.49999999999999994,0.8660254037844387,0.0,0.0,0.0,0.0,0.0
2020-02-01,Moneragala,0.0,2,0.8660254037844386,0.5000000000000001,0.0,0.0,0.0,0.0,0.0
2020-03-01,Moneragala,0.0,3,1.0,6.123233995736766e-17,0.0,0.0,0.0,0.0,0.0
2020-04-01,Moneragala,0.0,4,0.8660254037844387,-0.4999999999999998,0.0,0.0,0.0,0.0,0.0
2020-05-01,Moneragala,0.0,5,0.49999999999999994,-0.8660254037844387,0.0,0.0,0.0,0.0,0.0
2020-06-01,Moneragala,0.0,6,1.2246467991473532e-16,-1.0,0.0,0.0,0.0,0.0,0.0
2020-07-01,Moneragala,0.0,7,-0.4999999999999997,-0.8660254037844388,0.0,0.0,0.0,0.0,0.0
2020-08-01,Moneragala,0.0,8,-0.8660254037844385,-0.5000000000000004,0.0,0.0,0.0,0.0,0.0
2020-09-01,Moneragala,0.0,9,-1.0,-1.8369701987210297e-16,0.0,0.0,0.0,0.0,0.0
2020-10-01,Moneragala,0.0,10,-0.8660254037844386,0.5000000000000001,0.0,0.0,0.0,0.0,0.0
2020-11-01,Moneragala,0.0,11,-0.5000000000000004,0.8660254037844384,0.0,0.0,0.0,0.0,0.0
2020-12-01,Moneragala,0.0,12,-2.4492935982947064e-16,1.0,0.0,0.0,0.0,0.0,5.0
2021-01-01,Moneragala,5.0,1,0.49999999999999994,0.8660254037844387,0.0,0.0,0.0,0.0,9.0
2021-02-01,Moneragala,9.0,2,0.8660254037844386,0.5000000000000001,5.0,0.0,0.0,1.6666666666666667,16.0
2021-03-01,Moneragala,16.0,3,1.0,6.123233995736766e-17,9.0,5.0,0.0,4.666666666666667,16.0
2021-04-01,Moneragala,16.0,4,0.8660254037844387,-0.4999999999999998,16.0,9.0,5.0,10.0,5.0
2021-05-01,Moneragala,5.0,5,0.49999999999999994,-0.8660254037844387,16.0,16.0,9.0,13.666666666666666,15.0
2021-06-01,Moneragala,15.0,6,1.2246467991473532e-16,-1.0,5.0,16.0,16.0,12.333333333333334,24.0
2021-07-01,Moneragala,24.0,7,-0.4999999999999997,-0.8660254037844388,15.0,5.0,16.0,12.0,0.0
2021-08-01,Moneragala,0.0,8,-0.8660254037844385,-0.5000000000000004,24.0,15.0,5.0,14.666666666666666,0.0
2021-09-01,Moneragala,0.0,9,-1.0,-1.8369701987210297e-16,0.0,24.0,15.0,13.0,0.0
2021-10-01,Moneragala,0.0,10,-0.8660254037844386,0.5000000000000001,0.0,0.0,24.0,8.0,0.0
2021-11-01,Moneragala,0.0,11,-0.5000000000000004,0.8660254037844384,0.0,0.0,0.0,0.0,0.0
2010-04-01,Mulativu,0.0,4,0.8660254037844387,-0.4999999999999998,0.0,0.0,0.0,0.0,1.0
2010-05-01,Mulativu,1.0,5,0.49999999999999994,-0.8660254037844387,0.0,0.0,0.0,0.0,0.0
2010-06-01,Mulativu,0.0,6,1.2246467991473532e-16,-1.0,1.0,0.0,0.0,0.3333333333333333,2.0
2010-07-01,Mulativu,2.0,7,-0.4999999999999997,-0.8660254037844388,0.0,1.0,0.0,0.3333333333333333,8.0
2010-08-01,Mulativu,8.0,8,-0.8660254037844385,-0.5000000000000004,2.0,0.0,1.0,1.0,7.0
2010-09-01,Mulativu,7.0,9,-1.0,-1.8369701987210297e-16,8.0,2.0,0.0,3.3333333333333335,3.0
2010-10-01,Mulativu,3.0,10,-0.8660254037844386,0.5000000000000001,7.0,8.0,2.0,5.666666666666667,1.0
2010-11-01,Mulativu,1.0,11,-0.5000000000000004,0.8660254037844384,3.0,7.0,8.0,6.0,1.0
2010-12-01,Mulativu,1.0,12,-2.4492935982947064e-16,1.0,1.0,3.0,7.0,3.6666666666666665,2.0
2011-01-01,Mulativu,2.0,1,0.49999999999999994,0.8660254037844387,1.0,1.0,3.0,1.6666666666666667,3.0
2011-02-01,Mulativu,3.0,2,0.8660254037844386,0.5000000000000001,2.0,1.0,1.0,1.3333333333333333,0.0
2011-03-01,Mulativu,0.0,3,1.0,6.123233995736766e-17,3.0,2.0,1.0,2.0,1.0
2011-04-01,Mulativu,1.0,4,0.8660254037844387,-0.4999999999999998,0.0,3.0,2.0,1.6666666666666667,1.0
2011-05-01,Mulativu,1.0,5,0.49999999999999994,-0.8660254037844387,1.0,0.0,3.0,1.3333333333333333,7.0
2011-06-01,Mulativu,7.0,6,1.2246467991473532e-16,-1.0,1.0,1.0,0.0,0.6666666666666666,1.0
2011-07-01,Mulativu,1.0,7,-0.4999999999999997,-0.8660254037844388,7.0,1.0,1.0,3.0,0.0
2011-08-01,Mulativu,0.0,8,-0.8660254037844385,-0.5000000000000004,1.0,7.0,1.0,3.0,0.0
2011-09-01,Mulativu,0.0,9,-1.0,-1.8369701987210297e-16,0.0,1.0,7.0,2.6666666666666665,1.0
2011-10-01,Mulativu,1.0,10,-0.8660254037844386,0.5000000000000001,0.0,0.0,1.0,0.3333333333333333,2.0
2011-11-01,Mulativu,2.0,11,-0.5000000000000004,0.8660254037844384,1.0,0.0,0.0,0.3333333333333333,1.0
2011-12-01,Mulativu,1.0,12,-2.4492935982947064e-16,1.0,2.0,1.0,0.0,1.0,2.0
2012-01-01,Mulativu,2.0,1,0.49999999999999994,0.8660254037844387,1.0,2.0,1.0,1.3333333333333333,1.0
2012-02-01,Mulativu,1.0,2,0.8660254037844386,0.5000000000000001,2.0,1.0,2.0,1.6666666666666667,1.0
2012-03-01,Mulativu,1.0,3,1.0,6.123233995736766e-17,1.0,2.0,1.0,1.3333333333333333,1.0
2012-04-01,Mulativu,1.0,4,0.8660254037844387,-0.4999999999999998,1.0,1.0,2.0,1.3333333333333333,3.0
2012-05-01,Mulativu,3.0,5,0.49999999999999994,-0.8660254037844387,1.0,1.0,1.0,1.0,4.0
2012-06-01,Mulativu,4.0,6,1.2246467991473532e-16,-1.0,3.0,1.0,1.0,1.6666666666666667,5.0
2012-07-01,Mulativu,5.0,7,-0.4999999999999997,-0.8660254037844388,4.0,3.0,1.0,2.6666666666666665,3.0
2012-08-01,Mulativu,3.0,8,-0.8660254037844385,-0.5000000000000004,5.0,4.0,3.0,4.0,2.0
2012-09-01,Mulativu,2.0,9,-1.0,-1.8369701987210297e-16,3.0,5.0,4.0,4.0,0.0
2012-10-01,Mulativu,0.0,10,-0.8660254037844386,0.5000000000000001,2.0,3.0,5.0,3.3333333333333335,6.0
2012-11-01,Mulativu,6.0,11,-0.5000000000000004,0.8660254037844384,0.0,2.0,3.0,1.6666666666666667,14.0
2012-12-01,Mulativu,14.0,12,-2.4492935982947064e-16,1.0,6.0,0.0,2.0,2.6666666666666665,12.0
2013-01-01,Mulativu,12.0,1,0.49999999999999994,0.8660254037844387,14.0,6.0,0.0,6.666666666666667,7.0
2013-02-01,Mulativu,7.0,2,0.8660254037844386,0.5000000000000001,12.0,14.0,6.0,10.666666666666666,17.0
2013-03-01,Mulativu,17.0,3,1.0,6.123233995736766e-17,7.0,12.0,14.0,11.0,18.0
2013-04-01,Mulativu,18.0,4,0.8660254037844387,-0.4999999999999998,17.0,7.0,12.0,12.0,20.0
2013-05-01,Mulativu,20.0,5,0.49999999999999994,-0.8660254037844387,18.0,17.0,7.0,14.0,12.0
2013-06-01,Mulativu,12.0,6,1.2246467991473532e-16,-1.0,20.0,18.0,17.0,18.333333333333332,6.0
2013-07-01,Mulativu,6.0,7,-0.4999999999999997,-0.8660254037844388,12.0,20.0,18.0,16.666666666666668,8.0
2013-08-01,Mulativu,8.0,8,-0.8660254037844385,-0.5000000000000004,6.0,12.0,20.0,12.666666666666666,9.0
2013-09-01,Mulativu,9.0,9,-1.0,-1.8369701987210297e-16,8.0,6.0,12.0,8.666666666666666,6.0
2013-10-01,Mulativu,6.0,10,-0.8660254037844386,0.5000000000000001,9.0,8.0,6.0,7.666666666666667,10.0
2013-11-01,Mulativu,10.0,11,-0.5000000000000004,0.8660254037844384,6.0,9.0,8.0,7.666666666666667,2.0
2013-12-01,Mulativu,2.0,12,-2.4492935982947064e-16,1.0,10.0,6.0,9.0,8.333333333333334,23.0
2014-01-01,Mulativu,23.0,1,0.49999999999999994,0.8660254037844387,2.0,10.0,6.0,6.0,9.0
2014-02-01,Mulativu,9.0,2,0.8660254037844386,0.5000000000000001,23.0,2.0,10.0,11.666666666666666,17.0
2014-03-01,Mulativu,17.0,3,1.0,6.123233995736766e-17,9.0,23.0,2.0,11.333333333333334,4.0
2014-04-01,Mulativu,4.0,4,0.8660254037844387,-0.4999999999999998,17.0,9.0,23.0,16.333333333333332,6.0
2014-05-01,Mulativu,6.0,5,0.49999999999999994,-0.8660254037844387,4.0,17.0,9.0,10.0,10.0
2014-06-01,Mulativu,10.0,6,1.2246467991473532e-16,-1.0,6.0,4.0,17.0,9.0,6.0
2014-07-01,Mulativu,6.0,7,-0.4999999999999997,-0.8660254037844388,10.0,6.0,4.0,6.666666666666667,6.0
2014-08-01,Mulativu,6.0,8,-0.8660254037844385,-0.5000000000000004,6.0,10.0,6.0,7.333333333333333,5.0
2014-09-01,Mulativu,5.0,9,-1.0,-1.8369701987210297e-16,6.0,6.0,10.0,7.333333333333333,5.0
2014-10-01,Mulativu,5.0,10,-0.8660254037844386,0.5000000000000001,5.0,6.0,6.0,5.666666666666667,17.0
2014-11-01,Mulativu,17.0,11,-0.5000000000000004,0.8660254037844384,5.0,5.0,6.0,5.333333333333333,26.0
2014-12-01,Mulativu,26.0,12,-2.4492935982947064e-16,1.0,17.0,5.0,5.0,9.0,36.0
2015-01-01,Mulativu,36.0,1,0.49999999999999994,0.8660254037844387,26.0,17.0,5.0,16.0,17.0
2015-02-01,Mulativu,17.0,2,0.8660254037844386,0.5000000000000001,36.0,26.0,17.0,26.333333333333332,8.0
2015-03-01,Mulativu,8.0,3,1.0,6.123233995736766e-17,17.0,36.0,26.0,26.333333333333332,10.0
2015-04-01,Mulativu,10.0,4,0.8660254037844387,-0.4999999999999998,8.0,17.0,36.0,20.333333333333332,12.0
2015-05-01,Mulativu,12.0,5,0.49999999999999994,-0.8660254037844387,10.0,8.0,17.0,11.666666666666666,14.0
2015-06-01,Mulativu,14.0,6,1.2246467991473532e-16,-1.0,12.0,10.0,8.0,10.0,13.0
2015-07-01,Mulativu,13.0,7,-0.4999999999999997,-0.8660254037844388,14.0,12.0,10.0,12.0,7.0
2015-08-01,Mulativu,7.0,8,-0.8660254037844385,-0.5000000000000004,13.0,14.0,12.0,13.0,2.0
2015-09-01,Mulativu,2.0,9,-1.0,-1.8369701987210297e-16,7.0,13.0,14.0,11.333333333333334,2.0
2015-10-01,Mulativu,2.0,10,-0.8660254037844386,0.5000000000000001,2.0,7.0,13.0,7.333333333333333,6.0
2015-11-01,Mulativu,6.0,11,-0.5000000000000004,0.8660254037844384,2.0,2.0,7.0,3.6666666666666665,15.0
2015-12-01,Mulativu,15.0,12,-2.4492935982947064e-16,1.0,6.0,2.0,2.0,3.3333333333333335,29.0
2016-01-01,Mulativu,29.0,1,0.49999999999999994,0.8660254037844387,15.0,6.0,2.0,7.666666666666667,18.0
2016-02-01,Mulativu,18.0,2,0.8660254037844386,0.5000000000000001,29.0,15.0,6.0,16.666666666666668,19.0
2016-03-01,Mulativu,19.0,3,1.0,6.123233995736766e-17,18.0,29.0,15.0,20.666666666666668,22.0
2016-04-01,Mulativu,22.0,4,0.8660254037844387,-0.4999999999999998,19.0,18.0,29.0,22.0,9.0
2016-05-01,Mulativu,9.0,5,0.49999999999999994,-0.8660254037844387,22.0,19.0,18.0,19.666666666666668,18.0
2016-06-01,Mulativu,18.0,6,1.2246467991473532e-16,-1.0,9.0,22.0,19.0,16.666666666666668,22.0
2016-07-01,Mulativu,22.0,7,-0.4999999999999997,-0.8660254037844388,18.0,9.0,22.0,16.333333333333332,12.0
2016-08-01,Mulativu,12.0,8,-0.8660254037844385,-0.5000000000000004,22.0,18.0,9.0,16.333333333333332,7.0
2016-09-01,Mulativu,7.0,9,-1.0,-1.8369701987210297e-16,12.0,22.0,18.0,17.333333333333332,7.0
2016-10-01,Mulativu,7.0,10,-0.8660254037844386,0.5000000000000001,7.0,12.0,22.0,13.666666666666666,7.0
2016-11-01,Mulativu,7.0,11,-0.5000000000000004,0.8660254037844384,7.0,7.0,12.0,8.666666666666666,12.0
2016-12-01,Mulativu,12.0,12,-2.4492935982947064e-16,1.0,7.0,7.0,7.0,7.0,37.0
2017-01-01,Mulativu,37.0,1,0.49999999999999994,0.8660254037844387,12.0,7.0,7.0,8.666666666666666,32.0
2017-02-01,Mulativu,32.0,2,0.8660254037844386,0.5000000000000001,37.0,12.0,7.0,18.666666666666668,21.0
2017-03-01,Mulativu,21.0,3,1.0,6.123233995736766e-17,32.0,37.0,12.0,27.0,16.0
2017-04-01,Mulativu,16.0,4,0.8660254037844387,-0.4999999999999998,21.0,32.0,37.0,30.0,27.0
2017-05-01,Mulativu,27.0,5,0.49999999999999994,-0.8660254037844387,16.0,21.0,32.0,23.0,37.0
2017-06-01,Mulativu,37.0,6,1.2246467991473532e-16,-1.0,27.0,16.0,21.0,21.333333333333332,71.0
2017-07-01,Mulativu,71.0,7,-0.4999999999999997,-0.8660254037844388,37.0,27.0,16.0,26.666666666666668,50.0
2017-08-01,Mulativu,50.0,8,-0.8660254037844385,-0.5000000000000004,71.0,37.0,27.0,45.0,23.0
2017-09-01,Mulativu,23.0,9,-1.0,-1.8369701987210297e-16,50.0,71.0,37.0,52.666666666666664,16.0
2017-10-01,Mulativu,16.0,10,-0.8660254037844386,0.5000000000000001,23.0,50.0,71.0,48.0,24.0
2017-11-01,Mulativu,24.0,11,-0.5000000000000004,0.8660254037844384,16.0,23.0,50.0,29.666666666666668,40.0
2017-12-01,Mulativu,40.0,12,-2.4492935982947064e-16,1.0,24.0,16.0,23.0,21.0,10.0
2018-01-01,Mulativu,10.0,1,0.49999999999999994,0.8660254037844387,40.0,24.0,16.0,26.666666666666668,9.0
2018-02-01,Mulativu,9.0,2,0.8660254037844386,0.5000000000000001,10.0,40.0,24.0,24.666666666666668,6.0
2018-03-01,Mulativu,6.0,3,1.0,6.123233995736766e-17,9.0,10.0,40.0,19.666666666666668,4.0
2018-04-01,Mulativu,4.0,4,0.8660254037844387,-0.4999999999999998,6.0,9.0,10.0,8.333333333333334,5.0
2018-05-01,Mulativu,5.0,5,0.49999999999999994,-0.8660254037844387,4.0,6.0,9.0,6.333333333333333,17.0
2018-06-01,Mulativu,17.0,6,1.2246467991473532e-16,-1.0,5.0,4.0,6.0,5.0,17.0
2018-07-01,Mulativu,17.0,7,-0.4999999999999997,-0.8660254037844388,17.0,5.0,4.0,8.666666666666666,18.0
2018-08-01,Mulativu,18.0,8,-0.8660254037844385,-0.5000000000000004,17.0,17.0,5.0,13.0,7.0
2018-09-01,Mulativu,7.0,9,-1.0,-1.8369701987210297e-16,18.0,17.0,17.0,17.333333333333332,8.0
2018-10-01,Mulativu,8.0,10,-0.8660254037844386,0.5000000000000001,7.0,18.0,17.0,14.0,7.0
2018-11-01,Mulativu,7.0,11,-0.5000000000000004,0.8660254037844384,8.0,7.0,18.0,11.0,10.0
2018-12-01,Mulativu,10.0,12,-2.4492935982947064e-16,1.0,7.0,8.0,7.0,7.333333333333333,47.0
2019-01-01,Mulativu,47.0,1,0.49999999999999994,0.8660254037844387,10.0,7.0,8.0,8.333333333333334,31.0
2019-02-01,Mulativu,31.0,2,0.8660254037844386,0.5000000000000001,47.0,10.0,7.0,21.333333333333332,12.0
2019-03-01,Mulativu,12.0,3,1.0,6.123233995736766e-17,31.0,47.0,10.0,29.333333333333332,3.0
2019-04-01,Mulativu,3.0,4,0.8660254037844387,-0.4999999999999998,12.0,31.0,47.0,30.0,10.0
2019-05-01,Mulativu,10.0,5,0.49999999999999994,-0.8660254037844387,3.0,12.0,31.0,15.333333333333334,1.0
2019-06-01,Mulativu,1.0,6,1.2246467991473532e-16,-1.0,10.0,3.0,12.0,8.333333333333334,10.0
2019-07-01,Mulativu,10.0,7,-0.4999999999999997,-0.8660254037844388,1.0,10.0,3.0,4.666666666666667,7.0
2019-08-01,Mulativu,7.0,8,-0.8660254037844385,-0.5000000000000004,10.0,1.0,10.0,7.0,1.0
2019-09-01,Mulativu,1.0,9,-1.0,-1.8369701987210297e-16,7.0,10.0,1.0,6.0,18.0
2019-10-01,Mulativu,18.0,10,-0.8660254037844386,0.5000000000000001,1.0,7.0,10.0,6.0,56.0
2019-11-01,Mulativu,56.0,11,-0.5000000000000004,0.8660254037844384,18.0,1.0,7.0,8.666666666666666,72.0
2019-12-01,Mulativu,72.0,12,-2.4492935982947064e-16,1.0,56.0,18.0,1.0,25.0,58.0
2020-01-01,Mulativu,58.0,1,0.49999999999999994,0.8660254037844387,72.0,56.0,18.0,48.666666666666664,15.0
2020-02-01,Mulativu,15.0,2,0.8660254037844386,0.5000000000000001,58.0,72.0,56.0,62.0,2.0
2020-03-01,Mulativu,2.0,3,1.0,6.123233995736766e-17,15.0,58.0,72.0,48.333333333333336,1.0
2020-04-01,Mulativu,1.0,4,0.8660254037844387,-0.4999999999999998,2.0,15.0,58.0,25.0,1.0
2020-05-01,Mulativu,1.0,5,0.49999999999999994,-0.8660254037844387,1.0,2.0,15.0,6.0,2.0
2020-06-01,Mulativu,2.0,6,1.2246467991473532e-16,-1.0,1.0,1.0,2.0,1.3333333333333333,2.0
2020-07-01,Mulativu,2.0,7,-0.4999999999999997,-0.8660254037844388,2.0,1.0,1.0,1.3333333333333333,3.0
2020-08-01,Mulativu,3.0,8,-0.8660254037844385,-0.5000000000000004,2.0,2.0,1.0,1.6666666666666667,1.0
2020-09-01,Mulativu,1.0,9,-1.0,-1.8369701987210297e-16,3.0,2.0,2.0,2.3333333333333335,0.0
2020-10-01,Mulativu,0.0,10,-0.8660254037844386,0.5000000000000001,1.0,3.0,2.0,2.0,1.0
2020-11-01,Mulativu,1.0,11,-0.5000000000000004,0.8660254037844384,0.0,1.0,3.0,1.3333333333333333,4.0
2020-12-01,Mulativu,4.0,12,-2.4492935982947064e-16,1.0,1.0,0.0,1.0,0.6666666666666666,2.0
2021-01-01,Mulativu,2.0,1,0.49999999999999994,0.8660254037844387,4.0,1.0,0.0,1.6666666666666667,1.0
2021-02-01,Mulativu,1.0,2,0.8660254037844386,0.5000000000000001,2.0,4.0,1.0,2.3333333333333335,0.0
2021-03-01,Mulativu,0.0,3,1.0,6.123233995736766e-17,1.0,2.0,4.0,2.3333333333333335,0.0
2021-04-01,Mulativu,0.0,4,0.8660254037844387,-0.4999999999999998,0.0,1.0,2.0,1.0,2.0
2021-05-01,Mulativu,2.0,5,0.49999999999999994,-0.8660254037844387,0.0,0.0,1.0,0.3333333333333333,0.0
2021-06-01,Mulativu,0.0,6,1.2246467991473532e-16,-1.0,2.0,0.0,0.0,0.6666666666666666,0.0
2021-07-01,Mulativu,0.0,7,-0.4999999999999997,-0.8660254037844388,0.0,2.0,0.0,0.6666666666666666,0.0
2021-08-01,Mulativu,0.0,8,-0.8660254037844385,-0.5000000000000004,0.0,0.0,2.0,0.6666666666666666,0.0
2021-09-01,Mulativu,0.0,9,-1.0,-1.8369701987210297e-16,0.0,0.0,0.0,0.0,0.0
2021-10-01,Mulativu,0.0,10,-0.8660254037844386,0.5000000000000001,0.0,0.0,0.0,0.0,0.0
2021-11-01,Mulativu,0.0,11,-0.5000000000000004,0.8660254037844384,0.0,0.0,0.0,0.0,0.0
2010-04-01,N Eliya,6.0,4,0.8660254037844387,-0.4999999999999998,15.0,11.0,28.0,18.0,14.0
2010-05-01,N Eliya,14.0,5,0.49999999999999994,-0.8660254037844387,6.0,15.0,11.0,10.666666666666666,13.0
2010-06-01,N Eliya,13.0,6,1.2246467991473532e-16,-1.0,14.0,6.0,15.0,11.666666666666666,45.0
2010-07-01,N Eliya,45.0,7,-0.4999999999999997,-0.8660254037844388,13.0,14.0,6.0,11.0,44.0
2010-08-01,N Eliya,44.0,8,-0.8660254037844385,-0.5000000000000004,45.0,13.0,14.0,24.0,21.0
2010-09-01,N Eliya,21.0,9,-1.0,-1.8369701987210297e-16,44.0,45.0,13.0,34.0,21.0
2010-10-01,N Eliya,21.0,10,-0.8660254037844386,0.5000000000000001,21.0,44.0,45.0,36.666666666666664,6.0
2010-11-01,N Eliya,6.0,11,-0.5000000000000004,0.8660254037844384,21.0,21.0,44.0,28.666666666666668,3.0
2010-12-01,N Eliya,3.0,12,-2.4492935982947064e-16,1.0,6.0,21.0,21.0,16.0,3.0
2011-01-01,N Eliya,3.0,1,0.49999999999999994,0.8660254037844387,3.0,6.0,21.0,10.0,8.0
2011-02-01,N Eliya,8.0,2,0.8660254037844386,0.5000000000000001,3.0,3.0,6.0,4.0,9.0
2011-03-01,N Eliya,9.0,3,1.0,6.123233995736766e-17,8.0,3.0,3.0,4.666666666666667,19.0
2011-04-01,N Eliya,19.0,4,0.8660254037844387,-0.4999999999999998,9.0,8.0,3.0,6.666666666666667,17.0
2011-05-01,N Eliya,17.0,5,0.49999999999999994,-0.8660254037844387,19.0,9.0,8.0,12.0,20.0
2011-06-01,N Eliya,20.0,6,1.2246467991473532e-16,-1.0,17.0,19.0,9.0,15.0,50.0
2011-07-01,N Eliya,50.0,7,-0.4999999999999997,-0.8660254037844388,20.0,17.0,19.0,18.666666666666668,10.0
2011-08-01,N Eliya,10.0,8,-0.8660254037844385,-0.5000000000000004,50.0,20.0,17.0,29.0,31.0
2011-09-01,N Eliya,31.0,9,-1.0,-1.8369701987210297e-16,10.0,50.0,20.0,26.666666666666668,43.0
2011-10-01,N Eliya,43.0,10,-0.8660254037844386,0.5000000000000001,31.0,10.0,50.0,30.333333333333332,17.0
2011-11-01,N Eliya,17.0,11,-0.5000000000000004,0.8660254037844384,43.0,31.0,10.0,28.0,25.0
2011-12-01,N Eliya,25.0,12,-2.4492935982947064e-16,1.0,17.0,43.0,31.0,30.333333333333332,24.0
2012-01-01,N Eliya,24.0,1,0.49999999999999994,0.8660254037844387,25.0,17.0,43.0,28.333333333333332,35.0
2012-02-01,N Eliya,35.0,2,0.8660254037844386,0.5000000000000001,24.0,25.0,17.0,22.0,41.0
2012-03-01,N Eliya,41.0,3,1.0,6.123233995736766e-17,35.0,24.0,25.0,28.0,25.0
2012-04-01,N Eliya,25.0,4,0.8660254037844387,-0.4999999999999998,41.0,35.0,24.0,33.333333333333336,18.0
2012-05-01,N Eliya,18.0,5,0.49999999999999994,-0.8660254037844387,25.0,41.0,35.0,33.666666666666664,58.0
2012-06-01,N Eliya,58.0,6,1.2246467991473532e-16,-1.0,18.0,25.0,41.0,28.0,30.0
2012-07-01,N Eliya,30.0,7,-0.4999999999999997,-0.8660254037844388,58.0,18.0,25.0,33.666666666666664,30.0
2012-08-01,N Eliya,30.0,8,-0.8660254037844385,-0.5000000000000004,30.0,58.0,18.0,35.333333333333336,21.0
2012-09-01,N Eliya,21.0,9,-1.0,-1.8369701987210297e-16,30.0,30.0,58.0,39.333333333333336,17.0
2012-10-01,N Eliya,17.0,10,-0.8660254037844386,0.5000000000000001,21.0,30.0,30.0,27.0,30.0
2012-11-01,N Eliya,30.0,11,-0.5000000000000004,0.8660254037844384,17.0,21.0,30.0,22.666666666666668,13.0
2012-12-01,N Eliya,13.0,12,-2.4492935982947064e-16,1.0,30.0,17.0,21.0,22.666666666666668,17.0
2013-01-01,N Eliya,17.0,1,0.49999999999999994,0.8660254037844387,13.0,30.0,17.0,20.0,32.0
2013-02-01,N Eliya,32.0,2,0.8660254037844386,0.5000000000000001,17.0,13.0,30.0,20.0,30.0
2013-03-01,N Eliya,30.0,3,1.0,6.123233995736766e-17,32.0,17.0,13.0,20.666666666666668,15.0
2013-04-01,N Eliya,15.0,4,0.8660254037844387,-0.4999999999999998,30.0,32.0,17.0,26.333333333333332,16.0
2013-05-01,N Eliya,16.0,5,0.49999999999999994,-0.8660254037844387,15.0,30.0,32.0,25.666666666666668,21.0
2013-06-01,N Eliya,21.0,6,1.2246467991473532e-16,-1.0,16.0,15.0,30.0,20.333333333333332,27.0
2013-07-01,N Eliya,27.0,7,-0.4999999999999997,-0.8660254037844388,21.0,16.0,15.0,17.333333333333332,40.0
2013-08-01,N Eliya,40.0,8,-0.8660254037844385,-0.5000000000000004,27.0,21.0,16.0,21.333333333333332,13.0
2013-09-01,N Eliya,13.0,9,-1.0,-1.8369701987210297e-16,40.0,27.0,21.0,29.333333333333332,16.0
2013-10-01,N Eliya,16.0,10,-0.8660254037844386,0.5000000000000001,13.0,40.0,27.0,26.666666666666668,18.0
2013-11-01,N Eliya,18.0,11,-0.5000000000000004,0.8660254037844384,16.0,13.0,40.0,23.0,27.0
2013-12-01,N Eliya,27.0,12,-2.4492935982947064e-16,1.0,18.0,16.0,13.0,15.666666666666666,27.0
2014-01-01,N Eliya,27.0,1,0.49999999999999994,0.8660254037844387,27.0,18.0,16.0,20.333333333333332,14.0
2014-02-01,N Eliya,14.0,2,0.8660254037844386,0.5000000000000001,27.0,27.0,18.0,24.0,6.0
2014-03-01,N Eliya,6.0,3,1.0,6.123233995736766e-17,14.0,27.0,27.0,22.666666666666668,11.0
2014-04-01,N Eliya,11.0,4,0.8660254037844387,-0.4999999999999998,6.0,14.0,27.0,15.666666666666666,25.0
2014-05-01,N Eliya,25.0,5,0.49999999999999994,-0.8660254037844387,11.0,6.0,14.0,10.333333333333334,60.0
2014-06-01,N Eliya,60.0,6,1.2246467991473532e-16,-1.0,25.0,11.0,6.0,14.0,39.0
2014-07-01,N Eliya,39.0,7,-0.4999999999999997,-0.8660254037844388,60.0,25.0,11.0,32.0,34.0
2014-08-01,N Eliya,34.0,8,-0.8660254037844385,-0.5000000000000004,39.0,60.0,25.0,41.333333333333336,18.0
2014-09-01,N Eliya,18.0,9,-1.0,-1.8369701987210297e-16,34.0,39.0,60.0,44.333333333333336,29.0
2014-10-01,N Eliya,29.0,10,-0.8660254037844386,0.5000000000000001,18.0,34.0,39.0,30.333333333333332,16.0
2014-11-01,N Eliya,16.0,11,-0.5000000000000004,0.8660254037844384,29.0,18.0,34.0,27.0,35.0
2014-12-01,N Eliya,35.0,12,-2.4492935982947064e-16,1.0,16.0,29.0,18.0,21.0,38.0
2015-01-01,N Eliya,38.0,1,0.49999999999999994,0.8660254037844387,35.0,16.0,29.0,26.666666666666668,26.0
2015-02-01,N Eliya,26.0,2,0.8660254037844386,0.5000000000000001,38.0,35.0,16.0,29.666666666666668,13.0
2015-03-01,N Eliya,13.0,3,1.0,6.123233995736766e-17,26.0,38.0,35.0,33.0,5.0
2015-04-01,N Eliya,5.0,4,0.8660254037844387,-0.4999999999999998,13.0,26.0,38.0,25.666666666666668,8.0
2015-05-01,N Eliya,8.0,5,0.49999999999999994,-0.8660254037844387,5.0,13.0,26.0,14.666666666666666,8.0
2015-06-01,N Eliya,8.0,6,1.2246467991473532e-16,-1.0,8.0,5.0,13.0,8.666666666666666,15.0
2015-07-01,N Eliya,15.0,7,-0.4999999999999997,-0.8660254037844388,8.0,8.0,5.0,7.0,5.0
2015-08-01,N Eliya,5.0,8,-0.8660254037844385,-0.5000000000000004,15.0,8.0,8.0,10.333333333333334,6.0
2015-09-01,N Eliya,6.0,9,-1.0,-1.8369701987210297e-16,5.0,15.0,8.0,9.333333333333334,15.0
2015-10-01,N Eliya,15.0,10,-0.8660254037844386,0.5000000000000001,6.0,5.0,15.0,8.666666666666666,14.0
2015-11-01,N Eliya,14.0,11,-0.5000000000000004,0.8660254037844384,15.0,6.0,5.0,8.666666666666666,27.0
2015-12-01,N Eliya,27.0,12,-2.4492935982947064e-16,1.0,14.0,15.0,6.0,11.666666666666666,44.0
2016-01-01,N Eliya,44.0,1,0.49999999999999994,0.8660254037844387,27.0,14.0,15.0,18.666666666666668,22.0
2016-02-01,N Eliya,22.0,2,0.8660254037844386,0.5000000000000001,44.0,27.0,14.0,28.333333333333332,20.0
2016-03-01,N Eliya,20.0,3,1.0,6.123233995736766e-17,22.0,44.0,27.0,31.0,31.0
2016-04-01,N Eliya,31.0,4,0.8660254037844387,-0.4999999999999998,20.0,22.0,44.0,28.666666666666668,18.0
2016-05-01,N Eliya,18.0,5,0.49999999999999994,-0.8660254037844387,31.0,20.0,22.0,24.333333333333332,38.0
2016-06-01,N Eliya,38.0,6,1.2246467991473532e-16,-1.0,18.0,31.0,20.0,23.0,111.0
2016-07-01,N Eliya,111.0,7,-0.4999999999999997,-0.8660254037844388,38.0,18.0,31.0,29.0,51.0
2016-08-01,N Eliya,51.0,8,-0.8660254037844385,-0.5000000000000004,111.0,38.0,18.0,55.666666666666664,25.0
2016-09-01,N Eliya,25.0,9,-1.0,-1.8369701987210297e-16,51.0,111.0,38.0,66.66666666666667,18.0
2016-10-01,N Eliya,18.0,10,-0.8660254037844386,0.5000000000000001,25.0,51.0,111.0,62.333333333333336,12.0
2016-11-01,N Eliya,12.0,11,-0.5000000000000004,0.8660254037844384,18.0,25.0,51.0,31.333333333333332,31.0
2016-12-01,N Eliya,31.0,12,-2.4492935982947064e-16,1.0,12.0,18.0,25.0,18.333333333333332,50.0
2017-01-01,N Eliya,50.0,1,0.49999999999999994,0.8660254037844387,31.0,12.0,18.0,20.333333333333332,32.0
2017-02-01,N Eliya,32.0,2,0.8660254037844386,0.5000000000000001,50.0,31.0,12.0,31.0,42.0
2017-03-01,N Eliya,42.0,3,1.0,6.123233995736766e-17,32.0,50.0,31.0,37.666666666666664,37.0
2017-04-01,N Eliya,37.0,4,0.8660254037844387,-0.4999999999999998,42.0,32.0,50.0,41.333333333333336,57.0
2017-05-01,N Eliya,57.0,5,0.49999999999999994,-0.8660254037844387,37.0,42.0,32.0,37.0,94.0
2017-06-01,N Eliya,94.0,6,1.2246467991473532e-16,-1.0,57.0,37.0,42.0,45.333333333333336,294.0
2017-07-01,N Eliya,294.0,7,-0.4999999999999997,-0.8660254037844388,94.0,57.0,37.0,62.666666666666664,159.0
2017-08-01,N Eliya,159.0,8,-0.8660254037844385,-0.5000000000000004,294.0,94.0,57.0,148.33333333333334,39.0
2017-09-01,N Eliya,39.0,9,-1.0,-1.8369701987210297e-16,159.0,294.0,94.0,182.33333333333334,27.0
2017-10-01,N Eliya,27.0,10,-0.8660254037844386,0.5000000000000001,39.0,159.0,294.0,164.0,22.0
2017-11-01,N Eliya,22.0,11,-0.5000000000000004,0.8660254037844384,27.0,39.0,159.0,75.0,39.0
2017-12-01,N Eliya,39.0,12,-2.4492935982947064e-16,1.0,22.0,27.0,39.0,29.333333333333332,23.0
2018-01-01,N Eliya,23.0,1,0.49999999999999994,0.8660254037844387,39.0,22.0,27.0,29.333333333333332,16.0
2018-02-01,N Eliya,16.0,2,0.8660254037844386,0.5000000000000001,23.0,39.0,22.0,28.0,10.0
2018-03-01,N Eliya,10.0,3,1.0,6.123233995736766e-17,16.0,23.0,39.0,26.0,15.0
2018-04-01,N Eliya,15.0,4,0.8660254037844387,-0.4999999999999998,10.0,16.0,23.0,16.333333333333332,15.0
2018-05-01,N Eliya,15.0,5,0.49999999999999994,-0.8660254037844387,15.0,10.0,16.0,13.666666666666666,15.0
2018-06-01,N Eliya,15.0,6,1.2246467991473532e-16,-1.0,15.0,15.0,10.0,13.333333333333334,37.0
2018-07-01,N Eliya,37.0,7,-0.4999999999999997,-0.8660254037844388,15.0,15.0,15.0,15.0,23.0
2018-08-01,N Eliya,23.0,8,-0.8660254037844385,-0.5000000000000004,37.0,15.0,15.0,22.333333333333332,11.0
2018-09-01,N Eliya,11.0,9,-1.0,-1.8369701987210297e-16,23.0,37.0,15.0,25.0,13.0
2018-10-01,N Eliya,13.0,10,-0.8660254037844386,0.5000000000000001,11.0,23.0,37.0,23.666666666666668,14.0
2018-11-01,N Eliya,14.0,11,-0.5000000000000004,0.8660254037844384,13.0,11.0,23.0,15.666666666666666,15.0
2018-12-01,N Eliya,15.0,12,-2.4492935982947064e-16,1.0,14.0,13.0,11.0,12.666666666666666,26.0
2019-01-01,N Eliya,26.0,1,0.49999999999999994,0.8660254037844387,15.0,14.0,13.0,14.0,17.0
2019-02-01,N Eliya,17.0,2,0.8660254037844386,0.5000000000000001,26.0,15.0,14.0,18.333333333333332,12.0
2019-03-01,N Eliya,12.0,3,1.0,6.123233995736766e-17,17.0,26.0,15.0,19.333333333333332,7.0
2019-04-01,N Eliya,7.0,4,0.8660254037844387,-0.4999999999999998,12.0,17.0,26.0,18.333333333333332,19.0
2019-05-01,N Eliya,19.0,5,0.49999999999999994,-0.8660254037844387,7.0,12.0,17.0,12.0,22.0
2019-06-01,N Eliya,22.0,6,1.2246467991473532e-16,-1.0,19.0,7.0,12.0,12.666666666666666,33.0
2019-07-01,N Eliya,33.0,7,-0.4999999999999997,-0.8660254037844388,22.0,19.0,7.0,16.0,31.0
2019-08-01,N Eliya,31.0,8,-0.8660254037844385,-0.5000000000000004,33.0,22.0,19.0,24.666666666666668,32.0
2019-09-01,N Eliya,32.0,9,-1.0,-1.8369701987210297e-16,31.0,33.0,22.0,28.666666666666668,52.0
2019-10-01,N Eliya,52.0,10,-0.8660254037844386,0.5000000000000001,32.0,31.0,33.0,32.0,97.0
2019-11-01,N Eliya,97.0,11,-0.5000000000000004,0.8660254037844384,52.0,32.0,31.0,38.333333333333336,90.0
2019-12-01,N Eliya,90.0,12,-2.4492935982947064e-16,1.0,97.0,52.0,32.0,60.333333333333336,77.0
2020-01-01,N Eliya,77.0,1,0.49999999999999994,0.8660254037844387,90.0,97.0,52.0,79.66666666666667,28.0
2020-02-01,N Eliya,28.0,2,0.8660254037844386,0.5000000000000001,77.0,90.0,97.0,88.0,16.0
2020-03-01,N Eliya,16.0,3,1.0,6.123233995736766e-17,28.0,77.0,90.0,65.0,1.0
2020-04-01,N Eliya,1.0,4,0.8660254037844387,-0.4999999999999998,16.0,28.0,77.0,40.333333333333336,2.0
2020-05-01,N Eliya,2.0,5,0.49999999999999994,-0.8660254037844387,1.0,16.0,28.0,15.0,11.0
2020-06-01,N Eliya,11.0,6,1.2246467991473532e-16,-1.0,2.0,1.0,16.0,6.333333333333333,14.0
2020-07-01,N Eliya,14.0,7,-0.4999999999999997,-0.8660254037844388,11.0,2.0,1.0,4.666666666666667,9.0
2020-08-01,N Eliya,9.0,8,-0.8660254037844385,-0.5000000000000004,14.0,11.0,2.0,9.0,8.0
2020-09-01,N Eliya,8.0,9,-1.0,-1.8369701987210297e-16,9.0,14.0,11.0,11.333333333333334,1.0
2020-10-01,N Eliya,1.0,10,-0.8660254037844386,0.5000000000000001,8.0,9.0,14.0,10.333333333333334,0.0
2020-11-01,N Eliya,0.0,11,-0.5000000000000004,0.8660254037844384,1.0,8.0,9.0,6.0,1.0
2020-12-01,N Eliya,1.0,12,-2.4492935982947064e-16,1.0,0.0,1.0,8.0,3.0,5.0
2021-01-01,N Eliya,5.0,1,0.49999999999999994,0.8660254037844387,1.0,0.0,1.0,0.6666666666666666,1.0
2021-02-01,N Eliya,1.0,2,0.8660254037844386,0.5000000000000001,5.0,1.0,0.0,2.0,8.0
2021-03-01,N Eliya,8.0,3,1.0,6.123233995736766e-17,1.0,5.0,1.0,2.3333333333333335,9.0
2021-04-01,N Eliya,9.0,4,0.8660254037844387,-0.4999999999999998,8.0,1.0,5.0,4.666666666666667,4.0
2021-05-01,N Eliya,4.0,5,0.49999999999999994,-0.8660254037844387,9.0,8.0,1.0,6.0,3.0
2021-06-01,N Eliya,3.0,6,1.2246467991473532e-16,-1.0,4.0,9.0,8.0,7.0,5.0
2021-07-01,N Eliya,5.0,7,-0.4999999999999997,-0.8660254037844388,3.0,4.0,9.0,5.333333333333333,0.0
2021-08-01,N Eliya,0.0,8,-0.8660254037844385,-0.5000000000000004,5.0,3.0,4.0,4.0,0.0
2021-09-01,N Eliya,0.0,9,-1.0,-1.8369701987210297e-16,0.0,5.0,3.0,2.6666666666666665,0.0
2021-10-01,N Eliya,0.0,10,-0.8660254037844386,0.5000000000000001,0.0,0.0,5.0,1.6666666666666667,0.0
2021-11-01,N Eliya,0.0,11,-0.5000000000000004,0.8660254037844384,0.0,0.0,0.0,0.0,0.0
2010-04-01,Polonnaruwa,50.0,4,0.8660254037844387,-0.4999999999999998,34.0,42.0,33.0,36.333333333333336,60.0
2010-05-01,Polonnaruwa,60.0,5,0.49999999999999994,-0.8660254037844387,50.0,34.0,42.0,42.0,61.0
2010-06-01,Polonnaruwa,61.0,6,1.2246467991473532e-16,-1.0,60.0,50.0,34.0,48.0,51.0
2010-07-01,Polonnaruwa,51.0,7,-0.4999999999999997,-0.8660254037844388,61.0,60.0,50.0,57.0,30.0
2010-08-01,Polonnaruwa,30.0,8,-0.8660254037844385,-0.5000000000000004,51.0,61.0,60.0,57.333333333333336,21.0
2010-09-01,Polonnaruwa,21.0,9,-1.0,-1.8369701987210297e-16,30.0,51.0,61.0,47.333333333333336,8.0
2010-10-01,Polonnaruwa,8.0,10,-0.8660254037844386,0.5000000000000001,21.0,30.0,51.0,34.0,5.0
2010-11-01,Polonnaruwa,5.0,11,-0.5000000000000004,0.8660254037844384,8.0,21.0,30.0,19.666666666666668,7.0
2010-12-01,Polonnaruwa,7.0,12,-2.4492935982947064e-16,1.0,5.0,8.0,21.0,11.333333333333334,5.0
2011-01-01,Polonnaruwa,5.0,1,0.49999999999999994,0.8660254037844387,7.0,5.0,8.0,6.666666666666667,38.0
2011-02-01,Polonnaruwa,38.0,2,0.8660254037844386,0.5000000000000001,5.0,7.0,5.0,5.666666666666667,20.0
2011-03-01,Polonnaruwa,20.0,3,1.0,6.123233995736766e-17,38.0,5.0,7.0,16.666666666666668,28.0
2011-04-01,Polonnaruwa,28.0,4,0.8660254037844387,-0.4999999999999998,20.0,38.0,5.0,21.0,38.0
2011-05-01,Polonnaruwa,38.0,5,0.49999999999999994,-0.8660254037844387,28.0,20.0,38.0,28.666666666666668,44.0
2011-06-01,Polonnaruwa,44.0,6,1.2246467991473532e-16,-1.0,38.0,28.0,20.0,28.666666666666668,36.0
2011-07-01,Polonnaruwa,36.0,7,-0.4999999999999997,-0.8660254037844388,44.0,38.0,28.0,36.666666666666664,23.0
2011-08-01,Polonnaruwa,23.0,8,-0.8660254037844385,-0.5000000000000004,36.0,44.0,38.0,39.333333333333336,18.0
2011-09-01,Polonnaruwa,18.0,9,-1.0,-1.8369701987210297e-16,23.0,36.0,44.0,34.333333333333336,16.0
2011-10-01,Polonnaruwa,16.0,10,-0.8660254037844386,0.5000000000000001,18.0,23.0,36.0,25.666666666666668,6.0
2011-11-01,Polonnaruwa,6.0,11,-0.5000000000000004,0.8660254037844384,16.0,18.0,23.0,19.0,32.0
2011-12-01,Polonnaruwa,32.0,12,-2.4492935982947064e-16,1.0,6.0,16.0,18.0,13.333333333333334,25.0
2012-01-01,Polonnaruwa,25.0,1,0.49999999999999994,0.8660254037844387,32.0,6.0,16.0,18.0,27.0
2012-02-01,Polonnaruwa,27.0,2,0.8660254037844386,0.5000000000000001,25.0,32.0,6.0,21.0,21.0
2012-03-01,Polonnaruwa,21.0,3,1.0,6.123233995736766e-17,27.0,25.0,32.0,28.0,11.0
2012-04-01,Polonnaruwa,11.0,4,0.8660254037844387,-0.4999999999999998,21.0,27.0,25.0,24.333333333333332,17.0
2012-05-01,Polonnaruwa,17.0,5,0.49999999999999994,-0.8660254037844387,11.0,21.0,27.0,19.666666666666668,37.0
2012-06-01,Polonnaruwa,37.0,6,1.2246467991473532e-16,-1.0,17.0,11.0,21.0,16.333333333333332,22.0
2012-07-01,Polonnaruwa,22.0,7,-0.4999999999999997,-0.8660254037844388,37.0,17.0,11.0,21.666666666666668,38.0
2012-08-01,Polonnaruwa,38.0,8,-0.8660254037844385,-0.5000000000000004,22.0,37.0,17.0,25.333333333333332,12.0
2012-09-01,Polonnaruwa,12.0,9,-1.0,-1.8369701987210297e-16,38.0,22.0,37.0,32.333333333333336,21.0
2012-10-01,Polonnaruwa,21.0,10,-0.8660254037844386,0.5000000000000001,12.0,38.0,22.0,24.0,15.0
2012-11-01,Polonnaruwa,15.0,11,-0.5000000000000004,0.8660254037844384,21.0,12.0,38.0,23.666666666666668,43.0
2012-12-01,Polonnaruwa,43.0,12,-2.4492935982947064e-16,1.0,15.0,21.0,12.0,16.0,34.0
2013-01-01,Polonnaruwa,34.0,1,0.49999999999999994,0.8660254037844387,43.0,15.0,21.0,26.333333333333332,40.0
2013-02-01,Polonnaruwa,40.0,2,0.8660254037844386,0.5000000000000001,34.0,43.0,15.0,30.666666666666668,47.0
2013-03-01,Polonnaruwa,47.0,3,1.0,6.123233995736766e-17,40.0,34.0,43.0,39.0,41.0
2013-04-01,Polonnaruwa,41.0,4,0.8660254037844387,-0.4999999999999998,47.0,40.0,34.0,40.333333333333336,28.0
2013-05-01,Polonnaruwa,28.0,5,0.49999999999999994,-0.8660254037844387,41.0,47.0,40.0,42.666666666666664,19.0
2013-06-01,Polonnaruwa,19.0,6,1.2246467991473532e-16,-1.0,28.0,41.0,47.0,38.666666666666664,43.0
2013-07-01,Polonnaruwa,43.0,7,-0.4999999999999997,-0.8660254037844388,19.0,28.0,41.0,29.333333333333332,76.0
2013-08-01,Polonnaruwa,76.0,8,-0.8660254037844385,-0.5000000000000004,43.0,19.0,28.0,30.0,47.0
2013-09-01,Polonnaruwa,47.0,9,-1.0,-1.8369701987210297e-16,76.0,43.0,19.0,46.0,41.0
2013-10-01,Polonnaruwa,41.0,10,-0.8660254037844386,0.5000000000000001,47.0,76.0,43.0,55.333333333333336,45.0
2013-11-01,Polonnaruwa,45.0,11,-0.5000000000000004,0.8660254037844384,41.0,47.0,76.0,54.666666666666664,46.0
2013-12-01,Polonnaruwa,46.0,12,-2.4492935982947064e-16,1.0,45.0,41.0,47.0,44.333333333333336,75.0
2014-01-01,Polonnaruwa,75.0,1,0.49999999999999994,0.8660254037844387,46.0,45.0,41.0,44.0,45.0
2014-02-01,Polonnaruwa,45.0,2,0.8660254037844386,0.5000000000000001,75.0,46.0,45.0,55.333333333333336,38.0
2014-03-01,Polonnaruwa,38.0,3,1.0,6.123233995736766e-17,45.0,75.0,46.0,55.333333333333336,33.0
2014-04-01,Polonnaruwa,33.0,4,0.8660254037844387,-0.4999999999999998,38.0,45.0,75.0,52.666666666666664,24.0
2014-05-01,Polonnaruwa,24.0,5,0.49999999999999994,-0.8660254037844387,33.0,38.0,45.0,38.666666666666664,62.0
2014-06-01,Polonnaruwa,62.0,6,1.2246467991473532e-16,-1.0,24.0,33.0,38.0,31.666666666666668,79.0
2014-07-01,Polonnaruwa,79.0,7,-0.4999999999999997,-0.8660254037844388,62.0,24.0,33.0,39.666666666666664,33.0
2014-08-01,Polonnaruwa,33.0,8,-0.8660254037844385,-0.5000000000000004,79.0,62.0,24.0,55.0,27.0
2014-09-01,Polonnaruwa,27.0,9,-1.0,-1.8369701987210297e-16,33.0,79.0,62.0,58.0,42.0
2014-10-01,Polonnaruwa,42.0,10,-0.8660254037844386,0.5000000000000001,27.0,33.0,79.0,46.333333333333336,53.0
2014-11-01,Polonnaruwa,53.0,11,-0.5000000000000004,0.8660254037844384,42.0,27.0,33.0,34.0,47.0
2014-12-01,Polonnaruwa,47.0,12,-2.4492935982947064e-16,1.0,53.0,42.0,27.0,40.666666666666664,47.0
2015-01-01,Polonnaruwa,47.0,1,0.49999999999999994,0.8660254037844387,47.0,53.0,42.0,47.333333333333336,48.0
2015-02-01,Polonnaruwa,48.0,2,0.8660254037844386,0.5000000000000001,47.0,47.0,53.0,49.0,13.0
2015-03-01,Polonnaruwa,13.0,3,1.0,6.123233995736766e-17,48.0,47.0,47.0,47.333333333333336,9.0
2015-04-01,Polonnaruwa,9.0,4,0.8660254037844387,-0.4999999999999998,13.0,48.0,47.0,36.0,12.0
2015-05-01,Polonnaruwa,12.0,5,0.49999999999999994,-0.8660254037844387,9.0,13.0,48.0,23.333333333333332,9.0
2015-06-01,Polonnaruwa,9.0,6,1.2246467991473532e-16,-1.0,12.0,9.0,13.0,11.333333333333334,18.0
2015-07-01,Polonnaruwa,18.0,7,-0.4999999999999997,-0.8660254037844388,9.0,12.0,9.0,10.0,12.0
2015-08-01,Polonnaruwa,12.0,8,-0.8660254037844385,-0.5000000000000004,18.0,9.0,12.0,13.0,8.0
2015-09-01,Polonnaruwa,8.0,9,-1.0,-1.8369701987210297e-16,12.0,18.0,9.0,13.0,21.0
2015-10-01,Polonnaruwa,21.0,10,-0.8660254037844386,0.5000000000000001,8.0,12.0,18.0,12.666666666666666,25.0
2015-11-01,Polonnaruwa,25.0,11,-0.5000000000000004,0.8660254037844384,21.0,8.0,12.0,13.666666666666666,28.0
2015-12-01,Polonnaruwa,28.0,12,-2.4492935982947064e-16,1.0,25.0,21.0,8.0,18.0,60.0
2016-01-01,Polonnaruwa,60.0,1,0.49999999999999994,0.8660254037844387,28.0,25.0,21.0,24.666666666666668,48.0
2016-02-01,Polonnaruwa,48.0,2,0.8660254037844386,0.5000000000000001,60.0,28.0,25.0,37.666666666666664,24.0
2016-03-01,Polonnaruwa,24.0,3,1.0,6.123233995736766e-17,48.0,60.0,28.0,45.333333333333336,33.0
2016-04-01,Polonnaruwa,33.0,4,0.8660254037844387,-0.4999999999999998,24.0,48.0,60.0,44.0,20.0
2016-05-01,Polonnaruwa,20.0,5,0.49999999999999994,-0.8660254037844387,33.0,24.0,48.0,35.0,31.0
2016-06-01,Polonnaruwa,31.0,6,1.2246467991473532e-16,-1.0,20.0,33.0,24.0,25.666666666666668,110.0
2016-07-01,Polonnaruwa,110.0,7,-0.4999999999999997,-0.8660254037844388,31.0,20.0,33.0,28.0,38.0
2016-08-01,Polonnaruwa,38.0,8,-0.8660254037844385,-0.5000000000000004,110.0,31.0,20.0,53.666666666666664,27.0
2016-09-01,Polonnaruwa,27.0,9,-1.0,-1.8369701987210297e-16,38.0,110.0,31.0,59.666666666666664,22.0
2016-10-01,Polonnaruwa,22.0,10,-0.8660254037844386,0.5000000000000001,27.0,38.0,110.0,58.333333333333336,23.0
2016-11-01,Polonnaruwa,23.0,11,-0.5000000000000004,0.8660254037844384,22.0,27.0,38.0,29.0,43.0
2016-12-01,Polonnaruwa,43.0,12,-2.4492935982947064e-16,1.0,23.0,22.0,27.0,24.0,54.0
2017-01-01,Polonnaruwa,54.0,1,0.49999999999999994,0.8660254037844387,43.0,23.0,22.0,29.333333333333332,64.0
2017-02-01,Polonnaruwa,64.0,2,0.8660254037844386,0.5000000000000001,54.0,43.0,23.0,40.0,98.0
2017-03-01,Polonnaruwa,98.0,3,1.0,6.123233995736766e-17,64.0,54.0,43.0,53.666666666666664,172.0
2017-04-01,Polonnaruwa,172.0,4,0.8660254037844387,-0.4999999999999998,98.0,64.0,54.0,72.0,160.0
2017-05-01,Polonnaruwa,160.0,5,0.49999999999999994,-0.8660254037844387,172.0,98.0,64.0,111.33333333333333,190.0
2017-06-01,Polonnaruwa,190.0,6,1.2246467991473532e-16,-1.0,160.0,172.0,98.0,143.33333333333334,320.0
2017-07-01,Polonnaruwa,320.0,7,-0.4999999999999997,-0.8660254037844388,190.0,160.0,172.0,174.0,104.0
2017-08-01,Polonnaruwa,104.0,8,-0.8660254037844385,-0.5000000000000004,320.0,190.0,160.0,223.33333333333334,54.0
2017-09-01,Polonnaruwa,54.0,9,-1.0,-1.8369701987210297e-16,104.0,320.0,190.0,204.66666666666666,56.0
2017-10-01,Polonnaruwa,56.0,10,-0.8660254037844386,0.5000000000000001,54.0,104.0,320.0,159.33333333333334,65.0
2017-11-01,Polonnaruwa,65.0,11,-0.5000000000000004,0.8660254037844384,56.0,54.0,104.0,71.33333333333333,73.0
2017-12-01,Polonnaruwa,73.0,12,-2.4492935982947064e-16,1.0,65.0,56.0,54.0,58.333333333333336,45.0
2018-01-01,Polonnaruwa,45.0,1,0.49999999999999994,0.8660254037844387,73.0,65.0,56.0,64.66666666666667,21.0
2018-02-01,Polonnaruwa,21.0,2,0.8660254037844386,0.5000000000000001,45.0,73.0,65.0,61.0,20.0
2018-03-01,Polonnaruwa,20.0,3,1.0,6.123233995736766e-17,21.0,45.0,73.0,46.333333333333336,25.0
2018-04-01,Polonnaruwa,25.0,4,0.8660254037844387,-0.4999999999999998,20.0,21.0,45.0,28.666666666666668,25.0
2018-05-01,Polonnaruwa,25.0,5,0.49999999999999994,-0.8660254037844387,25.0,20.0,21.0,22.0,28.0
2018-06-01,Polonnaruwa,28.0,6,1.2246467991473532e-16,-1.0,25.0,25.0,20.0,23.333333333333332,51.0
2018-07-01,Polonnaruwa,51.0,7,-0.4999999999999997,-0.8660254037844388,28.0,25.0,25.0,26.0,26.0
2018-08-01,Polonnaruwa,26.0,8,-0.8660254037844385,-0.5000000000000004,51.0,28.0,25.0,34.666666666666664,18.0
2018-09-01,Polonnaruwa,18.0,9,-1.0,-1.8369701987210297e-16,26.0,51.0,28.0,35.0,8.0
2018-10-01,Polonnaruwa,8.0,10,-0.8660254037844386,0.5000000000000001,18.0,26.0,51.0,31.666666666666668,24.0
2018-11-01,Polonnaruwa,24.0,11,-0.5000000000000004,0.8660254037844384,8.0,18.0,26.0,17.333333333333332,34.0
2018-12-01,Polonnaruwa,34.0,12,-2.4492935982947064e-16,1.0,24.0,8.0,18.0,16.666666666666668,39.0
2019-01-01,Polonnaruwa,39.0,1,0.49999999999999994,0.8660254037844387,34.0,24.0,8.0,22.0,19.0
2019-02-01,Polonnaruwa,19.0,2,0.8660254037844386,0.5000000000000001,39.0,34.0,24.0,32.333333333333336,25.0
2019-03-01,Polonnaruwa,25.0,3,1.0,6.123233995736766e-17,19.0,39.0,34.0,30.666666666666668,21.0
2019-04-01,Polonnaruwa,21.0,4,0.8660254037844387,-0.4999999999999998,25.0,19.0,39.0,27.666666666666668,23.0
2019-05-01,Polonnaruwa,23.0,5,0.49999999999999994,-0.8660254037844387,21.0,25.0,19.0,21.666666666666668,40.0
2019-06-01,Polonnaruwa,40.0,6,1.2246467991473532e-16,-1.0,23.0,21.0,25.0,23.0,49.0
2019-07-01,Polonnaruwa,49.0,7,-0.4999999999999997,-0.8660254037844388,40.0,23.0,21.0,28.0,43.0
2019-08-01,Polonnaruwa,43.0,8,-0.8660254037844385,-0.5000000000000004,49.0,40.0,23.0,37.333333333333336,36.0
2019-09-01,Polonnaruwa,36.0,9,-1.0,-1.8369701987210297e-16,43.0,49.0,40.0,44.0,51.0
2019-10-01,Polonnaruwa,51.0,10,-0.8660254037844386,0.5000000000000001,36.0,43.0,49.0,42.666666666666664,108.0
2019-11-01,Polonnaruwa,108.0,11,-0.5000000000000004,0.8660254037844384,51.0,36.0,43.0,43.333333333333336,107.0
2019-12-01,Polonnaruwa,107.0,12,-2.4492935982947064e-16,1.0,108.0,51.0,36.0,65.0,81.0
2020-01-01,Polonnaruwa,81.0,1,0.49999999999999994,0.8660254037844387,107.0,108.0,51.0,88.66666666666667,77.0
2020-02-01,Polonnaruwa,77.0,2,0.8660254037844386,0.5000000000000001,81.0,107.0,108.0,98.66666666666667,23.0
2020-03-01,Polonnaruwa,23.0,3,1.0,6.123233995736766e-17,77.0,81.0,107.0,88.33333333333333,2.0
2020-04-01,Polonnaruwa,2.0,4,0.8660254037844387,-0.4999999999999998,23.0,77.0,81.0,60.333333333333336,7.0
2020-05-01,Polonnaruwa,7.0,5,0.49999999999999994,-0.8660254037844387,2.0,23.0,77.0,34.0,20.0
2020-06-01,Polonnaruwa,20.0,6,1.2246467991473532e-16,-1.0,7.0,2.0,23.0,10.666666666666666,10.0
2020-07-01,Polonnaruwa,10.0,7,-0.4999999999999997,-0.8660254037844388,20.0,7.0,2.0,9.666666666666666,4.0
2020-08-01,Polonnaruwa,4.0,8,-0.8660254037844385,-0.5000000000000004,10.0,20.0,7.0,12.333333333333334,7.0
2020-09-01,Polonnaruwa,7.0,9,-1.0,-1.8369701987210297e-16,4.0,10.0,20.0,11.333333333333334,12.0
2020-10-01,Polonnaruwa,12.0,10,-0.8660254037844386,0.5000000000000001,7.0,4.0,10.0,7.0,3.0
2020-11-01,Polonnaruwa,3.0,11,-0.5000000000000004,0.8660254037844384,12.0,7.0,4.0,7.666666666666667,5.0
2020-12-01,Polonnaruwa,5.0,12,-2.4492935982947064e-16,1.0,3.0,12.0,7.0,7.333333333333333,2.0
2021-01-01,Polonnaruwa,2.0,1,0.49999999999999994,0.8660254037844387,5.0,3.0,12.0,6.666666666666667,6.0
2021-02-01,Polonnaruwa,6.0,2,0.8660254037844386,0.5000000000000001,2.0,5.0,3.0,3.3333333333333335,10.0
2021-03-01,Polonnaruwa,10.0,3,1.0,6.123233995736766e-17,6.0,2.0,5.0,4.333333333333333,10.0
2021-04-01,Polonnaruwa,10.0,4,0.8660254037844387,-0.4999999999999998,10.0,6.0,2.0,6.0,11.0
2021-05-01,Polonnaruwa,11.0,5,0.49999999999999994,-0.8660254037844387,10.0,10.0,6.0,8.666666666666666,8.0
2021-06-01,Polonnaruwa,8.0,6,1.2246467991473532e-16,-1.0,11.0,10.0,10.0,10.333333333333334,6.0
2021-07-01,Polonnaruwa,6.0,7,-0.4999999999999997,-0.8660254037844388,8.0,11.0,10.0,9.666666666666666,3.0
2021-08-01,Polonnaruwa,3.0,8,-0.8660254037844385,-0.5000000000000004,6.0,8.0,11.0,8.333333333333334,0.0
2021-09-01,Polonnaruwa,0.0,9,-1.0,-1.8369701987210297e-16,3.0,6.0,8.0,5.666666666666667,0.0
2021-10-01,Polonnaruwa,0.0,10,-0.8660254037844386,0.5000000000000001,0.0,3.0,6.0,3.0,0.0
2021-11-01,Polonnaruwa,0.0,11,-0.5000000000000004,0.8660254037844384,0.0,0.0,3.0,1.0,0.0
2010-04-01,Puttalam,50.0,4,0.8660254037844387,-0.4999999999999998,86.0,189.0,208.0,161.0,51.0
2010-05-01,Puttalam,51.0,5,0.49999999999999994,-0.8660254037844387,50.0,86.0,189.0,108.33333333333333,106.0
2010-06-01,Puttalam,106.0,6,1.2246467991473532e-16,-1.0,51.0,50.0,86.0,62.333333333333336,137.0
2010-07-01,Puttalam,137.0,7,-0.4999999999999997,-0.8660254037844388,106.0,51.0,50.0,69.0,82.0
2010-08-01,Puttalam,82.0,8,-0.8660254037844385,-0.5000000000000004,137.0,106.0,51.0,98.0,49.0
2010-09-01,Puttalam,49.0,9,-1.0,-1.8369701987210297e-16,82.0,137.0,106.0,108.33333333333333,31.0
2010-10-01,Puttalam,31.0,10,-0.8660254037844386,0.5000000000000001,49.0,82.0,137.0,89.33333333333333,25.0
2010-11-01,Puttalam,25.0,11,-0.5000000000000004,0.8660254037844384,31.0,49.0,82.0,54.0,45.0
2010-12-01,Puttalam,45.0,12,-2.4492935982947064e-16,1.0,25.0,31.0,49.0,35.0,72.0
2011-01-01,Puttalam,72.0,1,0.49999999999999994,0.8660254037844387,45.0,25.0,31.0,33.666666666666664,64.0
2011-02-01,Puttalam,64.0,2,0.8660254037844386,0.5000000000000001,72.0,45.0,25.0,47.333333333333336,49.0
2011-03-01,Puttalam,49.0,3,1.0,6.123233995736766e-17,64.0,72.0,45.0,60.333333333333336,28.0
2011-04-01,Puttalam,28.0,4,0.8660254037844387,-0.4999999999999998,49.0,64.0,72.0,61.666666666666664,21.0
2011-05-01,Puttalam,21.0,5,0.49999999999999994,-0.8660254037844387,28.0,49.0,64.0,47.0,52.0
2011-06-01,Puttalam,52.0,6,1.2246467991473532e-16,-1.0,21.0,28.0,49.0,32.666666666666664,62.0
2011-07-01,Puttalam,62.0,7,-0.4999999999999997,-0.8660254037844388,52.0,21.0,28.0,33.666666666666664,23.0
2011-08-01,Puttalam,23.0,8,-0.8660254037844385,-0.5000000000000004,62.0,52.0,21.0,45.0,31.0
2011-09-01,Puttalam,31.0,9,-1.0,-1.8369701987210297e-16,23.0,62.0,52.0,45.666666666666664,27.0
2011-10-01,Puttalam,27.0,10,-0.8660254037844386,0.5000000000000001,31.0,23.0,62.0,38.666666666666664,40.0
2011-11-01,Puttalam,40.0,11,-0.5000000000000004,0.8660254037844384,27.0,31.0,23.0,27.0,102.0
2011-12-01,Puttalam,102.0,12,-2.4492935982947064e-16,1.0,40.0,27.0,31.0,32.666666666666664,131.0
2012-01-01,Puttalam,131.0,1,0.49999999999999994,0.8660254037844387,102.0,40.0,27.0,56.333333333333336,101.0
2012-02-01,Puttalam,101.0,2,0.8660254037844386,0.5000000000000001,131.0,102.0,40.0,91.0,69.0
2012-03-01,Puttalam,69.0,3,1.0,6.123233995736766e-17,101.0,131.0,102.0,111.33333333333333,55.0
2012-04-01,Puttalam,55.0,4,0.8660254037844387,-0.4999999999999998,69.0,101.0,131.0,100.33333333333333,98.0
2012-05-01,Puttalam,98.0,5,0.49999999999999994,-0.8660254037844387,55.0,69.0,101.0,75.0,178.0
2012-06-01,Puttalam,178.0,6,1.2246467991473532e-16,-1.0,98.0,55.0,69.0,74.0,98.0
2012-07-01,Puttalam,98.0,7,-0.4999999999999997,-0.8660254037844388,178.0,98.0,55.0,110.33333333333333,142.0
2012-08-01,Puttalam,142.0,8,-0.8660254037844385,-0.5000000000000004,98.0,178.0,98.0,124.66666666666667,253.0
2012-09-01,Puttalam,253.0,9,-1.0,-1.8369701987210297e-16,142.0,98.0,178.0,139.33333333333334,159.0
2012-10-01,Puttalam,159.0,10,-0.8660254037844386,0.5000000000000001,253.0,142.0,98.0,164.33333333333334,251.0
2012-11-01,Puttalam,251.0,11,-0.5000000000000004,0.8660254037844384,159.0,253.0,142.0,184.66666666666666,265.0
2012-12-01,Puttalam,265.0,12,-2.4492935982947064e-16,1.0,251.0,159.0,253.0,221.0,175.0
2013-01-01,Puttalam,175.0,1,0.49999999999999994,0.8660254037844387,265.0,251.0,159.0,225.0,170.0
2013-02-01,Puttalam,170.0,2,0.8660254037844386,0.5000000000000001,175.0,265.0,251.0,230.33333333333334,98.0
2013-03-01,Puttalam,98.0,3,1.0,6.123233995736766e-17,170.0,175.0,265.0,203.33333333333334,67.0
2013-04-01,Puttalam,67.0,4,0.8660254037844387,-0.4999999999999998,98.0,170.0,175.0,147.66666666666666,53.0
2013-05-01,Puttalam,53.0,5,0.49999999999999994,-0.8660254037844387,67.0,98.0,170.0,111.66666666666667,56.0
2013-06-01,Puttalam,56.0,6,1.2246467991473532e-16,-1.0,53.0,67.0,98.0,72.66666666666667,46.0
2013-07-01,Puttalam,46.0,7,-0.4999999999999997,-0.8660254037844388,56.0,53.0,67.0,58.666666666666664,83.0
2013-08-01,Puttalam,83.0,8,-0.8660254037844385,-0.5000000000000004,46.0,56.0,53.0,51.666666666666664,39.0
2013-09-01,Puttalam,39.0,9,-1.0,-1.8369701987210297e-16,83.0,46.0,56.0,61.666666666666664,31.0
2013-10-01,Puttalam,31.0,10,-0.8660254037844386,0.5000000000000001,39.0,83.0,46.0,56.0,51.0
2013-11-01,Puttalam,51.0,11,-0.5000000000000004,0.8660254037844384,31.0,39.0,83.0,51.0,55.0
2013-12-01,Puttalam,55.0,12,-2.4492935982947064e-16,1.0,51.0,31.0,39.0,40.333333333333336,93.0
2014-01-01,Puttalam,93.0,1,0.49999999999999994,0.8660254037844387,55.0,51.0,31.0,45.666666666666664,42.0
2014-02-01,Puttalam,42.0,2,0.8660254037844386,0.5000000000000001,93.0,55.0,51.0,66.33333333333333,42.0
2014-03-01,Puttalam,42.0,3,1.0,6.123233995736766e-17,42.0,93.0,55.0,63.333333333333336,27.0
2014-04-01,Puttalam,27.0,4,0.8660254037844387,-0.4999999999999998,42.0,42.0,93.0,59.0,34.0
2014-05-01,Puttalam,34.0,5,0.49999999999999994,-0.8660254037844387,27.0,42.0,42.0,37.0,83.0
2014-06-01,Puttalam,83.0,6,1.2246467991473532e-16,-1.0,34.0,27.0,42.0,34.333333333333336,101.0
2014-07-01,Puttalam,101.0,7,-0.4999999999999997,-0.8660254037844388,83.0,34.0,27.0,48.0,65.0
2014-08-01,Puttalam,65.0,8,-0.8660254037844385,-0.5000000000000004,101.0,83.0,34.0,72.66666666666667,39.0
2014-09-01,Puttalam,39.0,9,-1.0,-1.8369701987210297e-16,65.0,101.0,83.0,83.0,84.0
2014-10-01,Puttalam,84.0,10,-0.8660254037844386,0.5000000000000001,39.0,65.0,101.0,68.33333333333333,147.0
2014-11-01,Puttalam,147.0,11,-0.5000000000000004,0.8660254037844384,84.0,39.0,65.0,62.666666666666664,159.0
2014-12-01,Puttalam,159.0,12,-2.4492935982947064e-16,1.0,147.0,84.0,39.0,90.0,256.0
2015-01-01,Puttalam,256.0,1,0.49999999999999994,0.8660254037844387,159.0,147.0,84.0,130.0,85.0
2015-02-01,Puttalam,85.0,2,0.8660254037844386,0.5000000000000001,256.0,159.0,147.0,187.33333333333334,34.0
2015-03-01,Puttalam,34.0,3,1.0,6.123233995736766e-17,85.0,256.0,159.0,166.66666666666666,20.0
2015-04-01,Puttalam,20.0,4,0.8660254037844387,-0.4999999999999998,34.0,85.0,256.0,125.0,32.0
2015-05-01,Puttalam,32.0,5,0.49999999999999994,-0.8660254037844387,20.0,34.0,85.0,46.333333333333336,42.0
2015-06-01,Puttalam,42.0,6,1.2246467991473532e-16,-1.0,32.0,20.0,34.0,28.666666666666668,65.0
2015-07-01,Puttalam,65.0,7,-0.4999999999999997,-0.8660254037844388,42.0,32.0,20.0,31.333333333333332,14.0
2015-08-01,Puttalam,14.0,8,-0.8660254037844385,-0.5000000000000004,65.0,42.0,32.0,46.333333333333336,12.0
2015-09-01,Puttalam,12.0,9,-1.0,-1.8369701987210297e-16,14.0,65.0,42.0,40.333333333333336,23.0
2015-10-01,Puttalam,23.0,10,-0.8660254037844386,0.5000000000000001,12.0,14.0,65.0,30.333333333333332,77.0
2015-11-01,Puttalam,77.0,11,-0.5000000000000004,0.8660254037844384,23.0,12.0,14.0,16.333333333333332,79.0
2015-12-01,Puttalam,79.0,12,-2.4492935982947064e-16,1.0,77.0,23.0,12.0,37.333333333333336,206.0
2016-01-01,Puttalam,206.0,1,0.49999999999999994,0.8660254037844387,79.0,77.0,23.0,59.666666666666664,160.0
2016-02-01,Puttalam,160.0,2,0.8660254037844386,0.5000000000000001,206.0,79.0,77.0,120.66666666666667,63.0
2016-03-01,Puttalam,63.0,3,1.0,6.123233995736766e-17,160.0,206.0,79.0,148.33333333333334,74.0
2016-04-01,Puttalam,74.0,4,0.8660254037844387,-0.4999999999999998,63.0,160.0,206.0,143.0,53.0
2016-05-01,Puttalam,53.0,5,0.49999999999999994,-0.8660254037844387,74.0,63.0,160.0,99.0,87.0
2016-06-01,Puttalam,87.0,6,1.2246467991473532e-16,-1.0,53.0,74.0,63.0,63.333333333333336,144.0
2016-07-01,Puttalam,144.0,7,-0.4999999999999997,-0.8660254037844388,87.0,53.0,74.0,71.33333333333333,89.0
2016-08-01,Puttalam,89.0,8,-0.8660254037844385,-0.5000000000000004,144.0,87.0,53.0,94.66666666666667,47.0
2016-09-01,Puttalam,47.0,9,-1.0,-1.8369701987210297e-16,89.0,144.0,87.0,106.66666666666667,17.0
2016-10-01,Puttalam,17.0,10,-0.8660254037844386,0.5000000000000001,47.0,89.0,144.0,93.33333333333333,26.0
2016-11-01,Puttalam,26.0,11,-0.5000000000000004,0.8660254037844384,17.0,47.0,89.0,51.0,80.0
2016-12-01,Puttalam,80.0,12,-2.4492935982947064e-16,1.0,26.0,17.0,47.0,30.0,196.0
2017-01-01,Puttalam,196.0,1,0.49999999999999994,0.8660254037844387,80.0,26.0,17.0,41.0,132.0
2017-02-01,Puttalam,132.0,2,0.8660254037844386,0.5000000000000001,196.0,80.0,26.0,100.66666666666667,212.0
2017-03-01,Puttalam,212.0,3,1.0,6.123233995736766e-17,132.0,196.0,80.0,136.0,318.0
2017-04-01,Puttalam,318.0,4,0.8660254037844387,-0.4999999999999998,212.0,132.0,196.0,180.0,612.0
2017-05-01,Puttalam,612.0,5,0.49999999999999994,-0.8660254037844387,318.0,212.0,132.0,220.66666666666666,783.0
2017-06-01,Puttalam,783.0,6,1.2246467991473532e-16,-1.0,612.0,318.0,212.0,380.6666666666667,1304.0
2017-07-01,Puttalam,1304.0,7,-0.4999999999999997,-0.8660254037844388,783.0,612.0,318.0,571.0,1192.0
2017-08-01,Puttalam,1192.0,8,-0.8660254037844385,-0.5000000000000004,1304.0,783.0,612.0,899.6666666666666,419.0
2017-09-01,Puttalam,419.0,9,-1.0,-1.8369701987210297e-16,1192.0,1304.0,783.0,1093.0,501.0
2017-10-01,Puttalam,501.0,10,-0.8660254037844386,0.5000000000000001,419.0,1192.0,1304.0,971.6666666666666,1037.0
2017-11-01,Puttalam,1037.0,11,-0.5000000000000004,0.8660254037844384,501.0,419.0,1192.0,704.0,1135.0
2017-12-01,Puttalam,1135.0,12,-2.4492935982947064e-16,1.0,1037.0,501.0,419.0,652.3333333333334,537.0
2018-01-01,Puttalam,537.0,1,0.49999999999999994,0.8660254037844387,1135.0,1037.0,501.0,891.0,270.0
2018-02-01,Puttalam,270.0,2,0.8660254037844386,0.5000000000000001,537.0,1135.0,1037.0,903.0,124.0
2018-03-01,Puttalam,124.0,3,1.0,6.123233995736766e-17,270.0,537.0,1135.0,647.3333333333334,61.0
2018-04-01,Puttalam,61.0,4,0.8660254037844387,-0.4999999999999998,124.0,270.0,537.0,310.3333333333333,103.0
2018-05-01,Puttalam,103.0,5,0.49999999999999994,-0.8660254037844387,61.0,124.0,270.0,151.66666666666666,96.0
2018-06-01,Puttalam,96.0,6,1.2246467991473532e-16,-1.0,103.0,61.0,124.0,96.0,150.0
2018-07-01,Puttalam,150.0,7,-0.4999999999999997,-0.8660254037844388,96.0,103.0,61.0,86.66666666666667,31.0
2018-08-01,Puttalam,31.0,8,-0.8660254037844385,-0.5000000000000004,150.0,96.0,103.0,116.33333333333333,65.0
2018-09-01,Puttalam,65.0,9,-1.0,-1.8369701987210297e-16,31.0,150.0,96.0,92.33333333333333,107.0
2018-10-01,Puttalam,107.0,10,-0.8660254037844386,0.5000000000000001,65.0,31.0,150.0,82.0,301.0
2018-11-01,Puttalam,301.0,11,-0.5000000000000004,0.8660254037844384,107.0,65.0,31.0,67.66666666666667,165.0
2018-12-01,Puttalam,165.0,12,-2.4492935982947064e-16,1.0,301.0,107.0,65.0,157.66666666666666,79.0
2019-01-01,Puttalam,79.0,1,0.49999999999999994,0.8660254037844387,165.0,301.0,107.0,191.0,60.0
2019-02-01,Puttalam,60.0,2,0.8660254037844386,0.5000000000000001,79.0,165.0,301.0,181.66666666666666,52.0
2019-03-01,Puttalam,52.0,3,1.0,6.123233995736766e-17,60.0,79.0,165.0,101.33333333333333,29.0
2019-04-01,Puttalam,29.0,4,0.8660254037844387,-0.4999999999999998,52.0,60.0,79.0,63.666666666666664,33.0
2019-05-01,Puttalam,33.0,5,0.49999999999999994,-0.8660254037844387,29.0,52.0,60.0,47.0,92.0
2019-06-01,Puttalam,92.0,6,1.2246467991473532e-16,-1.0,33.0,29.0,52.0,38.0,137.0
2019-07-01,Puttalam,137.0,7,-0.4999999999999997,-0.8660254037844388,92.0,33.0,29.0,51.333333333333336,150.0
2019-08-01,Puttalam,150.0,8,-0.8660254037844385,-0.5000000000000004,137.0,92.0,33.0,87.33333333333333,159.0
2019-09-01,Puttalam,159.0,9,-1.0,-1.8369701987210297e-16,150.0,137.0,92.0,126.33333333333333,355.0
2019-10-01,Puttalam,355.0,10,-0.8660254037844386,0.5000000000000001,159.0,150.0,137.0,148.66666666666666,624.0
2019-11-01,Puttalam,624.0,11,-0.5000000000000004,0.8660254037844384,355.0,159.0,150.0,221.33333333333334,487.0
2019-12-01,Puttalam,487.0,12,-2.4492935982947064e-16,1.0,624.0,355.0,159.0,379.3333333333333,224.0
2020-01-01,Puttalam,224.0,1,0.49999999999999994,0.8660254037844387,487.0,624.0,355.0,488.6666666666667,83.0
2020-02-01,Puttalam,83.0,2,0.8660254037844386,0.5000000000000001,224.0,487.0,624.0,445.0,36.0
2020-03-01,Puttalam,36.0,3,1.0,6.123233995736766e-17,83.0,224.0,487.0,264.6666666666667,5.0
2020-04-01,Puttalam,5.0,4,0.8660254037844387,-0.4999999999999998,36.0,83.0,224.0,114.33333333333333,24.0
2020-05-01,Puttalam,24.0,5,0.49999999999999994,-0.8660254037844387,5.0,36.0,83.0,41.333333333333336,21.0
2020-06-01,Puttalam,21.0,6,1.2246467991473532e-16,-1.0,24.0,5.0,36.0,21.666666666666668,24.0
2020-07-01,Puttalam,24.0,7,-0.4999999999999997,-0.8660254037844388,21.0,24.0,5.0,16.666666666666668,35.0
2020-08-01,Puttalam,35.0,8,-0.8660254037844385,-0.5000000000000004,24.0,21.0,24.0,23.0,10.0
2020-09-01,Puttalam,10.0,9,-1.0,-1.8369701987210297e-16,35.0,24.0,21.0,26.666666666666668,13.0
2020-10-01,Puttalam,13.0,10,-0.8660254037844386,0.5000000000000001,10.0,35.0,24.0,23.0,11.0
2020-11-01,Puttalam,11.0,11,-0.5000000000000004,0.8660254037844384,13.0,10.0,35.0,19.333333333333332,14.0
2020-12-01,Puttalam,14.0,12,-2.4492935982947064e-16,1.0,11.0,13.0,10.0,11.333333333333334,49.0
2021-01-01,Puttalam,49.0,1,0.49999999999999994,0.8660254037844387,14.0,11.0,13.0,12.666666666666666,32.0
2021-02-01,Puttalam,32.0,2,0.8660254037844386,0.5000000000000001,49.0,14.0,11.0,24.666666666666668,47.0
2021-03-01,Puttalam,47.0,3,1.0,6.123233995736766e-17,32.0,49.0,14.0,31.666666666666668,52.0
2021-04-01,Puttalam,52.0,4,0.8660254037844387,-0.4999999999999998,47.0,32.0,49.0,42.666666666666664,11.0
2021-05-01,Puttalam,11.0,5,0.49999999999999994,-0.8660254037844387,52.0,47.0,32.0,43.666666666666664,27.0
2021-06-01,Puttalam,27.0,6,1.2246467991473532e-16,-1.0,11.0,52.0,47.0,36.666666666666664,30.0
2021-07-01,Puttalam,30.0,7,-0.4999999999999997,-0.8660254037844388,27.0,11.0,52.0,30.0,8.0
2021-08-01,Puttalam,8.0,8,-0.8660254037844385,-0.5000000000000004,30.0,27.0,11.0,22.666666666666668,0.0
2021-09-01,Puttalam,0.0,9,-1.0,-1.8369701987210297e-16,8.0,30.0,27.0,21.666666666666668,0.0
2021-10-01,Puttalam,0.0,10,-0.8660254037844386,0.5000000000000001,0.0,8.0,30.0,12.666666666666666,0.0
2021-11-01,Puttalam,0.0,11,-0.5000000000000004,0.8660254037844384,0.0,0.0,8.0,2.6666666666666665,0.0
2010-04-01,Ratnapura,270.0,4,0.8660254037844387,-0.4999999999999998,234.0,141.0,93.0,156.0,274.0
2010-05-01,Ratnapura,274.0,5,0.49999999999999994,-0.8660254037844387,270.0,234.0,141.0,215.0,432.0
2010-06-01,Ratnapura,432.0,6,1.2246467991473532e-16,-1.0,274.0,270.0,234.0,259.3333333333333,492.0
2010-07-01,Ratnapura,492.0,7,-0.4999999999999997,-0.8660254037844388,432.0,274.0,270.0,325.3333333333333,438.0
2010-08-01,Ratnapura,438.0,8,-0.8660254037844385,-0.5000000000000004,492.0,432.0,274.0,399.3333333333333,246.0
2010-09-01,Ratnapura,246.0,9,-1.0,-1.8369701987210297e-16,438.0,492.0,432.0,454.0,118.0
2010-10-01,Ratnapura,118.0,10,-0.8660254037844386,0.5000000000000001,246.0,438.0,492.0,392.0,53.0
2010-11-01,Ratnapura,53.0,11,-0.5000000000000004,0.8660254037844384,118.0,246.0,438.0,267.3333333333333,46.0
2010-12-01,Ratnapura,46.0,12,-2.4492935982947064e-16,1.0,53.0,118.0,246.0,139.0,47.0
2011-01-01,Ratnapura,47.0,1,0.49999999999999994,0.8660254037844387,46.0,53.0,118.0,72.33333333333333,38.0
2011-02-01,Ratnapura,38.0,2,0.8660254037844386,0.5000000000000001,47.0,46.0,53.0,48.666666666666664,40.0
2011-03-01,Ratnapura,40.0,3,1.0,6.123233995736766e-17,38.0,47.0,46.0,43.666666666666664,113.0
2011-04-01,Ratnapura,113.0,4,0.8660254037844387,-0.4999999999999998,40.0,38.0,47.0,41.666666666666664,89.0
2011-05-01,Ratnapura,89.0,5,0.49999999999999994,-0.8660254037844387,113.0,40.0,38.0,63.666666666666664,118.0
2011-06-01,Ratnapura,118.0,6,1.2246467991473532e-16,-1.0,89.0,113.0,40.0,80.66666666666667,153.0
2011-07-01,Ratnapura,153.0,7,-0.4999999999999997,-0.8660254037844388,118.0,89.0,113.0,106.66666666666667,86.0
2011-08-01,Ratnapura,86.0,8,-0.8660254037844385,-0.5000000000000004,153.0,118.0,89.0,120.0,117.0
2011-09-01,Ratnapura,117.0,9,-1.0,-1.8369701987210297e-16,86.0,153.0,118.0,119.0,87.0
2011-10-01,Ratnapura,87.0,10,-0.8660254037844386,0.5000000000000001,117.0,86.0,153.0,118.66666666666667,91.0
2011-11-01,Ratnapura,91.0,11,-0.5000000000000004,0.8660254037844384,87.0,117.0,86.0,96.66666666666667,181.0
2011-12-01,Ratnapura,181.0,12,-2.4492935982947064e-16,1.0,91.0,87.0,117.0,98.33333333333333,126.0
2012-01-01,Ratnapura,126.0,1,0.49999999999999994,0.8660254037844387,181.0,91.0,87.0,119.66666666666667,153.0
2012-02-01,Ratnapura,153.0,2,0.8660254037844386,0.5000000000000001,126.0,181.0,91.0,132.66666666666666,160.0
2012-03-01,Ratnapura,160.0,3,1.0,6.123233995736766e-17,153.0,126.0,181.0,153.33333333333334,183.0
2012-04-01,Ratnapura,183.0,4,0.8660254037844387,-0.4999999999999998,160.0,153.0,126.0,146.33333333333334,257.0
2012-05-01,Ratnapura,257.0,5,0.49999999999999994,-0.8660254037844387,183.0,160.0,153.0,165.33333333333334,874.0
2012-06-01,Ratnapura,874.0,6,1.2246467991473532e-16,-1.0,257.0,183.0,160.0,200.0,621.0
2012-07-01,Ratnapura,621.0,7,-0.4999999999999997,-0.8660254037844388,874.0,257.0,183.0,438.0,648.0
2012-08-01,Ratnapura,648.0,8,-0.8660254037844385,-0.5000000000000004,621.0,874.0,257.0,584.0,310.0
2012-09-01,Ratnapura,310.0,9,-1.0,-1.8369701987210297e-16,648.0,621.0,874.0,714.3333333333334,194.0
2012-10-01,Ratnapura,194.0,10,-0.8660254037844386,0.5000000000000001,310.0,648.0,621.0,526.3333333333334,262.0
2012-11-01,Ratnapura,262.0,11,-0.5000000000000004,0.8660254037844384,194.0,310.0,648.0,384.0,150.0
2012-12-01,Ratnapura,150.0,12,-2.4492935982947064e-16,1.0,262.0,194.0,310.0,255.33333333333334,131.0
2013-01-01,Ratnapura,131.0,1,0.49999999999999994,0.8660254037844387,150.0,262.0,194.0,202.0,148.0
2013-02-01,Ratnapura,148.0,2,0.8660254037844386,0.5000000000000001,131.0,150.0,262.0,181.0,220.0
2013-03-01,Ratnapura,220.0,3,1.0,6.123233995736766e-17,148.0,131.0,150.0,143.0,217.0
2013-04-01,Ratnapura,217.0,4,0.8660254037844387,-0.4999999999999998,220.0,148.0,131.0,166.33333333333334,253.0
2013-05-01,Ratnapura,253.0,5,0.49999999999999994,-0.8660254037844387,217.0,220.0,148.0,195.0,185.0
2013-06-01,Ratnapura,185.0,6,1.2246467991473532e-16,-1.0,253.0,217.0,220.0,230.0,169.0
2013-07-01,Ratnapura,169.0,7,-0.4999999999999997,-0.8660254037844388,185.0,253.0,217.0,218.33333333333334,146.0
2013-08-01,Ratnapura,146.0,8,-0.8660254037844385,-0.5000000000000004,169.0,185.0,253.0,202.33333333333334,90.0
2013-09-01,Ratnapura,90.0,9,-1.0,-1.8369701987210297e-16,146.0,169.0,185.0,166.66666666666666,44.0
2013-10-01,Ratnapura,44.0,10,-0.8660254037844386,0.5000000000000001,90.0,146.0,169.0,135.0,70.0
2013-11-01,Ratnapura,70.0,11,-0.5000000000000004,0.8660254037844384,44.0,90.0,146.0,93.33333333333333,56.0
2013-12-01,Ratnapura,56.0,12,-2.4492935982947064e-16,1.0,70.0,44.0,90.0,68.0,91.0
2014-01-01,Ratnapura,91.0,1,0.49999999999999994,0.8660254037844387,56.0,70.0,44.0,56.666666666666664,43.0
2014-02-01,Ratnapura,43.0,2,0.8660254037844386,0.5000000000000001,91.0,56.0,70.0,72.33333333333333,58.0
2014-03-01,Ratnapura,58.0,3,1.0,6.123233995736766e-17,43.0,91.0,56.0,63.333333333333336,52.0
2014-04-01,Ratnapura,52.0,4,0.8660254037844387,-0.4999999999999998,58.0,43.0,91.0,64.0,370.0
2014-05-01,Ratnapura,370.0,5,0.49999999999999994,-0.8660254037844387,52.0,58.0,43.0,51.0,866.0
2014-06-01,Ratnapura,866.0,6,1.2246467991473532e-16,-1.0,370.0,52.0,58.0,160.0,457.0
2014-07-01,Ratnapura,457.0,7,-0.4999999999999997,-0.8660254037844388,866.0,370.0,52.0,429.3333333333333,343.0
2014-08-01,Ratnapura,343.0,8,-0.8660254037844385,-0.5000000000000004,457.0,866.0,370.0,564.3333333333334,148.0
2014-09-01,Ratnapura,148.0,9,-1.0,-1.8369701987210297e-16,343.0,457.0,866.0,555.3333333333334,171.0
2014-10-01,Ratnapura,171.0,10,-0.8660254037844386,0.5000000000000001,148.0,343.0,457.0,316.0,124.0
2014-11-01,Ratnapura,124.0,11,-0.5000000000000004,0.8660254037844384,171.0,148.0,343.0,220.66666666666666,100.0
2014-12-01,Ratnapura,100.0,12,-2.4492935982947064e-16,1.0,124.0,171.0,148.0,147.66666666666666,163.0
2015-01-01,Ratnapura,163.0,1,0.49999999999999994,0.8660254037844387,100.0,124.0,171.0,131.66666666666666,122.0
2015-02-01,Ratnapura,122.0,2,0.8660254037844386,0.5000000000000001,163.0,100.0,124.0,129.0,90.0
2015-03-01,Ratnapura,90.0,3,1.0,6.123233995736766e-17,122.0,163.0,100.0,128.33333333333334,59.0
2015-04-01,Ratnapura,59.0,4,0.8660254037844387,-0.4999999999999998,90.0,122.0,163.0,125.0,70.0
2015-05-01,Ratnapura,70.0,5,0.49999999999999994,-0.8660254037844387,59.0,90.0,122.0,90.33333333333333,68.0
2015-06-01,Ratnapura,68.0,6,1.2246467991473532e-16,-1.0,70.0,59.0,90.0,73.0,105.0
2015-07-01,Ratnapura,105.0,7,-0.4999999999999997,-0.8660254037844388,68.0,70.0,59.0,65.66666666666667,74.0
2015-08-01,Ratnapura,74.0,8,-0.8660254037844385,-0.5000000000000004,105.0,68.0,70.0,81.0,46.0
2015-09-01,Ratnapura,46.0,9,-1.0,-1.8369701987210297e-16,74.0,105.0,68.0,82.33333333333333,64.0
2015-10-01,Ratnapura,64.0,10,-0.8660254037844386,0.5000000000000001,46.0,74.0,105.0,75.0,93.0
2015-11-01,Ratnapura,93.0,11,-0.5000000000000004,0.8660254037844384,64.0,46.0,74.0,61.333333333333336,87.0
2015-12-01,Ratnapura,87.0,12,-2.4492935982947064e-16,1.0,93.0,64.0,46.0,67.66666666666667,211.0
2016-01-01,Ratnapura,211.0,1,0.49999999999999994,0.8660254037844387,87.0,93.0,64.0,81.33333333333333,135.0
2016-02-01,Ratnapura,135.0,2,0.8660254037844386,0.5000000000000001,211.0,87.0,93.0,130.33333333333334,169.0
2016-03-01,Ratnapura,169.0,3,1.0,6.123233995736766e-17,135.0,211.0,87.0,144.33333333333334,237.0
2016-04-01,Ratnapura,237.0,4,0.8660254037844387,-0.4999999999999998,169.0,135.0,211.0,171.66666666666666,241.0
2016-05-01,Ratnapura,241.0,5,0.49999999999999994,-0.8660254037844387,237.0,169.0,135.0,180.33333333333334,395.0
2016-06-01,Ratnapura,395.0,6,1.2246467991473532e-16,-1.0,241.0,237.0,169.0,215.66666666666666,681.0
2016-07-01,Ratnapura,681.0,7,-0.4999999999999997,-0.8660254037844388,395.0,241.0,237.0,291.0,275.0
2016-08-01,Ratnapura,275.0,8,-0.8660254037844385,-0.5000000000000004,681.0,395.0,241.0,439.0,196.0
2016-09-01,Ratnapura,196.0,9,-1.0,-1.8369701987210297e-16,275.0,681.0,395.0,450.3333333333333,139.0
2016-10-01,Ratnapura,139.0,10,-0.8660254037844386,0.5000000000000001,196.0,275.0,681.0,384.0,143.0
2016-11-01,Ratnapura,143.0,11,-0.5000000000000004,0.8660254037844384,139.0,196.0,275.0,203.33333333333334,308.0
2016-12-01,Ratnapura,308.0,12,-2.4492935982947064e-16,1.0,143.0,139.0,196.0,159.33333333333334,439.0
2017-01-01,Ratnapura,439.0,1,0.49999999999999994,0.8660254037844387,308.0,143.0,139.0,196.66666666666666,360.0
2017-02-01,Ratnapura,360.0,2,0.8660254037844386,0.5000000000000001,439.0,308.0,143.0,296.6666666666667,507.0
2017-03-01,Ratnapura,507.0,3,1.0,6.123233995736766e-17,360.0,439.0,308.0,369.0,519.0
2017-04-01,Ratnapura,519.0,4,0.8660254037844387,-0.4999999999999998,507.0,360.0,439.0,435.3333333333333,1161.0
2017-05-01,Ratnapura,1161.0,5,0.49999999999999994,-0.8660254037844387,519.0,507.0,360.0,462.0,1908.0
2017-06-01,Ratnapura,1908.0,6,1.2246467991473532e-16,-1.0,1161.0,519.0,507.0,729.0,3175.0
2017-07-01,Ratnapura,3175.0,7,-0.4999999999999997,-0.8660254037844388,1908.0,1161.0,519.0,1196.0,1661.0
2017-08-01,Ratnapura,1661.0,8,-0.8660254037844385,-0.5000000000000004,3175.0,1908.0,1161.0,2081.3333333333335,740.0
2017-09-01,Ratnapura,740.0,9,-1.0,-1.8369701987210297e-16,1661.0,3175.0,1908.0,2248.0,265.0
2017-10-01,Ratnapura,265.0,10,-0.8660254037844386,0.5000000000000001,740.0,1661.0,3175.0,1858.6666666666667,255.0
2017-11-01,Ratnapura,255.0,11,-0.5000000000000004,0.8660254037844384,265.0,740.0,1661.0,888.6666666666666,306.0
2017-12-01,Ratnapura,306.0,12,-2.4492935982947064e-16,1.0,255.0,265.0,740.0,420.0,178.0
2018-01-01,Ratnapura,178.0,1,0.49999999999999994,0.8660254037844387,306.0,255.0,265.0,275.3333333333333,199.0
2018-02-01,Ratnapura,199.0,2,0.8660254037844386,0.5000000000000001,178.0,306.0,255.0,246.33333333333334,154.0
2018-03-01,Ratnapura,154.0,3,1.0,6.123233995736766e-17,199.0,178.0,306.0,227.66666666666666,169.0
2018-04-01,Ratnapura,169.0,4,0.8660254037844387,-0.4999999999999998,154.0,199.0,178.0,177.0,259.0
2018-05-01,Ratnapura,259.0,5,0.49999999999999994,-0.8660254037844387,169.0,154.0,199.0,174.0,229.0
2018-06-01,Ratnapura,229.0,6,1.2246467991473532e-16,-1.0,259.0,169.0,154.0,194.0,373.0
2018-07-01,Ratnapura,373.0,7,-0.4999999999999997,-0.8660254037844388,229.0,259.0,169.0,219.0,207.0
2018-08-01,Ratnapura,207.0,8,-0.8660254037844385,-0.5000000000000004,373.0,229.0,259.0,287.0,78.0
2018-09-01,Ratnapura,78.0,9,-1.0,-1.8369701987210297e-16,207.0,373.0,229.0,269.6666666666667,79.0
2018-10-01,Ratnapura,79.0,10,-0.8660254037844386,0.5000000000000001,78.0,207.0,373.0,219.33333333333334,163.0
2018-11-01,Ratnapura,163.0,11,-0.5000000000000004,0.8660254037844384,79.0,78.0,207.0,121.33333333333333,158.0
2018-12-01,Ratnapura,158.0,12,-2.4492935982947064e-16,1.0,163.0,79.0,78.0,106.66666666666667,177.0
2019-01-01,Ratnapura,177.0,1,0.49999999999999994,0.8660254037844387,158.0,163.0,79.0,133.33333333333334,165.0
2019-02-01,Ratnapura,165.0,2,0.8660254037844386,0.5000000000000001,177.0,158.0,163.0,166.0,210.0
2019-03-01,Ratnapura,210.0,3,1.0,6.123233995736766e-17,165.0,177.0,158.0,166.66666666666666,176.0
2019-04-01,Ratnapura,176.0,4,0.8660254037844387,-0.4999999999999998,210.0,165.0,177.0,184.0,235.0
2019-05-01,Ratnapura,235.0,5,0.49999999999999994,-0.8660254037844387,176.0,210.0,165.0,183.66666666666666,347.0
2019-06-01,Ratnapura,347.0,6,1.2246467991473532e-16,-1.0,235.0,176.0,210.0,207.0,354.0
2019-07-01,Ratnapura,354.0,7,-0.4999999999999997,-0.8660254037844388,347.0,235.0,176.0,252.66666666666666,439.0
2019-08-01,Ratnapura,439.0,8,-0.8660254037844385,-0.5000000000000004,354.0,347.0,235.0,312.0,415.0
2019-09-01,Ratnapura,415.0,9,-1.0,-1.8369701987210297e-16,439.0,354.0,347.0,380.0,425.0
2019-10-01,Ratnapura,425.0,10,-0.8660254037844386,0.5000000000000001,415.0,439.0,354.0,402.6666666666667,687.0
2019-11-01,Ratnapura,687.0,11,-0.5000000000000004,0.8660254037844384,425.0,415.0,439.0,426.3333333333333,456.0
2019-12-01,Ratnapura,456.0,12,-2.4492935982947064e-16,1.0,687.0,425.0,415.0,509.0,296.0
2020-01-01,Ratnapura,296.0,1,0.49999999999999994,0.8660254037844387,456.0,687.0,425.0,522.6666666666666,206.0
2020-02-01,Ratnapura,206.0,2,0.8660254037844386,0.5000000000000001,296.0,456.0,687.0,479.6666666666667,69.0
2020-03-01,Ratnapura,69.0,3,1.0,6.123233995736766e-17,206.0,296.0,456.0,319.3333333333333,47.0
2020-04-01,Ratnapura,47.0,4,0.8660254037844387,-0.4999999999999998,69.0,206.0,296.0,190.33333333333334,223.0
2020-05-01,Ratnapura,223.0,5,0.49999999999999994,-0.8660254037844387,47.0,69.0,206.0,107.33333333333333,398.0
2020-06-01,Ratnapura,398.0,6,1.2246467991473532e-16,-1.0,223.0,47.0,69.0,113.0,381.0
2020-07-01,Ratnapura,381.0,7,-0.4999999999999997,-0.8660254037844388,398.0,223.0,47.0,222.66666666666666,174.0
2020-08-01,Ratnapura,174.0,8,-0.8660254037844385,-0.5000000000000004,381.0,398.0,223.0,334.0,90.0
2020-09-01,Ratnapura,90.0,9,-1.0,-1.8369701987210297e-16,174.0,381.0,398.0,317.6666666666667,65.0
2020-10-01,Ratnapura,65.0,10,-0.8660254037844386,0.5000000000000001,90.0,174.0,381.0,215.0,47.0
2020-11-01,Ratnapura,47.0,11,-0.5000000000000004,0.8660254037844384,65.0,90.0,174.0,109.66666666666667,18.0
2020-12-01,Ratnapura,18.0,12,-2.4492935982947064e-16,1.0,47.0,65.0,90.0,67.33333333333333,38.0
2021-01-01,Ratnapura,38.0,1,0.49999999999999994,0.8660254037844387,18.0,47.0,65.0,43.333333333333336,44.0
2021-02-01,Ratnapura,44.0,2,0.8660254037844386,0.5000000000000001,38.0,18.0,47.0,34.333333333333336,90.0
2021-03-01,Ratnapura,90.0,3,1.0,6.123233995736766e-17,44.0,38.0,18.0,33.333333333333336,60.0
2021-04-01,Ratnapura,60.0,4,0.8660254037844387,-0.4999999999999998,90.0,44.0,38.0,57.333333333333336,34.0
2021-05-01,Ratnapura,34.0,5,0.49999999999999994,-0.8660254037844387,60.0,90.0,44.0,64.66666666666667,21.0
2021-06-01,Ratnapura,21.0,6,1.2246467991473532e-16,-1.0,34.0,60.0,90.0,61.333333333333336,54.0
2021-07-01,Ratnapura,54.0,7,-0.4999999999999997,-0.8660254037844388,21.0,34.0,60.0,38.333333333333336,1.0
2021-08-01,Ratnapura,1.0,8,-0.8660254037844385,-0.5000000000000004,54.0,21.0,34.0,36.333333333333336,0.0
2021-09-01,Ratnapura,0.0,9,-1.0,-1.8369701987210297e-16,1.0,54.0,21.0,25.333333333333332,0.0
2021-10-01,Ratnapura,0.0,10,-0.8660254037844386,0.5000000000000001,0.0,1.0,54.0,18.333333333333332,0.0
2021-11-01,Ratnapura,0.0,11,-0.5000000000000004,0.8660254037844384,0.0,0.0,1.0,0.3333333333333333,0.0
2010-04-01,Trincomalee,60.0,4,0.8660254037844387,-0.4999999999999998,145.0,283.0,233.0,220.33333333333334,22.0
2010-05-01,Trincomalee,22.0,5,0.49999999999999994,-0.8660254037844387,60.0,145.0,283.0,162.66666666666666,38.0
2010-06-01,Trincomalee,38.0,6,1.2246467991473532e-16,-1.0,22.0,60.0,145.0,75.66666666666667,89.0
2010-07-01,Trincomalee,89.0,7,-0.4999999999999997,-0.8660254037844388,38.0,22.0,60.0,40.0,46.0
2010-08-01,Trincomalee,46.0,8,-0.8660254037844385,-0.5000000000000004,89.0,38.0,22.0,49.666666666666664,21.0
2010-09-01,Trincomalee,21.0,9,-1.0,-1.8369701987210297e-16,46.0,89.0,38.0,57.666666666666664,17.0
2010-10-01,Trincomalee,17.0,10,-0.8660254037844386,0.5000000000000001,21.0,46.0,89.0,52.0,11.0
2010-11-01,Trincomalee,11.0,11,-0.5000000000000004,0.8660254037844384,17.0,21.0,46.0,28.0,22.0
2010-12-01,Trincomalee,22.0,12,-2.4492935982947064e-16,1.0,11.0,17.0,21.0,16.333333333333332,7.0
2011-01-01,Trincomalee,7.0,1,0.49999999999999994,0.8660254037844387,22.0,11.0,17.0,16.666666666666668,17.0
2011-02-01,Trincomalee,17.0,2,0.8660254037844386,0.5000000000000001,7.0,22.0,11.0,13.333333333333334,25.0
2011-03-01,Trincomalee,25.0,3,1.0,6.123233995736766e-17,17.0,7.0,22.0,15.333333333333334,25.0
2011-04-01,Trincomalee,25.0,4,0.8660254037844387,-0.4999999999999998,25.0,17.0,7.0,16.333333333333332,12.0
2011-05-01,Trincomalee,12.0,5,0.49999999999999994,-0.8660254037844387,25.0,25.0,17.0,22.333333333333332,19.0
2011-06-01,Trincomalee,19.0,6,1.2246467991473532e-16,-1.0,12.0,25.0,25.0,20.666666666666668,21.0
2011-07-01,Trincomalee,21.0,7,-0.4999999999999997,-0.8660254037844388,19.0,12.0,25.0,18.666666666666668,6.0
2011-08-01,Trincomalee,6.0,8,-0.8660254037844385,-0.5000000000000004,21.0,19.0,12.0,17.333333333333332,10.0
2011-09-01,Trincomalee,10.0,9,-1.0,-1.8369701987210297e-16,6.0,21.0,19.0,15.333333333333334,3.0
2011-10-01,Trincomalee,3.0,10,-0.8660254037844386,0.5000000000000001,10.0,6.0,21.0,12.333333333333334,8.0
2011-11-01,Trincomalee,8.0,11,-0.5000000000000004,0.8660254037844384,3.0,10.0,6.0,6.333333333333333,24.0
2011-12-01,Trincomalee,24.0,12,-2.4492935982947064e-16,1.0,8.0,3.0,10.0,7.0,23.0
2012-01-01,Trincomalee,23.0,1,0.49999999999999994,0.8660254037844387,24.0,8.0,3.0,11.666666666666666,23.0
2012-02-01,Trincomalee,23.0,2,0.8660254037844386,0.5000000000000001,23.0,24.0,8.0,18.333333333333332,26.0
2012-03-01,Trincomalee,26.0,3,1.0,6.123233995736766e-17,23.0,23.0,24.0,23.333333333333332,6.0
2012-04-01,Trincomalee,6.0,4,0.8660254037844387,-0.4999999999999998,26.0,23.0,23.0,24.0,8.0
2012-05-01,Trincomalee,8.0,5,0.49999999999999994,-0.8660254037844387,6.0,26.0,23.0,18.333333333333332,16.0
2012-06-01,Trincomalee,16.0,6,1.2246467991473532e-16,-1.0,8.0,6.0,26.0,13.333333333333334,8.0
2012-07-01,Trincomalee,8.0,7,-0.4999999999999997,-0.8660254037844388,16.0,8.0,6.0,10.0,13.0
2012-08-01,Trincomalee,13.0,8,-0.8660254037844385,-0.5000000000000004,8.0,16.0,8.0,10.666666666666666,7.0
2012-09-01,Trincomalee,7.0,9,-1.0,-1.8369701987210297e-16,13.0,8.0,16.0,12.333333333333334,5.0
2012-10-01,Trincomalee,5.0,10,-0.8660254037844386,0.5000000000000001,7.0,13.0,8.0,9.333333333333334,15.0
2012-11-01,Trincomalee,15.0,11,-0.5000000000000004,0.8660254037844384,5.0,7.0,13.0,8.333333333333334,18.0
2012-12-01,Trincomalee,18.0,12,-2.4492935982947064e-16,1.0,15.0,5.0,7.0,9.0,25.0
2013-01-01,Trincomalee,25.0,1,0.49999999999999994,0.8660254037844387,18.0,15.0,5.0,12.666666666666666,45.0
2013-02-01,Trincomalee,45.0,2,0.8660254037844386,0.5000000000000001,25.0,18.0,15.0,19.333333333333332,31.0
2013-03-01,Trincomalee,31.0,3,1.0,6.123233995736766e-17,45.0,25.0,18.0,29.333333333333332,23.0
2013-04-01,Trincomalee,23.0,4,0.8660254037844387,-0.4999999999999998,31.0,45.0,25.0,33.666666666666664,20.0
2013-05-01,Trincomalee,20.0,5,0.49999999999999994,-0.8660254037844387,23.0,31.0,45.0,33.0,5.0
2013-06-01,Trincomalee,5.0,6,1.2246467991473532e-16,-1.0,20.0,23.0,31.0,24.666666666666668,15.0
2013-07-01,Trincomalee,15.0,7,-0.4999999999999997,-0.8660254037844388,5.0,20.0,23.0,16.0,13.0
2013-08-01,Trincomalee,13.0,8,-0.8660254037844385,-0.5000000000000004,15.0,5.0,20.0,13.333333333333334,5.0
2013-09-01,Trincomalee,5.0,9,-1.0,-1.8369701987210297e-16,13.0,15.0,5.0,11.0,4.0
2013-10-01,Trincomalee,4.0,10,-0.8660254037844386,0.5000000000000001,5.0,13.0,15.0,11.0,7.0
2013-11-01,Trincomalee,7.0,11,-0.5000000000000004,0.8660254037844384,4.0,5.0,13.0,7.333333333333333,14.0
2013-12-01,Trincomalee,14.0,12,-2.4492935982947064e-16,1.0,7.0,4.0,5.0,5.333333333333333,52.0
2014-01-01,Trincomalee,52.0,1,0.49999999999999994,0.8660254037844387,14.0,7.0,4.0,8.333333333333334,38.0
2014-02-01,Trincomalee,38.0,2,0.8660254037844386,0.5000000000000001,52.0,14.0,7.0,24.333333333333332,77.0
2014-03-01,Trincomalee,77.0,3,1.0,6.123233995736766e-17,38.0,52.0,14.0,34.666666666666664,115.0
2014-04-01,Trincomalee,115.0,4,0.8660254037844387,-0.4999999999999998,77.0,38.0,52.0,55.666666666666664,100.0
2014-05-01,Trincomalee,100.0,5,0.49999999999999994,-0.8660254037844387,115.0,77.0,38.0,76.66666666666667,55.0
2014-06-01,Trincomalee,55.0,6,1.2246467991473532e-16,-1.0,100.0,115.0,77.0,97.33333333333333,34.0
2014-07-01,Trincomalee,34.0,7,-0.4999999999999997,-0.8660254037844388,55.0,100.0,115.0,90.0,18.0
2014-08-01,Trincomalee,18.0,8,-0.8660254037844385,-0.5000000000000004,34.0,55.0,100.0,63.0,16.0
2014-09-01,Trincomalee,16.0,9,-1.0,-1.8369701987210297e-16,18.0,34.0,55.0,35.666666666666664,22.0
2014-10-01,Trincomalee,22.0,10,-0.8660254037844386,0.5000000000000001,16.0,18.0,34.0,22.666666666666668,55.0
2014-11-01,Trincomalee,55.0,11,-0.5000000000000004,0.8660254037844384,22.0,16.0,18.0,18.666666666666668,79.0
2014-12-01,Trincomalee,79.0,12,-2.4492935982947064e-16,1.0,55.0,22.0,16.0,31.0,131.0
2015-01-01,Trincomalee,131.0,1,0.49999999999999994,0.8660254037844387,79.0,55.0,22.0,52.0,96.0
2015-02-01,Trincomalee,96.0,2,0.8660254037844386,0.5000000000000001,131.0,79.0,55.0,88.33333333333333,59.0
2015-03-01,Trincomalee,59.0,3,1.0,6.123233995736766e-17,96.0,131.0,79.0,102.0,81.0
2015-04-01,Trincomalee,81.0,4,0.8660254037844387,-0.4999999999999998,59.0,96.0,131.0,95.33333333333333,65.0
2015-05-01,Trincomalee,65.0,5,0.49999999999999994,-0.8660254037844387,81.0,59.0,96.0,78.66666666666667,39.0
2015-06-01,Trincomalee,39.0,6,1.2246467991473532e-16,-1.0,65.0,81.0,59.0,68.33333333333333,30.0
2015-07-01,Trincomalee,30.0,7,-0.4999999999999997,-0.8660254037844388,39.0,65.0,81.0,61.666666666666664,9.0
2015-08-01,Trincomalee,9.0,8,-0.8660254037844385,-0.5000000000000004,30.0,39.0,65.0,44.666666666666664,8.0
2015-09-01,Trincomalee,8.0,9,-1.0,-1.8369701987210297e-16,9.0,30.0,39.0,26.0,6.0
2015-10-01,Trincomalee,6.0,10,-0.8660254037844386,0.5000000000000001,8.0,9.0,30.0,15.666666666666666,15.0
2015-11-01,Trincomalee,15.0,11,-0.5000000000000004,0.8660254037844384,6.0,8.0,9.0,7.666666666666667,48.0
2015-12-01,Trincomalee,48.0,12,-2.4492935982947064e-16,1.0,15.0,6.0,8.0,9.666666666666666,102.0
2016-01-01,Trincomalee,102.0,1,0.49999999999999994,0.8660254037844387,48.0,15.0,6.0,23.0,59.0
2016-02-01,Trincomalee,59.0,2,0.8660254037844386,0.5000000000000001,102.0,48.0,15.0,55.0,42.0
2016-03-01,Trincomalee,42.0,3,1.0,6.123233995736766e-17,59.0,102.0,48.0,69.66666666666667,32.0
2016-04-01,Trincomalee,32.0,4,0.8660254037844387,-0.4999999999999998,42.0,59.0,102.0,67.66666666666667,28.0
2016-05-01,Trincomalee,28.0,5,0.49999999999999994,-0.8660254037844387,32.0,42.0,59.0,44.333333333333336,25.0
2016-06-01,Trincomalee,25.0,6,1.2246467991473532e-16,-1.0,28.0,32.0,42.0,34.0,35.0
2016-07-01,Trincomalee,35.0,7,-0.4999999999999997,-0.8660254037844388,25.0,28.0,32.0,28.333333333333332,17.0
2016-08-01,Trincomalee,17.0,8,-0.8660254037844385,-0.5000000000000004,35.0,25.0,28.0,29.333333333333332,14.0
2016-09-01,Trincomalee,14.0,9,-1.0,-1.8369701987210297e-16,17.0,35.0,25.0,25.666666666666668,9.0
2016-10-01,Trincomalee,9.0,10,-0.8660254037844386,0.5000000000000001,14.0,17.0,35.0,22.0,8.0
2016-11-01,Trincomalee,8.0,11,-0.5000000000000004,0.8660254037844384,9.0,14.0,17.0,13.333333333333334,132.0
2016-12-01,Trincomalee,132.0,12,-2.4492935982947064e-16,1.0,8.0,9.0,14.0,10.333333333333334,387.0
2017-01-01,Trincomalee,387.0,1,0.49999999999999994,0.8660254037844387,132.0,8.0,9.0,49.666666666666664,661.0
2017-02-01,Trincomalee,661.0,2,0.8660254037844386,0.5000000000000001,387.0,132.0,8.0,175.66666666666666,2114.0
2017-03-01,Trincomalee,2114.0,3,1.0,6.123233995736766e-17,661.0,387.0,132.0,393.3333333333333,936.0
2017-04-01,Trincomalee,936.0,4,0.8660254037844387,-0.4999999999999998,2114.0,661.0,387.0,1054.0,158.0
2017-05-01,Trincomalee,158.0,5,0.49999999999999994,-0.8660254037844387,936.0,2114.0,661.0,1237.0,136.0
2017-06-01,Trincomalee,136.0,6,1.2246467991473532e-16,-1.0,158.0,936.0,2114.0,1069.3333333333333,154.0
2017-07-01,Trincomalee,154.0,7,-0.4999999999999997,-0.8660254037844388,136.0,158.0,936.0,410.0,99.0
2017-08-01,Trincomalee,99.0,8,-0.8660254037844385,-0.5000000000000004,154.0,136.0,158.0,149.33333333333334,68.0
2017-09-01,Trincomalee,68.0,9,-1.0,-1.8369701987210297e-16,99.0,154.0,136.0,129.66666666666666,70.0
2017-10-01,Trincomalee,70.0,10,-0.8660254037844386,0.5000000000000001,68.0,99.0,154.0,107.0,105.0
2017-11-01,Trincomalee,105.0,11,-0.5000000000000004,0.8660254037844384,70.0,68.0,99.0,79.0,120.0
2017-12-01,Trincomalee,120.0,12,-2.4492935982947064e-16,1.0,105.0,70.0,68.0,81.0,100.0
2018-01-01,Trincomalee,100.0,1,0.49999999999999994,0.8660254037844387,120.0,105.0,70.0,98.33333333333333,91.0
2018-02-01,Trincomalee,91.0,2,0.8660254037844386,0.5000000000000001,100.0,120.0,105.0,108.33333333333333,63.0
2018-03-01,Trincomalee,63.0,3,1.0,6.123233995736766e-17,91.0,100.0,120.0,103.66666666666667,65.0
2018-04-01,Trincomalee,65.0,4,0.8660254037844387,-0.4999999999999998,63.0,91.0,100.0,84.66666666666667,119.0
2018-05-01,Trincomalee,119.0,5,0.49999999999999994,-0.8660254037844387,65.0,63.0,91.0,73.0,218.0
2018-06-01,Trincomalee,218.0,6,1.2246467991473532e-16,-1.0,119.0,65.0,63.0,82.33333333333333,175.0
2018-07-01,Trincomalee,175.0,7,-0.4999999999999997,-0.8660254037844388,218.0,119.0,65.0,134.0,75.0
2018-08-01,Trincomalee,75.0,8,-0.8660254037844385,-0.5000000000000004,175.0,218.0,119.0,170.66666666666666,23.0
2018-09-01,Trincomalee,23.0,9,-1.0,-1.8369701987210297e-16,75.0,175.0,218.0,156.0,13.0
2018-10-01,Trincomalee,13.0,10,-0.8660254037844386,0.5000000000000001,23.0,75.0,175.0,91.0,97.0
2018-11-01,Trincomalee,97.0,11,-0.5000000000000004,0.8660254037844384,13.0,23.0,75.0,37.0,176.0
2018-12-01,Trincomalee,176.0,12,-2.4492935982947064e-16,1.0,97.0,13.0,23.0,44.333333333333336,157.0
2019-01-01,Trincomalee,157.0,1,0.49999999999999994,0.8660254037844387,176.0,97.0,13.0,95.33333333333333,106.0
2019-02-01,Trincomalee,106.0,2,0.8660254037844386,0.5000000000000001,157.0,176.0,97.0,143.33333333333334,164.0
2019-03-01,Trincomalee,164.0,3,1.0,6.123233995736766e-17,106.0,157.0,176.0,146.33333333333334,148.0
2019-04-01,Trincomalee,148.0,4,0.8660254037844387,-0.4999999999999998,164.0,106.0,157.0,142.33333333333334,108.0
2019-05-01,Trincomalee,108.0,5,0.49999999999999994,-0.8660254037844387,148.0,164.0,106.0,139.33333333333334,97.0
2019-06-01,Trincomalee,97.0,6,1.2246467991473532e-16,-1.0,108.0,148.0,164.0,140.0,105.0
2019-07-01,Trincomalee,105.0,7,-0.4999999999999997,-0.8660254037844388,97.0,108.0,148.0,117.66666666666667,52.0
2019-08-01,Trincomalee,52.0,8,-0.8660254037844385,-0.5000000000000004,105.0,97.0,108.0,103.33333333333333,45.0
2019-09-01,Trincomalee,45.0,9,-1.0,-1.8369701987210297e-16,52.0,105.0,97.0,84.66666666666667,85.0
2019-10-01,Trincomalee,85.0,10,-0.8660254037844386,0.5000000000000001,45.0,52.0,105.0,67.33333333333333,536.0
2019-11-01,Trincomalee,536.0,11,-0.5000000000000004,0.8660254037844384,85.0,45.0,52.0,60.666666666666664,1366.0
2019-12-01,Trincomalee,1366.0,12,-2.4492935982947064e-16,1.0,536.0,85.0,45.0,222.0,1455.0
2020-01-01,Trincomalee,1455.0,1,0.49999999999999994,0.8660254037844387,1366.0,536.0,85.0,662.3333333333334,569.0
2020-02-01,Trincomalee,569.0,2,0.8660254037844386,0.5000000000000001,1455.0,1366.0,536.0,1119.0,143.0
2020-03-01,Trincomalee,143.0,3,1.0,6.123233995736766e-17,569.0,1455.0,1366.0,1130.0,40.0
2020-04-01,Trincomalee,40.0,4,0.8660254037844387,-0.4999999999999998,143.0,569.0,1455.0,722.3333333333334,33.0
2020-05-01,Trincomalee,33.0,5,0.49999999999999994,-0.8660254037844387,40.0,143.0,569.0,250.66666666666666,13.0
2020-06-01,Trincomalee,13.0,6,1.2246467991473532e-16,-1.0,33.0,40.0,143.0,72.0,17.0
2020-07-01,Trincomalee,17.0,7,-0.4999999999999997,-0.8660254037844388,13.0,33.0,40.0,28.666666666666668,5.0
2020-08-01,Trincomalee,5.0,8,-0.8660254037844385,-0.5000000000000004,17.0,13.0,33.0,21.0,3.0
2020-09-01,Trincomalee,3.0,9,-1.0,-1.8369701987210297e-16,5.0,17.0,13.0,11.666666666666666,5.0
2020-10-01,Trincomalee,5.0,10,-0.8660254037844386,0.5000000000000001,3.0,5.0,17.0,8.333333333333334,5.0
2020-11-01,Trincomalee,5.0,11,-0.5000000000000004,0.8660254037844384,5.0,3.0,5.0,4.333333333333333,8.0
2020-12-01,Trincomalee,8.0,12,-2.4492935982947064e-16,1.0,5.0,5.0,3.0,4.333333333333333,13.0
2021-01-01,Trincomalee,13.0,1,0.49999999999999994,0.8660254037844387,8.0,5.0,5.0,6.0,33.0
2021-02-01,Trincomalee,33.0,2,0.8660254037844386,0.5000000000000001,13.0,8.0,5.0,8.666666666666666,26.0
2021-03-01,Trincomalee,26.0,3,1.0,6.123233995736766e-17,33.0,13.0,8.0,18.0,18.0
2021-04-01,Trincomalee,18.0,4,0.8660254037844387,-0.4999999999999998,26.0,33.0,13.0,24.0,3.0
2021-05-01,Trincomalee,3.0,5,0.49999999999999994,-0.8660254037844387,18.0,26.0,33.0,25.666666666666668,2.0
2021-06-01,Trincomalee,2.0,6,1.2246467991473532e-16,-1.0,3.0,18.0,26.0,15.666666666666666,1.0
2021-07-01,Trincomalee,1.0,7,-0.4999999999999997,-0.8660254037844388,2.0,3.0,18.0,7.666666666666667,0.0
2021-08-01,Trincomalee,0.0,8,-0.8660254037844385,-0.5000000000000004,1.0,2.0,3.0,2.0,0.0
2021-09-01,Trincomalee,0.0,9,-1.0,-1.8369701987210297e-16,0.0,1.0,2.0,1.0,0.0
2021-10-01,Trincomalee,0.0,10,-0.8660254037844386,0.5000000000000001,0.0,0.0,1.0,0.3333333333333333,0.0
2021-11-01,Trincomalee,0.0,11,-0.5000000000000004,0.8660254037844384,0.0,0.0,0.0,0.0,0.0
2010-04-01,Vavuniya,14.0,4,0.8660254037844387,-0.4999999999999998,40.0,91.0,336.0,155.66666666666666,6.0
2010-05-01,Vavuniya,6.0,5,0.49999999999999994,-0.8660254037844387,14.0,40.0,91.0,48.333333333333336,21.0
2010-06-01,Vavuniya,21.0,6,1.2246467991473532e-16,-1.0,6.0,14.0,40.0,20.0,27.0
2010-07-01,Vavuniya,27.0,7,-0.4999999999999997,-0.8660254037844388,21.0,6.0,14.0,13.666666666666666,22.0
2010-08-01,Vavuniya,22.0,8,-0.8660254037844385,-0.5000000000000004,27.0,21.0,6.0,18.0,12.0
2010-09-01,Vavuniya,12.0,9,-1.0,-1.8369701987210297e-16,22.0,27.0,21.0,23.333333333333332,3.0
2010-10-01,Vavuniya,3.0,10,-0.8660254037844386,0.5000000000000001,12.0,22.0,27.0,20.333333333333332,3.0
2010-11-01,Vavuniya,3.0,11,-0.5000000000000004,0.8660254037844384,3.0,12.0,22.0,12.333333333333334,4.0
2010-12-01,Vavuniya,4.0,12,-2.4492935982947064e-16,1.0,3.0,3.0,12.0,6.0,13.0
2011-01-01,Vavuniya,13.0,1,0.49999999999999994,0.8660254037844387,4.0,3.0,3.0,3.3333333333333335,3.0
2011-02-01,Vavuniya,3.0,2,0.8660254037844386,0.5000000000000001,13.0,4.0,3.0,6.666666666666667,15.0
2011-03-01,Vavuniya,15.0,3,1.0,6.123233995736766e-17,3.0,13.0,4.0,6.666666666666667,5.0
2011-04-01,Vavuniya,5.0,4,0.8660254037844387,-0.4999999999999998,15.0,3.0,13.0,10.333333333333334,7.0
2011-05-01,Vavuniya,7.0,5,0.49999999999999994,-0.8660254037844387,5.0,15.0,3.0,7.666666666666667,11.0
2011-06-01,Vavuniya,11.0,6,1.2246467991473532e-16,-1.0,7.0,5.0,15.0,9.0,8.0
2011-07-01,Vavuniya,8.0,7,-0.4999999999999997,-0.8660254037844388,11.0,7.0,5.0,7.666666666666667,2.0
2011-08-01,Vavuniya,2.0,8,-0.8660254037844385,-0.5000000000000004,8.0,11.0,7.0,8.666666666666666,3.0
2011-09-01,Vavuniya,3.0,9,-1.0,-1.8369701987210297e-16,2.0,8.0,11.0,7.0,3.0
2011-10-01,Vavuniya,3.0,10,-0.8660254037844386,0.5000000000000001,3.0,2.0,8.0,4.333333333333333,4.0
2011-11-01,Vavuniya,4.0,11,-0.5000000000000004,0.8660254037844384,3.0,3.0,2.0,2.6666666666666665,7.0
2011-12-01,Vavuniya,7.0,12,-2.4492935982947064e-16,1.0,4.0,3.0,3.0,3.3333333333333335,13.0
2012-01-01,Vavuniya,13.0,1,0.49999999999999994,0.8660254037844387,7.0,4.0,3.0,4.666666666666667,5.0
2012-02-01,Vavuniya,5.0,2,0.8660254037844386,0.5000000000000001,13.0,7.0,4.0,8.0,5.0
2012-03-01,Vavuniya,5.0,3,1.0,6.123233995736766e-17,5.0,13.0,7.0,8.333333333333334,2.0
2012-04-01,Vavuniya,2.0,4,0.8660254037844387,-0.4999999999999998,5.0,5.0,13.0,7.666666666666667,5.0
2012-05-01,Vavuniya,5.0,5,0.49999999999999994,-0.8660254037844387,2.0,5.0,5.0,4.0,2.0
2012-06-01,Vavuniya,2.0,6,1.2246467991473532e-16,-1.0,5.0,2.0,5.0,4.0,3.0
2012-07-01,Vavuniya,3.0,7,-0.4999999999999997,-0.8660254037844388,2.0,5.0,2.0,3.0,16.0
2012-08-01,Vavuniya,16.0,8,-0.8660254037844385,-0.5000000000000004,3.0,2.0,5.0,3.3333333333333335,20.0
2012-09-01,Vavuniya,20.0,9,-1.0,-1.8369701987210297e-16,16.0,3.0,2.0,7.0,13.0
2012-10-01,Vavuniya,13.0,10,-0.8660254037844386,0.5000000000000001,20.0,16.0,3.0,13.0,9.0
2012-11-01,Vavuniya,9.0,11,-0.5000000000000004,0.8660254037844384,13.0,20.0,16.0,16.333333333333332,11.0
2012-12-01,Vavuniya,11.0,12,-2.4492935982947064e-16,1.0,9.0,13.0,20.0,14.0,11.0
2013-01-01,Vavuniya,11.0,1,0.49999999999999994,0.8660254037844387,11.0,9.0,13.0,11.0,8.0
2013-02-01,Vavuniya,8.0,2,0.8660254037844386,0.5000000000000001,11.0,11.0,9.0,10.333333333333334,12.0
2013-03-01,Vavuniya,12.0,3,1.0,6.123233995736766e-17,8.0,11.0,11.0,10.0,3.0
2013-04-01,Vavuniya,3.0,4,0.8660254037844387,-0.4999999999999998,12.0,8.0,11.0,10.333333333333334,8.0
2013-05-01,Vavuniya,8.0,5,0.49999999999999994,-0.8660254037844387,3.0,12.0,8.0,7.666666666666667,6.0
2013-06-01,Vavuniya,6.0,6,1.2246467991473532e-16,-1.0,8.0,3.0,12.0,7.666666666666667,7.0
2013-07-01,Vavuniya,7.0,7,-0.4999999999999997,-0.8660254037844388,6.0,8.0,3.0,5.666666666666667,4.0
2013-08-01,Vavuniya,4.0,8,-0.8660254037844385,-0.5000000000000004,7.0,6.0,8.0,7.0,4.0
2013-09-01,Vavuniya,4.0,9,-1.0,-1.8369701987210297e-16,4.0,7.0,6.0,5.666666666666667,5.0
2013-10-01,Vavuniya,5.0,10,-0.8660254037844386,0.5000000000000001,4.0,4.0,7.0,5.0,10.0
2013-11-01,Vavuniya,10.0,11,-0.5000000000000004,0.8660254037844384,5.0,4.0,4.0,4.333333333333333,15.0
2013-12-01,Vavuniya,15.0,12,-2.4492935982947064e-16,1.0,10.0,5.0,4.0,6.333333333333333,6.0
2014-01-01,Vavuniya,6.0,1,0.49999999999999994,0.8660254037844387,15.0,10.0,5.0,10.0,12.0
2014-02-01,Vavuniya,12.0,2,0.8660254037844386,0.5000000000000001,6.0,15.0,10.0,10.333333333333334,14.0
2014-03-01,Vavuniya,14.0,3,1.0,6.123233995736766e-17,12.0,6.0,15.0,11.0,9.0
2014-04-01,Vavuniya,9.0,4,0.8660254037844387,-0.4999999999999998,14.0,12.0,6.0,10.666666666666666,6.0
2014-05-01,Vavuniya,6.0,5,0.49999999999999994,-0.8660254037844387,9.0,14.0,12.0,11.666666666666666,33.0
2014-06-01,Vavuniya,33.0,6,1.2246467991473532e-16,-1.0,6.0,9.0,14.0,9.666666666666666,16.0
2014-07-01,Vavuniya,16.0,7,-0.4999999999999997,-0.8660254037844388,33.0,6.0,9.0,16.0,5.0
2014-08-01,Vavuniya,5.0,8,-0.8660254037844385,-0.5000000000000004,16.0,33.0,6.0,18.333333333333332,4.0
2014-09-01,Vavuniya,4.0,9,-1.0,-1.8369701987210297e-16,5.0,16.0,33.0,18.0,7.0
2014-10-01,Vavuniya,7.0,10,-0.8660254037844386,0.5000000000000001,4.0,5.0,16.0,8.333333333333334,14.0
2014-11-01,Vavuniya,14.0,11,-0.5000000000000004,0.8660254037844384,7.0,4.0,5.0,5.333333333333333,16.0
2014-12-01,Vavuniya,16.0,12,-2.4492935982947064e-16,1.0,14.0,7.0,4.0,8.333333333333334,32.0
2015-01-01,Vavuniya,32.0,1,0.49999999999999994,0.8660254037844387,16.0,14.0,7.0,12.333333333333334,15.0
2015-02-01,Vavuniya,15.0,2,0.8660254037844386,0.5000000000000001,32.0,16.0,14.0,20.666666666666668,8.0
2015-03-01,Vavuniya,8.0,3,1.0,6.123233995736766e-17,15.0,32.0,16.0,21.0,4.0
2015-04-01,Vavuniya,4.0,4,0.8660254037844387,-0.4999999999999998,8.0,15.0,32.0,18.333333333333332,15.0
2015-05-01,Vavuniya,15.0,5,0.49999999999999994,-0.8660254037844387,4.0,8.0,15.0,9.0,9.0
2015-06-01,Vavuniya,9.0,6,1.2246467991473532e-16,-1.0,15.0,4.0,8.0,9.0,5.0
2015-07-01,Vavuniya,5.0,7,-0.4999999999999997,-0.8660254037844388,9.0,15.0,4.0,9.333333333333334,4.0
2015-08-01,Vavuniya,4.0,8,-0.8660254037844385,-0.5000000000000004,5.0,9.0,15.0,9.666666666666666,11.0
2015-09-01,Vavuniya,11.0,9,-1.0,-1.8369701987210297e-16,4.0,5.0,9.0,6.0,19.0
2015-10-01,Vavuniya,19.0,10,-0.8660254037844386,0.5000000000000001,11.0,4.0,5.0,6.666666666666667,16.0
2015-11-01,Vavuniya,16.0,11,-0.5000000000000004,0.8660254037844384,19.0,11.0,4.0,11.333333333333334,59.0
2015-12-01,Vavuniya,59.0,12,-2.4492935982947064e-16,1.0,16.0,19.0,11.0,15.333333333333334,69.0
2016-01-01,Vavuniya,69.0,1,0.49999999999999994,0.8660254037844387,59.0,16.0,19.0,31.333333333333332,22.0
2016-02-01,Vavuniya,22.0,2,0.8660254037844386,0.5000000000000001,69.0,59.0,16.0,48.0,19.0
2016-03-01,Vavuniya,19.0,3,1.0,6.123233995736766e-17,22.0,69.0,59.0,50.0,26.0
2016-04-01,Vavuniya,26.0,4,0.8660254037844387,-0.4999999999999998,19.0,22.0,69.0,36.666666666666664,13.0
2016-05-01,Vavuniya,13.0,5,0.49999999999999994,-0.8660254037844387,26.0,19.0,22.0,22.333333333333332,7.0
2016-06-01,Vavuniya,7.0,6,1.2246467991473532e-16,-1.0,13.0,26.0,19.0,19.333333333333332,30.0
2016-07-01,Vavuniya,30.0,7,-0.4999999999999997,-0.8660254037844388,7.0,13.0,26.0,15.333333333333334,12.0
2016-08-01,Vavuniya,12.0,8,-0.8660254037844385,-0.5000000000000004,30.0,7.0,13.0,16.666666666666668,20.0
2016-09-01,Vavuniya,20.0,9,-1.0,-1.8369701987210297e-16,12.0,30.0,7.0,16.333333333333332,12.0
2016-10-01,Vavuniya,12.0,10,-0.8660254037844386,0.5000000000000001,20.0,12.0,30.0,20.666666666666668,5.0
2016-11-01,Vavuniya,5.0,11,-0.5000000000000004,0.8660254037844384,12.0,20.0,12.0,14.666666666666666,33.0
2016-12-01,Vavuniya,33.0,12,-2.4492935982947064e-16,1.0,5.0,12.0,20.0,12.333333333333334,58.0
2017-01-01,Vavuniya,58.0,1,0.49999999999999994,0.8660254037844387,33.0,5.0,12.0,16.666666666666668,76.0
2017-02-01,Vavuniya,76.0,2,0.8660254037844386,0.5000000000000001,58.0,33.0,5.0,32.0,143.0
2017-03-01,Vavuniya,143.0,3,1.0,6.123233995736766e-17,76.0,58.0,33.0,55.666666666666664,83.0
2017-04-01,Vavuniya,83.0,4,0.8660254037844387,-0.4999999999999998,143.0,76.0,58.0,92.33333333333333,65.0
2017-05-01,Vavuniya,65.0,5,0.49999999999999994,-0.8660254037844387,83.0,143.0,76.0,100.66666666666667,81.0
2017-06-01,Vavuniya,81.0,6,1.2246467991473532e-16,-1.0,65.0,83.0,143.0,97.0,137.0
2017-07-01,Vavuniya,137.0,7,-0.4999999999999997,-0.8660254037844388,81.0,65.0,83.0,76.33333333333333,92.0
2017-08-01,Vavuniya,92.0,8,-0.8660254037844385,-0.5000000000000004,137.0,81.0,65.0,94.33333333333333,52.0
2017-09-01,Vavuniya,52.0,9,-1.0,-1.8369701987210297e-16,92.0,137.0,81.0,103.33333333333333,48.0
2017-10-01,Vavuniya,48.0,10,-0.8660254037844386,0.5000000000000001,52.0,92.0,137.0,93.66666666666667,97.0
2017-11-01,Vavuniya,97.0,11,-0.5000000000000004,0.8660254037844384,48.0,52.0,92.0,64.0,143.0
2017-12-01,Vavuniya,143.0,12,-2.4492935982947064e-16,1.0,97.0,48.0,52.0,65.66666666666667,71.0
2018-01-01,Vavuniya,71.0,1,0.49999999999999994,0.8660254037844387,143.0,97.0,48.0,96.0,46.0
2018-02-01,Vavuniya,46.0,2,0.8660254037844386,0.5000000000000001,71.0,143.0,97.0,103.66666666666667,50.0
2018-03-01,Vavuniya,50.0,3,1.0,6.123233995736766e-17,46.0,71.0,143.0,86.66666666666667,24.0
2018-04-01,Vavuniya,24.0,4,0.8660254037844387,-0.4999999999999998,50.0,46.0,71.0,55.666666666666664,24.0
2018-05-01,Vavuniya,24.0,5,0.49999999999999994,-0.8660254037844387,24.0,50.0,46.0,40.0,89.0
2018-06-01,Vavuniya,89.0,6,1.2246467991473532e-16,-1.0,24.0,24.0,50.0,32.666666666666664,86.0
2018-07-01,Vavuniya,86.0,7,-0.4999999999999997,-0.8660254037844388,89.0,24.0,24.0,45.666666666666664,75.0
2018-08-01,Vavuniya,75.0,8,-0.8660254037844385,-0.5000000000000004,86.0,89.0,24.0,66.33333333333333,23.0
2018-09-01,Vavuniya,23.0,9,-1.0,-1.8369701987210297e-16,75.0,86.0,89.0,83.33333333333333,22.0
2018-10-01,Vavuniya,22.0,10,-0.8660254037844386,0.5000000000000001,23.0,75.0,86.0,61.333333333333336,43.0
2018-11-01,Vavuniya,43.0,11,-0.5000000000000004,0.8660254037844384,22.0,23.0,75.0,40.0,50.0
2018-12-01,Vavuniya,50.0,12,-2.4492935982947064e-16,1.0,43.0,22.0,23.0,29.333333333333332,41.0
2019-01-01,Vavuniya,41.0,1,0.49999999999999994,0.8660254037844387,50.0,43.0,22.0,38.333333333333336,44.0
2019-02-01,Vavuniya,44.0,2,0.8660254037844386,0.5000000000000001,41.0,50.0,43.0,44.666666666666664,57.0
2019-03-01,Vavuniya,57.0,3,1.0,6.123233995736766e-17,44.0,41.0,50.0,45.0,16.0
2019-04-01,Vavuniya,16.0,4,0.8660254037844387,-0.4999999999999998,57.0,44.0,41.0,47.333333333333336,15.0
2019-05-01,Vavuniya,15.0,5,0.49999999999999994,-0.8660254037844387,16.0,57.0,44.0,39.0,11.0
2019-06-01,Vavuniya,11.0,6,1.2246467991473532e-16,-1.0,15.0,16.0,57.0,29.333333333333332,17.0
2019-07-01,Vavuniya,17.0,7,-0.4999999999999997,-0.8660254037844388,11.0,15.0,16.0,14.0,15.0
2019-08-01,Vavuniya,15.0,8,-0.8660254037844385,-0.5000000000000004,17.0,11.0,15.0,14.333333333333334,28.0
2019-09-01,Vavuniya,28.0,9,-1.0,-1.8369701987210297e-16,15.0,17.0,11.0,14.333333333333334,60.0
2019-10-01,Vavuniya,60.0,10,-0.8660254037844386,0.5000000000000001,28.0,15.0,17.0,20.0,262.0
2019-11-01,Vavuniya,262.0,11,-0.5000000000000004,0.8660254037844384,60.0,28.0,15.0,34.333333333333336,306.0
2019-12-01,Vavuniya,306.0,12,-2.4492935982947064e-16,1.0,262.0,60.0,28.0,116.66666666666667,139.0
2020-01-01,Vavuniya,139.0,1,0.49999999999999994,0.8660254037844387,306.0,262.0,60.0,209.33333333333334,72.0
2020-02-01,Vavuniya,72.0,2,0.8660254037844386,0.5000000000000001,139.0,306.0,262.0,235.66666666666666,15.0
2020-03-01,Vavuniya,15.0,3,1.0,6.123233995736766e-17,72.0,139.0,306.0,172.33333333333334,5.0
2020-04-01,Vavuniya,5.0,4,0.8660254037844387,-0.4999999999999998,15.0,72.0,139.0,75.33333333333333,4.0
2020-05-01,Vavuniya,4.0,5,0.49999999999999994,-0.8660254037844387,5.0,15.0,72.0,30.666666666666668,4.0
2020-06-01,Vavuniya,4.0,6,1.2246467991473532e-16,-1.0,4.0,5.0,15.0,8.0,7.0
2020-07-01,Vavuniya,7.0,7,-0.4999999999999997,-0.8660254037844388,4.0,4.0,5.0,4.333333333333333,2.0
2020-08-01,Vavuniya,2.0,8,-0.8660254037844385,-0.5000000000000004,7.0,4.0,4.0,5.0,1.0
2020-09-01,Vavuniya,1.0,9,-1.0,-1.8369701987210297e-16,2.0,7.0,4.0,4.333333333333333,0.0
2020-10-01,Vavuniya,0.0,10,-0.8660254037844386,0.5000000000000001,1.0,2.0,7.0,3.3333333333333335,2.0
2020-11-01,Vavuniya,2.0,11,-0.5000000000000004,0.8660254037844384,0.0,1.0,2.0,1.0,1.0
2020-12-01,Vavuniya,1.0,12,-2.4492935982947064e-16,1.0,2.0,0.0,1.0,1.0,4.0
2021-01-01,Vavuniya,4.0,1,0.49999999999999994,0.8660254037844387,1.0,2.0,0.0,1.0,11.0
2021-02-01,Vavuniya,11.0,2,0.8660254037844386,0.5000000000000001,4.0,1.0,2.0,2.3333333333333335,7.0
2021-03-01,Vavuniya,7.0,3,1.0,6.123233995736766e-17,11.0,4.0,1.0,5.333333333333333,5.0
2021-04-01,Vavuniya,5.0,4,0.8660254037844387,-0.4999999999999998,7.0,11.0,4.0,7.333333333333333,3.0
2021-05-01,Vavuniya,3.0,5,0.49999999999999994,-0.8660254037844387,5.0,7.0,11.0,7.666666666666667,2.0
2021-06-01,Vavuniya,2.0,6,1.2246467991473532e-16,-1.0,3.0,5.0,7.0,5.0,3.0
2021-07-01,Vavuniya,3.0,7,-0.4999999999999997,-0.8660254037844388,2.0,3.0,5.0,3.3333333333333335,0.0
2021-08-01,Vavuniya,0.0,8,-0.8660254037844385,-0.5000000000000004,3.0,2.0,3.0,2.6666666666666665,0.0
2021-09-01,Vavuniya,0.0,9,-1.0,-1.8369701987210297e-16,0.0,3.0,2.0,1.6666666666666667,0.0
2021-10-01,Vavuniya,0.0,10,-0.8660254037844386,0.5000000000000001,0.0,0.0,3.0,1.0,0.0
2021-11-01,Vavuniya,0.0,11,-0.5000000000000004,0.8660254037844384,0.0,0.0,0.0,0.0,0.0
